0,0%,21303,9,602,154517.60462978733,2.4875366594629793,1.114878945632955,95,0.7621052631578946,18.522875429982605,119,362,14,3386
1,100%,21303,9,602,314732.0451872261,1.2212553882791046,1.2241191827539755,147,0.42448979591836794,1.1492364329977178,119,362,14,3386
2,0%,21303,9,602,155596.0325692201,13804.137325745522,1.100534932900253,98,0.7448979591836733,17.265143243322193,119,365,14,3386
3,100%,21303,9,602,317854.9726157495,6757.386814656557,1.2075944392050357,175,0.3771428571428579,1.1241172379109443,119,365,14,3386
4,0%,21303,9,602,155687.91087204256,2.4886714378162624,1.1090029986776528,99,0.7414141414141412,17.25746217692585,119,367,14,3386
5,100%,21303,9,602,316443.37616617157,1.2244088079665614,1.2067696697319135,171,0.382456140350878,1.154933085745455,119,367,14,3386
6,0%,21303,9,602,150534.06677735728,2.5131768685340687,1.1104473239078183,96,0.7499999999999997,17.264262553676275,119,360,14,3386
7,100%,21303,9,602,307612.6778822133,1.2298541697168854,1.2242174569213167,151,0.410596026490067,1.1329209763615182,119,360,14,3386
8,0%,21303,9,602,157942.80577360565,2.4758003185260784,1.1098612766188258,99,0.7414141414141412,19.712556479009905,119,367,14,3386
9,100%,21303,9,602,316832.5865231053,1.2342002226929358,1.220845933478548,169,0.39881656804733806,1.2214154826108086,119,367,14,3386
10,0%,21303,10,602,249529.64191513197,2.7396997109957213,1.0986584859582018,164,0.7890243902439019,38.44000731078988,119,647,14,3386
11,100%,21303,10,602,557042.1674646743,1.2272612878684928,1.1932666131625933,251,0.3601593625498019,2.174929990897027,119,647,14,3386
12,0%,21303,10,602,252370.46486852778,8511.927171066149,1.0938508909458482,158,0.8088607594936711,38.07809636821116,119,639,14,3386
13,100%,21303,10,602,539252.1459071026,3983.589186234006,1.1854746667079639,258,0.37131782945736547,2.102737914498505,119,639,14,3386
14,0%,21303,10,602,243073.32999416397,2.789706865073463,1.0973593690442227,163,0.7901840490797544,37.81179453048702,119,644,14,3386
15,100%,21303,10,602,565263.3694597996,1.1996237046971991,1.1683702495152068,269,0.3710037174721202,2.234240945002483,119,644,14,3386
16,0%,21303,10,602,244256.01388206228,2.774775183921112,1.0910221970153866,163,0.7938650306748465,38.859455985650015,119,647,14,3386
17,100%,21303,10,602,548394.251580674,1.2358910106914802,1.213129472319993,306,0.3444444444444458,2.2143210163103504,119,647,14,3386
18,0%,21303,10,602,253508.9003101874,8473.72884419819,1.1003307043761794,164,0.7902439024390239,39.213451379694504,119,648,14,3386
19,100%,21303,10,602,550184.7565063381,3904.444198818241,1.217358864425419,312,0.3288461538461552,2.112655640479659,119,648,14,3386
20,0%,21303,11,602,171543.9944609555,2.5836773817839047,1.0840961709118306,107,0.7570093457943923,19.97108724709284,119,405,14,3386
21,100%,21303,11,602,359481.14571765624,1.2329279122130752,1.2024058315471626,187,0.3850267379679152,1.3805913528987617,119,405,14,3386
22,0%,21303,11,602,172871.16002266682,2.5934866608545537,1.1072312066001604,106,0.7622641509433961,20.419520914306702,119,404,14,3386
23,100%,21303,11,602,360706.12037535215,1.2429482679658888,1.2013033270166142,173,0.3687861271676307,1.3472862047921126,119,404,14,3386
24,0%,21303,11,602,177537.33260733236,2.5244044988023537,1.1045164831630385,109,0.7577981651376143,21.92949114218061,119,413,14,3386
25,100%,21303,11,602,360410.90172362,1.2435141084688999,1.2122464423011525,164,0.40000000000000063,1.375492748028023,119,413,14,3386
26,0%,21303,11,602,169171.04573065488,2.558004421289048,1.1099863517783353,105,0.7542857142857137,19.454413751232664,119,396,14,3386
27,100%,21303,11,602,351524.81291000487,1.2310376594778083,1.2086945402470437,151,0.40529801324503395,1.3996159861552542,119,396,14,3386
28,0%,21303,11,602,171852.84150240658,2.585510043015741,1.0762345686468138,106,0.7698113207547168,19.89803342909994,119,408,14,3386
29,100%,21303,11,602,358956.5286273436,1.2378302445824851,1.2219935594088722,172,0.39883720930232647,1.3198577159228648,119,408,14,3386
30,0%,21303,12,602,213111.97781095485,2.6593282506068663,1.0930544998262057,137,0.783941605839416,29.91206327701815,119,537,14,3386
31,100%,21303,12,602,457581.7607518881,1.2385430359027643,1.2483859170845948,214,0.36635514018691695,1.7471141722741095,119,537,14,3386
32,0%,21303,12,602,210558.33401815823,2.696228225085477,1.0954300643803319,133,0.8,29.843633967856192,119,537,14,3386
33,100%,21303,12,602,455815.2344141194,1.2454900151295782,1.19061016596029,262,0.3374045801526729,2.042848650069743,119,537,14,3386
34,0%,21303,12,602,213382.21413084323,2.688160039413125,1.090249585832264,140,0.7814285714285708,31.8599320554452,119,547,14,3386
35,100%,21303,12,602,464678.953395496,1.234412570133819,1.2206126222301639,186,0.40537634408602274,1.834676671237844,119,547,14,3386
36,0%,21303,12,602,217718.2917659174,2.6559563557557597,1.0921157052694659,134,0.8104477611940297,30.44699361529615,119,543,14,3386
37,100%,21303,12,602,467424.19569561235,1.2370995898477901,1.1957994691832972,240,0.3650000000000011,1.885056777046998,119,543,14,3386
38,0%,21303,12,602,216520.75813501456,2.7022212439366533,1.1084731984104224,133,0.8225563909774434,30.055455815117625,119,547,14,3386
39,100%,21303,12,602,469085.0453030865,1.2472940637185912,1.2214721625030742,188,0.39574468085106485,1.8683970974742579,119,547,14,3386
40,0%,21303,13,602,138186.30142235738,2.302405143581041,1.1157128655665052,85,0.7152941176470585,13.002127313537358,119,304,14,3386
41,100%,21303,13,602,263986.39728886436,1.2052168385749498,1.1818402303812352,139,0.42302158273381346,0.9055080406845946,119,304,14,3386
42,0%,21303,13,602,129121.60307567843,2.4092647051420313,1.1186535004115554,80,0.7549999999999999,13.616911451807596,119,302,14,3386
43,100%,21303,13,602,257187.7711464266,1.2095758658154734,1.1830686444612393,134,0.42089552238806033,0.891430427886462,119,302,14,3386
44,0%,21303,13,602,135622.25515487444,2.3681931383656174,1.114913094546789,87,0.7057471264367814,13.730407912074725,119,307,14,3386
45,100%,21303,13,602,263362.6270072387,1.2195340611430674,1.2062130948463612,136,0.4220588235294122,0.9586206134273425,119,307,14,3386
46,0%,21303,13,602,127506.31482490763,2.419121428538122,1.1041668803456934,81,0.733333333333333,12.786594016679032,119,297,14,3386
47,100%,21303,13,602,249204.00887733436,1.237753998647317,1.1874784006593733,119,0.42352941176470627,0.9772276000477405,119,297,14,3386
48,0%,21303,13,602,132362.12201905026,2.3473545369172317,1.1485339068067832,81,0.733333333333333,12.83519932165973,119,297,14,3386
49,100%,21303,13,602,253762.82687348896,1.2243748679246342,1.1990180472366254,145,0.38896551724138,0.8430671053140486,119,297,14,3386
50,0%,21303,14,602,93856.3231994795,2.3090002035620225,1.156236766778681,57,0.7122807017543857,7.44047982782547,119,203,14,3386
51,100%,21303,14,602,177729.11542377906,1.2193515331263847,1.1517571289954445,95,0.4063157894736841,0.6190798194567151,119,203,14,3386
52,0%,21303,14,602,91091.1230967984,2.4257036025480936,1.094526300885449,55,0.749090909090909,8.220202412560639,119,206,14,3386
53,100%,21303,14,602,183921.85045639152,1.2013801780906186,1.1604096254947778,97,0.4247422680412372,0.6493410420323471,119,206,14,3386
54,0%,21303,14,602,97321.70725604086,2.2516383261504784,1.1315555583582726,60,0.6766666666666669,7.8633008611100195,119,203,14,3386
55,100%,21303,14,602,177893.25637963798,1.2318245811210027,1.190186177947468,92,0.3978260869565218,0.6106822798611802,119,203,14,3386
56,0%,21303,14,602,93875.98877479414,2.2473073193540873,1.1178031135095925,59,0.6813559322033895,7.559483065573772,119,201,14,3386
57,100%,21303,14,602,176638.12451860256,1.1943525626766887,1.2067514380548967,95,0.4126315789473685,0.6136413339112323,119,201,14,3386
58,0%,21303,14,602,93892.10051077175,2.277685542721189,1.1488910112163335,56,0.7107142857142856,7.872821467510789,119,199,14,3386
59,100%,21303,14,602,177148.83586048032,1.2072147066071592,1.1795989684606412,91,0.4373626373626375,0.6200224850211953,119,199,14,3386
60,0%,21303,15,602,50822.52247725147,1.7747708536675548,1.1294715417274126,31,0.5548387096774194,2.458305602070368,119,86,14,3386
61,100%,21303,15,602,79035.20503970058,1.1412424571706001,1.19804431313299,44,0.368181818181818,0.25314794243899996,119,86,14,3386
62,0%,21303,15,602,48777.7675858797,1.8711739097626803,1.117607791840811,30,0.5466666666666667,2.833754927480186,119,87,14,3386
63,100%,21303,15,602,78850.30544108879,1.1575311670968405,1.0665298742968494,49,0.33469387755102026,0.3153334738647118,119,87,14,3386
64,0%,21303,15,602,52130.28916222584,1.7971873233010511,1.1366413059963423,34,0.5176470588235293,2.6837060967724256,119,88,14,3386
65,100%,21303,15,602,81960.84288406941,1.1430811537027326,1.2169640178642793,46,0.36086956521739116,0.2593013221792262,119,88,14,3386
66,0%,21303,15,602,49115.61984779309,1.8059239340680548,1.1357988755373956,33,0.5272727272727273,2.6919058660798783,119,87,14,3386
67,100%,21303,15,602,77461.55873634697,1.1450721476134929,1.1710759329602378,48,0.34166666666666656,0.2515685433921817,119,87,14,3386
68,0%,21303,15,602,50543.06214008366,1.8298145687601917,1.1223860094245082,32,0.5562499999999999,2.607012279126934,119,89,14,3386
69,100%,21303,15,602,80399.82936196867,1.1503063151701716,1.1680428651917496,47,0.3787234042553189,0.2540456063810552,119,89,14,3386
70,0%,21303,16,602,166568.08849502087,2.5146403834487,1.120314522588381,103,0.7766990291262131,18.973699314949044,119,400,14,3386
71,100%,21303,16,602,351525.88616348413,1.1915448005687912,1.1964320127838388,183,0.37704918032786977,1.279278884528253,119,400,14,3386
72,0%,21303,16,602,174055.96954409944,2.51035826870962,1.1158505535175773,100,0.8219999999999993,20.57422583393145,119,411,14,3386
73,100%,21303,16,602,361898.0278535684,1.2073645301545997,1.1948646400766747,189,0.37142857142857233,1.3029371058903507,119,411,14,3386
74,0%,21303,16,602,170407.87054207685,2.5480741181810203,1.0889939261838038,100,0.8099999999999998,21.075853787360188,119,405,14,3386
75,100%,21303,16,602,359172.67665900476,1.208922372663789,1.204919228513944,178,0.39325842696629315,1.3391503851586322,119,405,14,3386
76,0%,21303,16,602,167267.55315743323,2.576828975215932,1.0965878347332603,103,0.7883495145631066,19.428556766388624,119,406,14,3386
77,100%,21303,16,602,364855.9181178221,1.1813427059455202,1.2030422389988662,205,0.3668292682926839,1.3381500859372863,119,406,14,3386
78,0%,21303,16,602,171166.3050976355,2.532302126405273,1.0981211981289927,107,0.7514018691588784,19.003441045111344,119,402,14,3386
79,100%,21303,16,602,361887.95587488,1.1977320364801978,1.1640784408822622,178,0.3842696629213491,1.3941853956313253,119,402,14,3386
80,0%,21303,17,602,124438.34199006311,2.4668274333341538,1.1036348739006419,84,0.6904761904761904,12.88238391752543,119,290,14,3386
81,100%,21303,17,602,250069.90214471327,1.2275284356374299,1.214304550946852,134,0.41044776119403026,0.9398134880125326,119,290,14,3386
82,0%,21303,17,602,127942.21948022624,2.3482644531102688,1.1118784636069168,83,0.6915662650602407,12.446984141270377,119,292,14,3386
83,100%,21303,17,602,247096.4737986474,1.215890139744649,1.1791514256776798,154,0.3597402597402603,0.8626483375848011,119,292,14,3386
84,0%,21303,17,602,135889.0422914518,2.2946612015712073,1.1322288616369776,83,0.7156626506024095,13.855847171332243,119,297,14,3386
85,100%,21303,17,602,254439.9598888764,1.2255123495580127,1.1633317782408201,127,0.4362204724409452,0.922861692645256,119,297,14,3386
86,0%,21303,17,602,126353.02517323256,2.460096359279347,1.079691614798077,87,0.6781609195402295,12.973370092553296,119,295,14,3386
87,100%,21303,17,602,253276.23497292574,1.2272790506611437,1.1738897412276517,158,0.35443037974683606,0.8957876902404678,119,295,14,3386
88,0%,21303,17,602,126806.16857589023,2.428830096832865,1.0832703207716803,83,0.7084337349397587,12.701409103433434,119,294,14,3386
89,100%,21303,17,602,253867.59073555822,1.2131940032550403,1.1851963500367295,126,0.4190476190476192,0.9055893594058944,119,294,14,3386
90,0%,21303,18,602,173028.0396704599,2.5429296968799187,1.0885296576113523,111,0.7477477477477479,20.351110947947404,119,415,14,3386
91,100%,21303,18,602,352827.13280720596,1.247064354065297,1.2032723641189145,148,0.41216216216216295,1.3189193926202734,119,415,14,3386
92,0%,21303,18,602,172428.14191619615,2.582627551357264,1.0961563407999058,110,0.7545454545454543,20.529710150076426,119,415,14,3386
93,100%,21303,18,602,358900.6755196147,1.2407824791563282,1.2215235996249432,180,0.37222222222222323,1.3503877639799384,119,415,14,3386
94,0%,21303,18,602,183009.53771596582,2.481734000327462,1.1221053543862671,110,0.7636363636363637,21.948526828467266,119,420,14,3386
95,100%,21303,18,602,367056.2313085604,1.2373608003186924,1.2108421887354757,177,0.38418079096045277,1.3986216082000738,119,420,14,3386
96,0%,21303,18,602,172510.5651422073,12450.980128338635,1.1163733299726502,111,0.7459459459459457,20.214984592865562,119,414,14,3386
97,100%,21303,18,602,355931.137872364,6034.66623165836,1.2051375132101567,196,0.3714285714285722,1.3395388202153526,119,414,14,3386
98,0%,21303,18,602,174361.87132958265,2.550492340594258,1.104759668269073,107,0.7831775700934576,21.390533948197685,119,419,14,3386
99,100%,21303,18,602,357892.9218772834,1.2425744968218917,1.1877642927640144,182,0.37802197802197884,1.3564617987542533,119,419,14,3386
100,0%,21303,19,602,60775.94900873737,1.938971179809378,1.1281907072835247,36,0.6222222222222222,3.867611542837267,119,112,14,3386
101,100%,21303,19,602,96202.50930751592,1.2249453200520573,1.1783431172036756,51,0.4196078431372547,0.35859977057066317,119,112,14,3386
102,0%,21303,19,602,64810.80599131233,1.9481185606438094,1.1612977954195434,38,0.5947368421052631,3.656903288355352,119,113,14,3386
103,100%,21303,19,602,103022.10572386411,1.2255538090085243,1.1535601215227167,54,0.41851851851851835,0.34079176012392054,119,113,14,3386
104,0%,21303,19,602,61208.13912130977,1.9702602020123954,1.1406319320779115,37,0.6054054054054054,3.4106054613021115,119,112,14,3386
105,100%,21303,19,602,99263.78717038373,1.214903883759288,1.1465575100208947,59,0.3796610169491523,0.34491493509108295,119,112,14,3386
106,0%,21303,19,602,65820.87029674428,1.8294614911416425,1.1470026817725256,35,0.6342857142857143,3.5930905930028985,119,111,14,3386
107,100%,21303,19,602,98337.3144797008,1.224527516929287,1.166510976049921,49,0.4326530612244897,0.32661861756594135,119,111,14,3386
108,0%,21303,19,602,60828.98317729766,1.9836589648156209,1.0859096553740708,36,0.627777777777778,3.6440549304014667,119,113,14,3386
109,100%,21303,19,602,97419.39648095322,1.2386030108886632,1.1647909437173707,52,0.4346153846153845,0.3220075302714349,119,113,14,3386
110,0%,21303,20,602,245790.74296498473,2.844748490094442,1.0980336207378936,166,0.8120481927710841,38.9706163090616,119,674,14,3386
111,100%,21303,20,602,559780.1471033018,1.2490847496951312,1.208431672440942,328,0.3408536585365867,2.2130368910668494,119,674,14,3386
112,0%,21303,20,602,249702.8265380305,2.8553402385687323,1.089670169921804,172,0.7918604651162788,41.9690203304699,119,686,14,3386
113,100%,21303,20,602,566004.0654286746,1.259684464913502,1.1945356862381757,319,0.3266457680250799,2.2901325653058393,119,686,14,3386
114,0%,21303,20,602,254787.445248861,8431.276845601256,1.078467650702763,170,0.808235294117647,39.38268274408847,119,687,14,3386
115,100%,21303,20,602,570186.8328329006,3767.508058724618,1.1671082546159937,305,0.3455737704918045,2.404287865115066,119,687,14,3386
116,0%,21303,20,602,246807.47040985693,2.793932278234099,1.0930218714488869,166,0.8096385542168671,40.17398456207479,119,672,14,3386
117,100%,21303,20,602,557327.2505194781,1.2372683328236198,1.1852547130235496,290,0.35655172413793235,2.5275196763673193,119,672,14,3386
118,0%,21303,20,602,247199.3947648282,2.7507455541463797,1.0966604759920517,171,0.776608187134503,38.67341612052837,119,664,14,3386
119,100%,21303,20,602,538384.5078872609,1.2630055771950577,1.2016344087252566,338,0.32189349112426163,2.2024362457277675,119,664,14,3386
120,0%,21303,23,602,65366.11584449306,2.183610191259455,1.134091085242658,39,0.6615384615384615,3.855039905386093,119,129,14,3386
121,100%,21303,23,602,121133.03062578863,1.178325317080722,1.1304974581833023,62,0.4161290322580643,0.38013502065723515,119,129,14,3386
122,0%,21303,23,602,72630.11449972198,2.006020096042091,1.1222118316407974,43,0.613953488372093,4.456798047719076,119,132,14,3386
123,100%,21303,23,602,121983.57363187551,1.1944023685022471,1.1328712264011385,64,0.4124999999999997,0.37727110161608834,119,132,14,3386
124,0%,21303,23,602,72380.5366362498,2.0321673438260692,1.1156423505356798,41,0.6487804878048782,4.289244770140385,119,133,14,3386
125,100%,21303,23,602,127297.8315794347,1.1554742217977885,1.1788279253448968,59,0.4338983050847455,0.4060796402397955,119,133,14,3386
126,0%,21303,23,602,68085.46266721065,2.13053655838818,1.1711981833404683,37,0.6972972972972973,3.9708330274013406,119,129,14,3386
127,100%,21303,23,602,122960.05171368891,1.179721098727521,1.2111609049170902,57,0.4526315789473681,0.396263760035481,119,129,14,3386
128,0%,21303,23,602,68403.47623846492,2.105352485241231,1.1365360233591626,41,0.6341463414634149,4.497803605024728,119,130,14,3386
129,100%,21303,23,602,121990.41011880284,1.1805307364533097,1.1329874151576447,59,0.4237288135593219,0.38794043364214303,119,130,14,3386
130,0%,21303,19,804,65982.13592900556,2.067815035018226,1.1278472918435716,31,0.6258064516129033,5.101247334443542,128,97,9,3380
131,100%,21303,19,804,92835.518607347,1.4696837456543945,1.2476622570968046,46,0.4217391304347825,0.3967832524485857,128,97,9,3380
132,0%,21303,19,804,66654.05031366323,2.0838369435770425,1.1307944576217015,30,0.6466666666666666,4.067850998838821,128,97,9,3380
133,100%,21303,19,804,93881.33905281383,1.4794864867076198,1.2650683808168748,46,0.42173913043478245,0.3883766335789005,128,97,9,3380
134,0%,21303,19,804,68034.17553655674,1.9814076621217334,1.1305910305609816,33,0.5818181818181818,4.097882871040383,128,96,9,3380
135,100%,21303,19,804,93130.63177129267,1.447466146533985,1.2039476155140247,46,0.39565217391304314,0.3690140934027113,128,96,9,3380
136,0%,21303,19,804,67541.11604702742,31797.241607593296,1.1070936012046422,32,0.6125000000000002,4.2546539177856175,128,98,9,3380
137,100%,21303,19,804,92353.28134520075,23254.411257639964,1.2640994228542208,45,0.3911111111111109,0.39594401166550597,128,98,9,3380
138,0%,21303,19,804,64276.89275270015,2.0606849300448085,1.131019924130099,32,0.5937500000000001,4.02670609440429,128,95,9,3380
139,100%,21303,19,804,93850.55306271731,1.41133344368339,1.3275273510186747,40,0.4249999999999997,0.38120203281050635,128,95,9,3380
140,0%,21303,11,604,149531.28432647203,2.384473322576914,1.1220602501399566,89,0.7685393258426962,22.663624320140116,131,342,9,3382
141,100%,21303,11,604,279200.55985436175,1.2770510150592944,1.2310129115879325,171,0.36491228070175524,1.2405585411897846,131,342,9,3382
142,0%,21303,11,604,148735.13033828628,2.3986313747329344,1.118996526940178,95,0.7284210526315786,19.330549154008622,131,346,9,3382
143,100%,21303,11,604,278436.2939180353,1.2813011735439466,1.2346179172022174,174,0.36321839080459845,1.1645176418205665,131,346,9,3382
144,0%,21303,11,604,148479.66678160982,2.3660915664566837,1.1253911592827122,90,0.7511111111111107,18.75950935599485,131,338,9,3382
145,100%,21303,11,604,275127.42257866333,1.2769228311358842,1.231494059537608,168,0.3726190476190486,1.1597494435982298,131,338,9,3382
146,0%,21303,11,604,148845.45109968164,2.4235090869638354,1.1017157181249193,95,0.7368421052631576,22.31320260756729,131,350,9,3382
147,100%,21303,11,604,281458.7820299121,1.2816381165714457,1.2581850775122014,170,0.352941176470589,1.6232479960463024,131,350,9,3382
148,0%,21303,11,604,151995.51207061662,2.36123285734415,1.1177724859816993,93,0.7462365591397846,20.357886850130853,131,347,9,3382
149,100%,21303,11,604,274795.84443866456,1.3060488523875637,1.2581026388448755,165,0.3842424242424251,0.924693337628014,131,347,9,3382
150,0%,21303,17,604,71389.39750944372,1.9332798397708282,1.1674335284205546,42,0.6190476190476188,4.55711653288563,131,130,9,3382
151,100%,21303,17,604,102904.35204512658,1.3412035568512144,1.1771281447111865,75,0.3466666666666664,0.3604610218844755,131,130,9,3382
152,0%,21303,17,604,68127.0824661289,2.028939755241655,1.1309604453264475,42,0.6285714285714288,4.519325828326146,131,132,9,3382
153,100%,21303,17,604,104176.67723663404,1.3268396505887796,1.1750021844226377,77,0.34285714285714275,0.3526275815729605,131,132,9,3382
154,0%,21303,17,604,67535.18371768811,2.034580549256374,1.1636350099884865,41,0.6341463414634145,4.2495805769840445,131,130,9,3382
155,100%,21303,17,604,103992.58731305094,1.3213035153056505,1.2477383489367424,68,0.36764705882352916,0.3538710474558684,131,130,9,3382
156,0%,21303,17,604,69429.13564586423,1.954661649875373,1.1781926594002092,41,0.6292682926829267,4.254381539545648,131,129,9,3382
157,100%,21303,17,604,105936.89672130372,1.2810500687781134,1.236955252195422,71,0.3633802816901406,0.35669785989648517,131,129,9,3382
158,0%,21303,17,604,67666.70375181251,1.9830519751642246,1.1044304697116651,44,0.5999999999999998,4.320404051409241,131,132,9,3382
159,100%,21303,17,604,106184.87294850212,1.2637072193226855,1.2570071180247246,75,0.33866666666666634,0.3417099511216293,131,132,9,3382
160,0%,21303,18,604,85651.47585870721,1.9260774069717026,1.1637263735014993,50,0.6520000000000001,6.120352891669427,131,163,9,3382
161,100%,21303,18,604,128805.9438721584,1.2807745323381539,1.2370038484904737,85,0.37176470588235266,0.4257635077892701,131,163,9,3382
162,0%,21303,18,604,83876.11594238156,2.0028816761903605,1.1716897629839949,48,0.6833333333333332,6.223990049114946,131,164,9,3382
163,100%,21303,18,604,136639.33347076757,1.229469812416456,1.2821939535005464,84,0.3666666666666664,0.4569926599988321,131,164,9,3382
164,0%,21303,18,604,83525.51128027373,2.0330482203223768,1.136076701436195,53,0.6339622641509433,5.918365083161916,131,168,9,3382
165,100%,21303,18,604,131672.86794076365,1.289646035022728,1.245349692303206,86,0.3790697674418602,0.43992954482746427,131,168,9,3382
166,0%,21303,18,604,84602.74998888288,1.9007460058507777,1.1452625226261715,52,0.6269230769230769,5.903257170061806,131,163,9,3382
167,100%,21303,18,604,127676.83080363547,1.2594950713703195,1.2852635881667516,84,0.352380952380952,0.40812129279402143,131,163,9,3382
168,0%,21303,18,604,82018.0246389569,2.0463006090869955,1.125655774025559,53,0.6264150943396227,6.283339294073812,131,166,9,3382
169,100%,21303,18,604,131738.159295641,1.2739933112179367,1.231930895334552,84,0.383333333333333,0.4405441722501564,131,166,9,3382
170,0%,21303,20,604,88589.72988366071,2.0290363809688596,1.14386029448158,54,0.6666666666666665,6.441331700642877,131,180,9,3382
171,100%,21303,20,604,139389.31230660548,1.2895664806693616,1.2047618732088057,99,0.3535353535353533,0.48085457291472267,131,180,9,3382
172,0%,21303,20,604,87844.8497344653,2.0560123153682808,1.1182166120305221,58,0.6310344827586205,6.477255232622156,131,183,9,3382
173,100%,21303,20,604,144041.21170269544,1.2538779059184835,1.2333700458958197,97,0.3670103092783502,0.4800244114067027,131,183,9,3382
174,0%,21303,20,604,82233.8294753429,2.158181665523174,1.1273438591782305,52,0.6961538461538461,6.835209979938554,131,181,9,3382
175,100%,21303,20,604,140658.59132928055,1.261746910602677,1.193653965136162,99,0.35555555555555557,0.8361569877652073,131,181,9,3382
176,0%,21303,20,604,85231.40289402702,2.085064010005532,1.1522875872462053,55,0.6509090909090908,7.824392221508788,131,179,9,3382
177,100%,21303,20,604,141152.42826538935,1.2590143356406742,1.2026423897512308,95,0.3768421052631577,0.5972185049831751,131,179,9,3382
178,0%,21303,20,604,83228.3572914058,2.128133360748513,1.1024383501268835,56,0.6535714285714285,7.677912335259862,131,183,9,3382
179,100%,21303,20,604,138192.85717287994,1.2816946355668597,1.2260137441460268,92,0.37608695652173907,0.5486546488646127,131,183,9,3382
180,0%,21303,8,607,74862.19634655815,2.3539196563557234,1.1320115787754477,32,0.7562500000000002,6.682400260220675,109,121,5,3378
181,100%,21303,8,607,129436.64032467232,1.3614351782934457,1.2347604400206833,45,0.5377777777777776,0.5409720034640486,109,121,5,3378
182,0%,21303,8,607,76322.87951679679,2.2395931031575245,1.1263182623390569,34,0.7058823529411763,5.2332524883131555,109,120,5,3378
183,100%,21303,8,607,125020.62482250371,1.3672319652986806,1.1873404157657688,48,0.49999999999999983,0.4966521161422861,109,120,5,3378
184,0%,21303,8,607,79708.3753035379,2.2741881207854013,1.135623490665198,35,0.702857142857143,5.567343348957365,109,123,5,3378
185,100%,21303,8,607,129199.03157975108,1.403043335742932,1.2305883681804306,42,0.5380952380952381,0.5104498504279036,109,123,5,3378
186,0%,21303,8,607,77527.97965990686,2.204117431124494,1.1706472076917793,32,0.7312500000000001,5.2976703370623,109,117,5,3378
187,100%,21303,8,607,125773.34879531761,1.358640546705612,1.2100360893046302,44,0.5318181818181817,0.5190495025744895,109,117,5,3378
188,0%,21303,8,607,76664.0212621625,2.251907366259175,1.1357228108829005,33,0.7212121212121212,5.331221809839917,109,119,5,3378
189,100%,21303,8,607,126659.85105668618,1.3630228739969794,1.2100394537180943,45,0.5288888888888886,0.49356989975785837,109,119,5,3378
190,0%,21303,11,911,60861.37477130585,2.0778942986360436,1.1163898665043412,25,0.6720000000000002,4.621464510693841,133,84,5,3378
191,100%,21303,11,911,91540.09401648068,1.3815094358727635,1.2601943837657916,35,0.45142857142857123,0.3611032818826061,133,84,5,3378
192,0%,21303,11,911,62668.01368329059,2.000974921653338,1.2419446660404958,24,0.7000000000000002,3.4858742275700934,133,84,5,3378
193,100%,21303,11,911,94108.36744452437,1.3324758167121815,1.2931713834483145,31,0.5096774193548386,0.36336362652946264,133,84,5,3378
194,0%,21303,11,911,65521.83945763223,1.983300348623628,1.1732714942707494,25,0.664,3.530381226901227,133,83,5,3378
195,100%,21303,11,911,98277.82570584191,1.3222666059761925,1.2815918429026696,36,0.46111111111111097,0.4382396154815069,133,83,5,3378
196,0%,21303,11,911,66471.64550775167,1.916119137323266,1.238282050264295,21,0.7619047619047619,3.609807906233982,133,85,5,3378
197,100%,21303,11,911,95706.25832753305,1.3308177988829557,1.2368935346136922,36,0.4722222222222221,0.3809671559210983,133,85,5,3378
198,0%,21303,11,911,63724.02255794574,1.981945016442404,1.2123055609592979,24,0.7083333333333335,3.3490361363037664,133,85,5,3378
199,100%,21303,11,911,96564.49649405722,1.3079083257494797,1.2542034891230787,39,0.4358974358974358,0.43043657100315613,133,85,5,3378
200,0%,21303,15,911,79462.22855202944,2.1464675463596548,1.1638541936456204,32,0.66875,4.829973212192272,133,107,5,3378
201,100%,21303,15,911,109589.78983313471,1.5563776060529921,1.311334776866789,38,0.5105263157894734,0.4618488877094933,133,107,5,3378
202,0%,21303,15,911,77416.50939932102,2.1889707226262214,1.1654076505515454,28,0.75,4.42735869687931,133,105,5,3378
203,100%,21303,15,911,115563.24865249608,1.4664045403622452,1.330931713119522,38,0.5263157894736841,0.47657981353404466,133,105,5,3378
204,0%,21303,15,911,80344.99132178063,2.157626653755961,1.107953586966674,32,0.675,4.619214824324445,133,108,5,3378
205,100%,21303,15,911,111486.69319497772,1.5549344034133985,1.2476466726200715,40,0.5149999999999999,0.453281999903993,133,108,5,3378
206,0%,21303,15,911,79254.62260906048,2.1838700377732057,1.1198291433222292,33,0.6424242424242421,4.3538173613105755,133,106,5,3378
207,100%,21303,15,911,114673.9560012841,1.5093383162695801,1.2417247199896786,42,0.5047619047619045,0.5199542720365571,133,106,5,3378
208,0%,21303,15,911,79127.7963474433,2.1763898787172096,1.1209765241809535,31,0.6774193548387099,5.834107440188745,133,105,5,3378
209,100%,21303,15,911,114464.92512933695,1.5045039771020183,1.2499772907129076,39,0.5384615384615383,0.5533300805855106,133,105,5,3378
210,0%,21303,16,911,100784.34234841507,2.4528400729437068,1.1046046035942407,44,0.7000000000000001,9.14842166678136,133,154,5,3378
211,100%,21303,16,911,162657.4028851036,1.5198070868750457,1.3804525537069632,47,0.5914893617021275,0.8368406966255861,133,154,5,3378
212,0%,21303,16,911,108835.24962127754,2.3499566162847034,1.1182155101154996,43,0.7395348837209303,8.845656277608214,133,159,5,3378
213,100%,21303,16,911,167042.42150249908,1.5310967874630104,1.2804019808043323,60,0.5133333333333331,0.7291703674582095,133,159,5,3378
214,0%,21303,16,911,107457.76891285923,2.435558530614588,1.1141329655988845,42,0.7523809523809525,7.793175701333894,133,158,5,3378
215,100%,21303,16,911,174903.54881754072,1.496365782889581,1.2647741940965609,58,0.5448275862068963,0.7516581518866587,133,158,5,3378
216,0%,21303,16,911,105599.02727378448,2.4592380170797115,1.1254157429568128,43,0.7441860465116279,7.4857636972701584,133,160,5,3378
217,100%,21303,16,911,173816.36279404353,1.4940661412069742,1.3000848362696025,59,0.5254237288135593,0.7144508894143655,133,160,5,3378
218,0%,21303,16,911,100042.41362167354,2.5086156236880677,1.0958074180137933,44,0.7045454545454546,7.764427954376515,133,155,5,3378
219,100%,21303,16,911,165647.092487493,1.5150761662885406,1.2594473700244175,62,0.4999999999999997,0.7544525947378133,133,155,5,3378
220,0%,21303,9,601,231134.5596714737,9294.056379404763,1.0730370663344466,109,0.842201834862385,39.4722091296444,135,459,5,3378
221,100%,21303,9,601,474566.6848404293,4526.608583023237,1.2629809586041147,133,0.5774436090225568,2.4641822613084514,135,459,5,3378
222,0%,21303,9,601,235894.57587156602,3.028728603126617,1.0865410708930208,108,0.8648148148148147,38.7679246593907,135,467,5,3378
223,100%,21303,9,601,470328.40743114136,1.5190676088797272,1.248870219523035,131,0.5832061068702294,2.294031916415406,135,467,5,3378
224,0%,21303,9,601,233577.0297570957,2.9606052402447425,1.086614576874605,108,0.8499999999999998,37.64377149913162,135,459,5,3378
225,100%,21303,9,601,480127.7317561984,1.4403029289106088,1.2646317261322104,151,0.5417218543046363,2.49414268356486,135,459,5,3378
226,0%,21303,9,601,235965.51082139363,2.9873050593819865,1.0851393081816791,111,0.8324324324324319,38.35210216789528,135,462,5,3378
227,100%,21303,9,601,486036.2450758239,1.450305345451009,1.2786970536218654,126,0.6301587301587307,2.4630086663655675,135,462,5,3378
228,0%,21303,9,601,241447.20260230044,2.9412859896036614,1.1047355390209792,109,0.8477064220183483,40.31947322837732,135,462,5,3378
229,100%,21303,9,601,467904.48306532885,1.5177569353273106,1.2503003833187003,134,0.5850746268656722,2.6187821771472954,135,462,5,3378
230,0%,21303,10,601,263737.016988189,3.0106532002318014,1.0752048692146312,125,0.8335999999999999,46.36122762846935,135,521,5,3378
231,100%,21303,10,601,527773.0449181218,1.5044737541271436,1.2516648319259902,148,0.5621621621621629,2.67440339296445,135,521,5,3378
232,0%,21303,10,601,266976.99766942114,3.064853543165684,1.0814826444401442,126,0.8492063492063487,45.07305500224538,135,535,5,3378
233,100%,21303,10,601,549809.895843937,1.4882333028853305,1.2515099814906816,157,0.5541401273885359,2.821940027839446,135,535,5,3378
234,0%,21303,10,601,274057.23492359347,3.0066544600601945,1.098127031927036,123,0.8682926829268288,48.22006306543153,135,534,5,3378
235,100%,21303,10,601,546998.354784196,1.5063946728320101,1.286209652543194,155,0.5664516129032267,2.843601993019547,135,534,5,3378
236,0%,21303,10,601,268466.19062423083,3.041889216166366,1.0780677300869959,123,0.8520325203252029,48.54383355399841,135,524,5,3378
237,100%,21303,10,601,557827.8997973149,1.4639719713944697,1.2588464142845983,163,0.557055214723927,2.836771220436276,135,524,5,3378
238,0%,21303,10,601,271928.2085605925,3.0388835474127154,1.09758314845144,125,0.8512,48.50460161326919,135,532,5,3378
239,100%,21303,10,601,557257.7989078475,1.4829010212001557,1.2736200274044804,151,0.5854304635761597,2.816872213550596,135,532,5,3378
240,0%,21303,11,601,192677.32556055562,2.8262281665793245,1.0964650068959474,88,0.7999999999999996,26.262413539645422,135,352,5,3378
241,100%,21303,11,601,370246.02702137147,1.470779008599555,1.2741166884342734,100,0.6340000000000005,1.810784757240981,135,352,5,3378
242,0%,21303,11,601,188212.8231158583,2.8412481435070602,1.1391893942459428,82,0.8463414634146342,24.719021712098765,135,347,5,3378
243,100%,21303,11,601,355274.2378915968,1.505201552005929,1.222160960465695,113,0.5787610619469029,1.6417847169741435,135,347,5,3378
244,0%,21303,11,601,185613.35988730143,2.8357596893698447,1.0777780895565308,82,0.8268292682926826,24.358399631775683,135,339,5,3378
245,100%,21303,11,601,360363.95473795256,1.4606202336736451,1.266161433232368,100,0.6380000000000002,1.6895847297655564,135,339,5,3378
246,0%,21303,11,601,183450.88535112736,2.903089935585044,1.082941385663425,84,0.8190476190476188,24.547160121299385,135,344,5,3378
247,100%,21303,11,601,357558.35154455656,1.4894755405277051,1.3097670251880305,97,0.637113402061856,1.732879843299088,135,344,5,3378
248,0%,21303,11,601,180672.92189509512,2.888268159932686,1.0883252971553603,79,0.8582278481012654,23.568127719339827,135,339,5,3378
249,100%,21303,11,601,360389.4859286796,1.4479663476499918,1.2554135809390334,108,0.590740740740741,1.6529577513720142,135,339,5,3378
250,0%,21303,12,601,203836.05194974007,2.8322715373824394,1.0864680623682843,91,0.8153846153846152,26.651624282243574,135,371,5,3378
251,100%,21303,12,601,397151.3063049084,1.4536501304780474,1.267156303347627,107,0.609345794392524,1.8870451382063038,135,371,5,3378
252,0%,21303,12,601,200984.85430715227,2.836640486301318,1.0924785544328617,86,0.8534883720930229,30.629201631742035,135,367,5,3378
253,100%,21303,12,601,394961.84955747065,1.4434856822243078,1.237845876150824,105,0.6228571428571433,2.3032406694655947,135,367,5,3378
254,0%,21303,12,601,195209.91905802465,2.886728229706062,1.0992555952831056,87,0.8321839080459768,27.360387203432765,135,362,5,3378
255,100%,21303,12,601,388205.0349872955,1.4515988544091833,1.2385780919726879,108,0.6148148148148151,1.910388742962823,135,362,5,3378
256,0%,21303,12,601,197587.25616519386,2.8342830072975853,1.09039521967667,88,0.8295454545454546,26.86515855966354,135,365,5,3378
257,100%,21303,12,601,385911.8996960363,1.4511555695708338,1.2363030819366814,109,0.6146788990825691,1.8921701913986908,135,365,5,3378
258,0%,21303,12,601,198712.6588238565,2.892301349862019,1.1008109540147746,88,0.843181818181818,27.307525297623215,135,371,5,3378
259,100%,21303,12,601,407864.55974095647,1.4091366303459627,1.2646763506371137,119,0.5731092436974795,2.041371491552127,135,371,5,3378
260,0%,21303,13,601,106788.37342574331,2.4532026752698277,1.0991184993154768,43,0.7255813953488374,8.692325091720704,135,156,5,3378
261,100%,21303,13,601,176429.54141455382,1.4848620093626592,1.2678556398297884,46,0.6565217391304348,0.789592545837877,135,156,5,3378
262,0%,21303,13,601,107255.80032475306,2.450410009034068,1.1156174881483285,42,0.7428571428571429,8.034341764427154,135,156,5,3378
263,100%,21303,13,601,173489.80292246924,1.514905672929873,1.211768115577198,48,0.6499999999999999,0.7499737490543339,135,156,5,3378
264,0%,21303,13,601,102983.8785626404,2.454744337262442,1.0893078645939307,40,0.7600000000000001,8.403547312100272,135,152,5,3378
265,100%,21303,13,601,171155.39910862086,1.477015005355045,1.2212339338501532,51,0.5960784313725489,0.8022257644552155,135,152,5,3378
266,0%,21303,13,601,97442.37223924085,2.5547343635749247,1.1321786583747695,36,0.8500000000000001,7.603834138230013,135,153,5,3378
267,100%,21303,13,601,170901.104592136,1.4566282495479133,1.2317392402445377,50,0.6119999999999998,0.8226217629435268,135,153,5,3378
268,0%,21303,13,601,98208.05136765628,2.5267322175791866,1.1165813972938194,40,0.755,7.602725677215858,135,151,5,3378
269,100%,21303,13,601,167781.3596434696,1.4789810259234433,1.2161868331606436,49,0.5959183673469386,0.7611167823670257,135,151,5,3378
270,0%,21303,14,601,176853.37378478536,2.7876244022693006,1.0856143265313252,78,0.8179487179487178,21.57478361719768,135,319,5,3378
271,100%,21303,14,601,347330.05869890255,1.4194014253557585,1.2266157028114015,104,0.584615384615385,1.6304344393465726,135,319,5,3378
272,0%,21303,14,601,172000.19360934698,2.8406219146543896,1.0817568674745182,80,0.8049999999999997,21.419491307977296,135,322,5,3378
273,100%,21303,14,601,343121.56244363665,1.4239487481110065,1.2543043115981036,103,0.5766990291262143,1.607595326464434,135,322,5,3378
274,0%,21303,14,601,176363.93670914628,2.7670147272691406,1.080012567753663,79,0.80253164556962,22.93734550429872,135,317,5,3378
275,100%,21303,14,601,337519.0969833262,1.445848885574253,1.236890308808675,96,0.6187500000000005,1.5689886714335444,135,317,5,3378
276,0%,21303,14,601,171563.4646397249,2.786729665486917,1.1042178714377227,77,0.8025974025974024,21.870856791416372,135,309,5,3378
277,100%,21303,14,601,332653.3202041456,1.437235005295699,1.2265049829964372,96,0.5916666666666669,1.5922545102293952,135,309,5,3378
278,0%,21303,14,601,178502.69838827787,12033.34514072714,1.0755846923234482,82,0.7902439024390245,22.565318670700435,135,324,5,3378
279,100%,21303,14,601,353779.64235654665,6071.532448700034,1.254667059955634,103,0.5902912621359228,1.6702498221638962,135,324,5,3378
280,0%,21303,15,601,284545.27137315564,3.1136368591876065,1.070874045959457,132,0.8636363636363633,53.61591036308528,135,570,5,3378
281,100%,21303,15,601,595727.4288316576,1.4872080790246065,1.2499173119520752,183,0.5245901639344268,2.957611629683015,135,570,5,3378
282,0%,21303,15,601,294284.60155899747,3.1211432452230308,1.0870849489883778,135,0.8725925925925924,57.64872957261832,135,589,5,3378
283,100%,21303,15,601,602788.5339280146,1.5237589048744322,1.241859115976614,174,0.5448275862068973,3.1783437981848692,135,589,5,3378
284,0%,21303,15,601,289202.37629458174,3.140316413440919,1.0753916554949365,136,0.8529411764705879,55.8313268136244,135,580,5,3378
285,100%,21303,15,601,589173.1783939659,1.5414601383580113,1.2616505650221943,168,0.5535714285714294,3.1928272150871635,135,580,5,3378
286,0%,21303,15,601,283659.30272327043,3.1381539723746137,1.0693868937194224,133,0.8646616541353379,55.52954790738477,135,575,5,3378
287,100%,21303,15,601,600547.8254650243,1.482257581988176,1.2503283554258966,163,0.546012269938651,3.2741155404819438,135,575,5,3378
288,0%,21303,15,601,291012.90619724785,3.1425058983891034,1.0998082533776317,133,0.8631578947368421,59.4332665414513,135,579,5,3378
289,100%,21303,15,601,594176.0835049113,1.5391224918339332,1.2200341103189598,170,0.5458823529411772,3.213616780394659,135,579,5,3378
290,0%,21303,16,601,393833.60662173945,10908.724464070014,1.078559209093054,184,0.8858695652173916,89.77282746772653,135,815,5,3378
291,100%,21303,16,601,827475.961716014,5191.960247906198,1.2842883016473343,175,0.5600000000000009,4.759645545114836,135,815,5,3378
292,0%,21303,16,601,392353.02916627546,5476.581705876971,1.068106548950296,187,0.8855614973262032,93.31586480881015,135,828,5,3378
293,100%,21303,16,601,824516.793153854,2606.075994593457,1.3386218473706635,210,0.4838095238095247,4.403033740953106,135,828,5,3378
294,0%,21303,16,601,388733.46541858517,5527.59317456774,1.0790267742937956,187,0.8866310160427809,93.6609739614305,135,834,5,3378
295,100%,21303,16,601,852717.4581117854,2519.8973349647877,1.3119907247279345,203,0.5064039408867005,5.234687013715302,135,834,5,3378
296,0%,21303,16,601,387479.2329714501,3.2236589067877626,1.076792065818791,182,0.9043956043956045,88.07155968517691,135,823,5,3378
297,100%,21303,16,601,822007.8100827627,1.519573007996045,1.3222908103327735,189,0.5534391534391542,4.5939906254516245,135,823,5,3378
298,0%,21303,16,601,384454.6199575554,5589.026915136713,1.0793781144932844,186,0.881720430107527,89.4961495980242,135,820,5,3378
299,100%,21303,16,601,816287.5673279423,2632.316483301509,1.3091549484395433,195,0.5179487179487188,4.686074997967808,135,820,5,3378
300,0%,21303,17,601,100173.57049030367,2.3409639137333738,1.130000633959015,39,0.7487179487179488,7.510723412922744,135,146,5,3378
301,100%,21303,17,601,166508.7830527551,1.4083504144843193,1.269480601453655,52,0.5615384615384613,0.74316824053858,135,146,5,3378
302,0%,21303,17,601,95181.24279627536,2.45765295055243,1.137946872770582,39,0.7435897435897437,7.359582700744795,135,145,5,3378
303,100%,21303,17,601,161823.05311487053,1.4455447335396823,1.3016627342476472,48,0.5833333333333333,0.6981180637303623,135,145,5,3378
304,0%,21303,17,601,101500.21053741121,2.3548519603773554,1.143156915925635,39,0.7538461538461537,7.621670176005864,135,147,5,3378
305,100%,21303,17,601,162858.34067689822,1.4676434057309677,1.2122181341160891,49,0.5795918367346937,0.7085343603175716,135,147,5,3378
306,0%,21303,17,601,102409.41324129155,2.325166342347925,1.1811979837399125,39,0.7538461538461539,7.736504842410795,135,147,5,3378
307,100%,21303,17,601,164707.41436310348,1.4457085719487357,1.2247702701893812,53,0.5547169811320753,0.7075581409117149,135,147,5,3378
308,0%,21303,17,601,97535.58241093405,2.4306444843871926,1.108009114649803,40,0.7250000000000002,7.241518575803639,135,145,5,3378
309,100%,21303,17,601,166636.21215108546,1.4227059194293201,1.2497147822726153,46,0.6086956521739129,0.6967119604050822,135,145,5,3378
310,0%,21303,19,601,76606.93423571342,2.3315359976962586,1.1238684036976496,31,0.729032258064516,5.160946723604866,135,113,5,3378
311,100%,21303,19,601,126644.87314624105,1.4103360081340737,1.217332591641204,40,0.5399999999999998,0.5469228759029647,135,113,5,3378
312,0%,21303,19,601,81393.02375592977,2.277115079412991,1.0971123914940233,33,0.6848484848484848,5.322505311378336,135,113,5,3378
313,100%,21303,19,601,128095.48828311819,1.4468993735673497,1.2891456968445032,32,0.6437499999999999,0.5658140833002108,135,113,5,3378
314,0%,21303,19,601,75285.76689672456,2.4011293188840597,1.1279013617829248,32,0.7125,5.319815082806599,135,114,5,3378
315,100%,21303,19,601,127409.71790981051,1.4188153396459016,1.2545319845302472,39,0.5589743589743589,0.5633401783161389,135,114,5,3378
316,0%,21303,19,601,81517.73586348927,2.2486919370639047,1.1001631024225107,33,0.6909090909090913,5.37362281219248,135,114,5,3378
317,100%,21303,19,601,129622.47744679842,1.4141704353642641,1.2643673277295646,36,0.6333333333333333,0.5650451082037762,135,114,5,3378
318,0%,21303,19,601,74133.76859092343,2.408378425187332,1.0925095068906412,34,0.6705882352941178,5.167685124437412,135,114,5,3378
319,100%,21303,19,601,125700.70589840152,1.4203752284137388,1.220979268857816,41,0.5317073170731708,0.5393570768210338,135,114,5,3378
320,0%,21303,10,603,112470.32840877038,2.5823519479163184,1.0769544474871073,54,0.7370370370370372,10.733985146307532,109,199,5,3378
321,100%,21303,10,603,213712.6622651811,1.3590115277717707,1.1948136365026656,70,0.54,0.9166830488356936,109,199,5,3378
322,0%,21303,10,603,116663.20981647777,2.533227087574762,1.0747963220908203,54,0.7407407407407409,11.083851838870032,109,200,5,3378
323,100%,21303,10,603,215328.351554902,1.3724825416460187,1.2570514953225613,61,0.6229508196721312,0.929048626228905,109,200,5,3378
324,0%,21303,10,603,115454.1370243059,2.577919244937007,1.147504275628982,50,0.8199999999999997,11.085951519831724,109,205,5,3378
325,100%,21303,10,603,218537.8839163821,1.3619214957550951,1.2404982264375795,68,0.5735294117647058,0.985313681048865,109,205,5,3378
326,0%,21303,10,603,110775.10393042045,2.6485863490199297,1.091960994419016,50,0.792,11.17312755749299,109,198,5,3378
327,100%,21303,10,603,217179.97660005803,1.3509414296589308,1.2343173905996954,66,0.5696969696969697,0.9302238001728256,109,198,5,3378
328,0%,21303,10,603,121891.35467982177,2.4996029574806045,1.1193134505248088,55,0.7418181818181816,11.668862666887435,109,204,5,3378
329,100%,21303,10,603,222145.26902657552,1.3715349058932718,1.268066936592287,61,0.6032786885245903,0.9783261922857491,109,204,5,3378
330,0%,21303,14,603,97945.18643637848,2.3061943292225258,1.124005517985106,44,0.718181818181818,8.578045050569926,109,158,5,3378
331,100%,21303,14,603,158656.24024391637,1.4237109942032706,1.2069269508205873,54,0.5666666666666665,0.7859454406643636,109,158,5,3378
332,0%,21303,14,603,97264.79717098152,2.3115923938572247,1.104051503348344,43,0.730232558139535,7.973426936707256,109,157,5,3378
333,100%,21303,14,603,164902.4750144199,1.3634517329763896,1.2183475524195437,53,0.592452830188679,0.7662524938386923,109,157,5,3378
334,0%,21303,14,603,98446.57505932997,2.3429829512681817,1.139545766965814,44,0.7318181818181816,7.884507678299997,109,161,5,3378
335,100%,21303,14,603,164831.2153793941,1.3993626537536814,1.2483149469416266,52,0.5999999999999999,0.6831266021945339,109,161,5,3378
336,0%,21303,14,603,97329.94685699513,2.3866745199144175,1.0811541568380234,44,0.7318181818181819,7.903922720372066,109,161,5,3378
337,100%,21303,14,603,163818.08858821087,1.4180052165797987,1.1987774892254366,56,0.557142857142857,0.6998372046582517,109,161,5,3378
338,0%,21303,14,603,93309.25747070753,23017.07421441396,1.1069468417440338,43,0.7162790697674418,7.901910674147075,109,154,5,3378
339,100%,21303,14,603,161925.39458134407,13263.553315080691,1.1808393154510772,62,0.4967741935483869,0.7440402456595621,109,154,5,3378
