mVST-RS,0,10000,293,256,80,4,1,3.03155428146448,6408.03964650705,1.1630307354245186,1.1507876834739197,185,0.34594594594594597
Gr-based,0,10000,293,256,80,4,1,0.9043747448901058,6566.8816376576615,1.1348989480743685,1.4207813276469348,142,0.43661971830985913
mVST-RS,0,10000,294,256,80,4,2,4.921871040122028,6805.4556093731335,1.2330390218113256,1.142294814762713,167,0.38323353293413176
Gr-based,0,10000,294,256,80,4,2,0.7353583696967689,6598.044625132297,1.271799874708121,1.2763818777003548,135,0.4740740740740741
mVST-RS,0,10000,298,256,80,4,3,2.906314566982246,6370.108311199162,1.144133289033341,1.1093297390822192,181,0.35359116022099446
Gr-based,0,10000,298,256,80,4,3,0.8725508463135156,6257.835895427175,1.1646602907750756,1.2832993653331959,144,0.4375
mVST-RS,0,10000,303,256,80,4,4,4.480795603385786,6602.29063074091,1.1942798687588483,1.1179208118845747,176,0.36363636363636365
Gr-based,0,10000,303,256,80,4,4,0.9011480241368872,6425.665111115185,1.227107645922832,1.348987248524276,131,0.48854961832061067
mVST-RS,0,10000,302,256,80,4,5,4.20189742549212,6362.995653529172,1.1879938253057083,1.1529914665714163,169,0.378698224852071
Gr-based,0,10000,302,256,80,4,5,0.6863977969558164,6108.024585533491,1.2375849902017835,1.29371522685268,134,0.4701492537313433
mVST-RS,0,10000,301,256,80,4,6,3.095562883947764,6346.312863709559,1.2312052746732816,1.1368631227653854,163,0.39263803680981596
Gr-based,0,10000,301,256,80,4,6,0.9286718653162325,6202.557343044029,1.2597406908762927,1.2784516419531076,132,0.4772727272727273
mVST-RS,0,10000,301,256,80,4,7,3.1108734252268277,6282.6114082609765,1.1980467282370892,1.1491038713915973,169,0.378698224852071
Gr-based,0,10000,301,256,80,4,7,0.950669147828421,6273.813458057071,1.1997267838408217,1.3050577195740247,143,0.4405594405594406
mVST-RS,0,10000,295,256,80,4,8,2.20354355046652,6215.834973723365,1.128017094164517,1.1402631570248363,179,0.3575418994413408
Gr-based,0,10000,295,256,80,4,8,1.0001654020056776,6400.613795808506,1.0954524563655423,1.3769448086888727,136,0.47058823529411764
mVST-RS,0,10000,297,256,80,4,9,4.996561691000579,6285.040679415794,1.187931279049731,1.1638370110694285,170,0.3764705882352941
Gr-based,0,10000,297,256,80,4,9,0.8575186067387222,6338.663391664195,1.1778818264741093,1.363140620084717,142,0.4507042253521127
mVST-RS,0,10000,298,256,80,4,10,3.2152551177907753,6750.856211488401,1.1683603302325711,1.1399710214460135,174,0.367816091954023
Gr-based,0,10000,298,256,80,4,10,0.727714744306013,6362.138999134421,1.2397454053865042,1.3129818922251404,136,0.4632352941176471
mVST-RS,1,10000,288,256,80,4,1,5.831711946288124,6367.493964522182,1.2001922133704375,1.112041475605535,179,0.3575418994413408
Gr-based,1,10000,288,256,80,4,1,0.8762279815980492,6185.702671035209,1.2354645997919933,1.2801403933331152,146,0.4383561643835616
mVST-RS,1,10000,293,256,80,4,2,2.7377691335382224,6316.651546673216,1.1598704270497409,1.155412896739701,173,0.3699421965317919
Gr-based,1,10000,293,256,80,4,2,0.7244181520609345,6216.055038478749,1.1786410000573735,1.2705600939519228,151,0.41721854304635764
mVST-RS,1,10000,292,256,80,4,3,2.5959623751887193,6724.83842448714,1.1412563811871455,1.1308819492024802,179,0.3575418994413408
Gr-based,1,10000,292,256,80,4,3,0.7158326431713249,6455.457200704424,1.188880125107325,1.2760222163554245,144,0.4444444444444444
mVST-RS,1,10000,296,256,80,4,4,4.138674778601853,6979.993667399258,1.170404663511196,1.1212415152513069,175,0.3657142857142857
Gr-based,1,10000,296,256,80,4,4,0.9160298623651215,6849.175863640422,1.1927591439096967,1.3404012805747734,132,0.4772727272727273
mVST-RS,1,10000,294,256,80,4,5,4.3874500537262975,6290.363821857923,1.121341078971046,1.093890936957873,195,0.3282051282051282
Gr-based,1,10000,294,256,80,4,5,1.1628901849107933,6314.822320894619,1.1169979132719776,1.306178220652891,152,0.4144736842105263
mVST-RS,1,10000,286,256,80,4,6,5.934010520988522,6850.963428322279,1.178552322140236,1.1150696742087858,179,0.3575418994413408
Gr-based,1,10000,286,256,80,4,6,0.8914690461397186,6714.148989159848,1.2025677223402507,1.3269457315072826,141,0.44680851063829785
mVST-RS,1,10000,292,256,80,4,7,11.56658713685556,6647.927488999133,1.191293252858683,1.147190385157999,172,0.37209302325581395
Gr-based,1,10000,292,256,80,4,7,1.722082786269766,6639.404053124099,1.192822593680217,1.3491743724327647,141,0.44680851063829785
mVST-RS,1,10000,292,256,80,4,8,5.289248632769159,6429.793079914408,1.1494747626994708,1.1066180182881824,183,0.34972677595628415
Gr-based,1,10000,292,256,80,4,8,0.937679761189429,6352.689473292787,1.1634261214581922,1.3192661790492797,140,0.44285714285714284
mVST-RS,1,10000,292,256,80,4,9,10.131277874580064,6464.052544848548,1.2106499155662176,1.143945859389981,175,0.3657142857142857
Gr-based,1,10000,292,256,80,4,9,0.9564230849091473,6575.277595685264,1.1901709933542215,1.3950004611654616,138,0.463768115942029
mVST-RS,1,10000,295,256,80,4,10,15.342221881856403,6755.338547050564,1.2768593249862232,1.11093721470335,177,0.3615819209039548
Gr-based,1,10000,295,256,80,4,10,1.1680164628287457,6758.162868505456,1.2763257093784603,1.2562500841147746,149,0.4228187919463087
mVST-RS,2,10000,288,256,80,4,1,4.83553395636045,6768.395393260279,1.244692551118892,1.1431462602546718,179,0.3575418994413408
Gr-based,2,10000,288,256,80,4,1,0.8336592687096527,6712.469129346216,1.2550629532413258,1.3649767886043391,139,0.460431654676259
mVST-RS,2,10000,287,256,80,4,2,4.949631339061398,6083.611407434045,1.1613842793806042,1.1262991294195581,184,0.34782608695652173
Gr-based,2,10000,287,256,80,4,2,1.5230725929268374,6014.832199166635,1.1746646317803073,1.2735474900973764,152,0.4144736842105263
mVST-RS,2,10000,285,256,80,4,3,2.7713674522015026,6485.248259417943,1.1382193289308258,1.127406229218612,187,0.3422459893048128
Gr-based,2,10000,285,256,80,4,3,0.8876434832795894,6501.636694789049,1.1353502615273399,1.3889310889131958,138,0.45652173913043476
mVST-RS,2,10000,279,256,80,4,4,4.605672144011805,6553.809915770187,1.192015028706629,1.1601490378668984,169,0.378698224852071
Gr-based,2,10000,279,256,80,4,4,0.7055508755247502,6446.280577589619,1.211898833886273,1.3285392116648502,141,0.45390070921985815
mVST-RS,2,10000,283,256,80,4,5,2.1287530267773036,6126.462645751176,1.1465092029875925,1.1302807463951163,188,0.3404255319148936
Gr-based,2,10000,283,256,80,4,5,0.6636117955704322,6081.341863979341,1.1550157781324328,1.3436712962858992,143,0.44755244755244755
mVST-RS,2,10000,288,256,80,4,6,3.7076730740527637,6251.392237999864,1.1793801254211735,1.1184843314045507,185,0.34594594594594597
Gr-based,2,10000,288,256,80,4,6,0.7190941022936386,6304.188285490075,1.169503102989267,1.3275686780220686,151,0.423841059602649
mVST-RS,2,10000,288,256,80,4,7,3.068487878283122,6504.660848680491,1.1751128568133087,1.1420448086510773,174,0.367816091954023
Gr-based,2,10000,288,256,80,4,7,0.6887339522554612,6331.292732423547,1.2072906617237846,1.312966690089078,140,0.45714285714285713
mVST-RS,2,10000,289,256,80,4,8,5.629685830929702,6497.6171449527765,1.1835863334486754,1.1420012116069387,170,0.3764705882352941
Gr-based,2,10000,289,256,80,4,8,0.7687810227453156,6380.9269264006625,1.2052309862582833,1.2825786030343078,142,0.4507042253521127
mVST-RS,2,10000,287,256,80,4,9,4.673673685133508,6548.985974210783,1.140290083470329,1.1214453885780056,179,0.3575418994413408
Gr-based,2,10000,287,256,80,4,9,0.6818103585083009,6491.5375788194015,1.1503813499508333,1.3252869262906721,140,0.45714285714285713
mVST-RS,2,10000,284,256,80,4,10,3.395729628117806,6370.097713278791,1.145925648978875,1.120170879718551,182,0.3516483516483517
Gr-based,2,10000,284,256,80,4,10,0.6802873968408676,6253.315802913183,1.1673260372916416,1.2667257799307747,146,0.4383561643835616
mVST-RS,3,10000,303,256,80,4,1,3.9158344590414345,6414.0903802420735,1.1662468516464253,1.1261478063396522,182,0.3516483516483517
Gr-based,3,10000,303,256,80,4,1,0.8808063406995643,6180.064816983593,1.2104100739487116,1.2817056558564546,147,0.43537414965986393
mVST-RS,3,10000,300,256,80,4,2,2.6193140593286444,6372.010496049719,1.1464373843738054,1.136827066860149,186,0.34408602150537637
Gr-based,3,10000,300,256,80,4,2,0.8005318917957993,6307.59764845395,1.1581447412208077,1.308571037979933,141,0.45390070921985815
mVST-RS,3,10000,309,256,80,4,3,3.418985781743686,6407.118138646091,1.1751608591113096,1.1259959944495423,179,0.3575418994413408
Gr-based,3,10000,309,256,80,4,3,0.9489515723453223,6454.208002682013,1.1665868923205132,1.3270561751492267,146,0.4383561643835616
mVST-RS,3,10000,299,256,80,4,4,5.033257251042414,6390.4917740138735,1.1730039979160105,1.1442545248111298,176,0.36363636363636365
Gr-based,3,10000,299,256,80,4,4,0.8611858731692337,6392.906315840724,1.1725609651111948,1.3072295038140993,156,0.41025641025641024
mVST-RS,3,10000,304,256,80,4,5,5.990645904701523,6704.780616411991,1.2074769698855,1.1387806457204792,168,0.38095238095238093
Gr-based,3,10000,304,256,80,4,5,0.7572838069463614,6444.324381670404,1.256278812636941,1.283004593820137,140,0.45714285714285713
mVST-RS,3,10000,310,256,80,4,6,4.061363354652713,6523.370284957005,1.1468029365911572,1.1599835459641739,174,0.367816091954023
Gr-based,3,10000,310,256,80,4,6,1.1885898669761445,6320.031856930772,1.1836997611105764,1.3645269973497893,137,0.45255474452554745
mVST-RS,3,10000,303,256,80,4,7,4.72290308547781,6216.485956015003,1.148749090931597,1.12945554351467,178,0.3595505617977528
Gr-based,3,10000,303,256,80,4,7,1.436922622651764,6205.917477914138,1.150705373730088,1.3201713159576183,145,0.4413793103448276
mVST-RS,3,10000,301,256,80,4,8,7.169649560914877,6589.952168443765,1.1741112759328896,1.126561012489271,183,0.34972677595628415
Gr-based,3,10000,301,256,80,4,8,0.772552899034963,6687.9244080030785,1.156911573278156,1.4155339994972354,137,0.46715328467153283
mVST-RS,3,10000,308,256,80,4,9,6.676587365813248,6383.655834286961,1.2326130385183764,1.165353413968212,166,0.3855421686746988
Gr-based,3,10000,308,256,80,4,9,0.8972979865166053,6291.376952442445,1.2506924118894618,1.3023368679478347,136,0.47058823529411764
mVST-RS,3,10000,301,256,80,4,10,2.0736986335978145,6119.1064307342685,1.1355794558866061,1.1229304634720625,190,0.3368421052631579
Gr-based,3,10000,301,256,80,4,10,0.7852592469189403,6220.371248164181,1.117092738343589,1.3605165855196508,144,0.4444444444444444
mVST-RS,4,10000,285,256,80,4,1,3.588582050842888,6772.655592633833,1.160654775309696,1.1432999876591348,177,0.3615819209039548
Gr-based,4,10000,285,256,80,4,1,1.0112994439496106,6624.216171145129,1.1866634258343498,1.2845975204487008,146,0.4315068493150685
mVST-RS,4,10000,278,256,80,4,2,3.3179993699723127,6587.487833601454,1.1164746486499237,1.109531785638789,197,0.3248730964467005
Gr-based,4,10000,278,256,80,4,2,0.6818628608152721,6336.6609316729155,1.1606685672171717,1.3439851731204082,142,0.44366197183098594
mVST-RS,4,10000,285,256,80,4,3,3.3303764928623423,6300.569973961003,1.1855486388384053,1.1463075692367652,171,0.3742690058479532
Gr-based,4,10000,285,256,80,4,3,0.7759616014709536,6091.599983563279,1.2262184281125819,1.2793573308409758,141,0.45390070921985815
mVST-RS,4,10000,285,256,80,4,4,3.35857694272363,6524.773813658368,1.1472207459013861,1.124242105149421,181,0.35359116022099446
Gr-based,4,10000,285,256,80,4,4,0.8769266965155111,6372.845603525349,1.1745704112464632,1.3458505644954821,141,0.45390070921985815
mVST-RS,4,10000,284,256,80,4,5,4.441428741736672,6308.099046752846,1.2335856527681048,1.1221790113025307,172,0.37209302325581395
Gr-based,4,10000,284,256,80,4,5,0.7952552125316288,6288.194471962091,1.237490429885894,1.26781353729712,142,0.44366197183098594
mVST-RS,4,10000,285,256,80,4,6,3.394691029842761,6118.2020932902515,1.1679810558794221,1.1293058434058783,178,0.3595505617977528
Gr-based,4,10000,285,256,80,4,6,0.9309776245436296,6004.605622694525,1.1900771824208742,1.2645530120677193,146,0.4383561643835616
mVST-RS,4,10000,289,256,80,4,7,6.027042241066738,6225.154133126747,1.1992202555269182,1.1190739285384619,177,0.3615819209039548
Gr-based,4,10000,289,256,80,4,7,0.7537203608681011,6158.211752588813,1.2122562896744178,1.288322175692576,142,0.4507042253521127
mVST-RS,4,10000,283,256,80,4,8,3.7484559189833817,6306.2275599462155,1.1382816552946342,1.1264414479914568,183,0.34972677595628415
Gr-based,4,10000,283,256,80,4,8,0.7358237848875433,6403.662835516125,1.1209620696748728,1.3356167928823364,146,0.4383561643835616
mVST-RS,4,10000,279,256,80,4,9,2.945391284301877,6540.18873914868,1.1620993166302374,1.1432459698106805,180,0.35555555555555557
Gr-based,4,10000,279,256,80,4,9,0.7256967608827836,6307.348658741662,1.204999006018759,1.2817129008418582,147,0.42857142857142855
mVST-RS,4,10000,288,256,80,4,10,1.9226408107933821,6252.698433528131,1.1510248732689616,1.1024458645350985,183,0.34972677595628415
Gr-based,4,10000,288,256,80,4,10,0.7463708273480734,6237.328658028706,1.153861182667798,1.318372610567694,143,0.43356643356643354
mVST-RS,0,10000,571,256,80,4,1,4.661890272546202,6054.866248495312,1.23086898320151,1.165115085326151,163,0.39263803680981596
Gr-based,0,10000,571,256,80,4,1,1.4394608920970882,6075.106607902166,1.226768111857073,1.404766701206489,124,0.5080645161290323
mVST-RS,0,10000,577,256,80,4,2,8.588233877646758,6459.248351243783,1.2991282996489852,1.137935077238251,151,0.423841059602649
Gr-based,0,10000,577,256,80,4,2,1.2991881485318117,6258.936384156699,1.3407058024751701,1.2638424095137004,123,0.5121951219512195
mVST-RS,0,10000,573,256,80,4,3,6.345653085280333,6028.783220047502,1.2089094445053696,1.1417383631211129,157,0.40764331210191085
Gr-based,0,10000,573,256,80,4,3,1.1706001290057202,5831.468662475131,1.2498143084417201,1.319520253630282,124,0.5161290322580645
mVST-RS,0,10000,577,256,80,4,4,6.195578989918772,6294.595773155507,1.2526591177810062,1.1605741124876952,155,0.4129032258064516
Gr-based,0,10000,577,256,80,4,4,1.6795338110912326,6101.474626513182,1.2923077240583511,1.3954236754475635,112,0.5714285714285714
mVST-RS,0,10000,581,256,80,4,5,8.178961417514984,6103.904649623119,1.2384203195746928,1.167627315349903,154,0.4155844155844156
Gr-based,0,10000,581,256,80,4,5,2.291085818771535,5874.696148468231,1.286738812663648,1.2989288278180664,120,0.5333333333333333
mVST-RS,0,10000,578,256,80,4,6,7.986236500393716,6210.341073680658,1.258161794951987,1.1633085129832719,153,0.41830065359477125
Gr-based,0,10000,578,256,80,4,6,1.8669619164843425,5925.357518288895,1.3186738265849816,1.308957798978234,118,0.5338983050847458
mVST-RS,0,10000,580,256,80,4,7,6.6175135854653035,5979.642509505995,1.258747831577962,1.142197614545196,153,0.41830065359477125
Gr-based,0,10000,580,256,80,4,7,2.3003708320864007,5885.013258365958,1.278988119823199,1.30721263363343,120,0.5333333333333333
mVST-RS,0,10000,575,256,80,4,8,3.4098278792778274,5826.232110013129,1.2034481243573054,1.1556135509912657,155,0.4129032258064516
Gr-based,0,10000,575,256,80,4,8,1.947842707824293,5811.98444949888,1.2063982905993764,1.3522824279127503,123,0.5203252032520326
mVST-RS,0,10000,574,256,80,4,9,6.465899159252558,6078.625400952353,1.2282705251105368,1.1612502376906475,159,0.4025157232704403
Gr-based,0,10000,574,256,80,4,9,1.2678190067827018,5942.366172928078,1.256434927755227,1.3636144424780698,122,0.5245901639344263
mVST-RS,0,10000,573,256,80,4,10,6.545051716746457,6432.46601575835,1.2261911020259482,1.1417145596887608,154,0.4155844155844156
Gr-based,0,10000,573,256,80,4,10,1.6483553356160883,6169.769705189437,1.2783998381613848,1.330803147345027,118,0.5338983050847458
mVST-RS,1,10000,570,256,80,4,1,8.104792631676446,5984.312672410769,1.2770416743321882,1.1268754090115012,162,0.3950617283950617
Gr-based,1,10000,570,256,80,4,1,1.462690202437443,5875.417960196131,1.3007103029394813,1.2922112878615233,130,0.49230769230769234
mVST-RS,1,10000,572,256,80,4,2,6.606721005896816,6068.963984496516,1.2072072508059344,1.1708004449046663,156,0.41025641025641024
Gr-based,1,10000,572,256,80,4,2,2.4739371440800824,5948.14072611574,1.2317289829402918,1.290566258199721,131,0.48854961832061067
mVST-RS,1,10000,574,256,80,4,3,4.028701787683531,6234.8094303900225,1.2309541855425015,1.1417233978116068,155,0.4129032258064516
Gr-based,1,10000,574,256,80,4,3,1.6378785593997236,5999.813205965745,1.2791672842026602,1.3169665921716516,124,0.5080645161290323
mVST-RS,1,10000,579,256,80,4,4,6.4131465777572885,6571.641446404796,1.2431319033803983,1.1530971009775917,153,0.41830065359477125
Gr-based,1,10000,579,256,80,4,4,1.18514918945084,6392.65461828798,1.2779381379735109,1.3489375855276304,119,0.5378151260504201
mVST-RS,1,10000,579,256,80,4,5,3.5401093942809894,6053.70279668163,1.1651783366354043,1.1450476542929289,167,0.38323353293413176
Gr-based,1,10000,579,256,80,4,5,1.0674252000021625,5974.522917956119,1.1806203527855315,1.3523940511102197,132,0.48484848484848486
mVST-RS,1,10000,569,256,80,4,6,6.457993022324899,6392.608120962309,1.2630555016927276,1.1442045427408805,157,0.40764331210191085
Gr-based,1,10000,569,256,80,4,6,1.5204395824766834,6085.824369806221,1.3267255784452001,1.2987400478822961,124,0.5080645161290323
mVST-RS,1,10000,573,256,80,4,7,10.24617226599139,6286.472451305922,1.2597893690750601,1.1545298308549834,155,0.4129032258064516
Gr-based,1,10000,573,256,80,4,7,1.3572695168445534,6279.312024107891,1.2612259325118635,1.3620977380596562,125,0.512
mVST-RS,1,10000,578,256,80,4,8,5.924538394187493,6074.861339859319,1.216634333074748,1.1487357750201581,157,0.40764331210191085
Gr-based,1,10000,578,256,80,4,8,1.071449324220339,5980.267442240102,1.2358786536096484,1.3032311854501364,130,0.4846153846153846
mVST-RS,1,10000,571,256,80,4,9,12.68382399963366,6154.884514992814,1.271462469941343,1.189272237310356,156,0.41025641025641024
Gr-based,1,10000,571,256,80,4,9,1.1465876263509927,6124.493411348901,1.2777717505802493,1.3814314266879977,124,0.5161290322580645
mVST-RS,1,10000,576,256,80,4,10,19.551496473661246,6481.798707207066,1.3307443515099648,1.124081842434206,165,0.3878787878787879
Gr-based,1,10000,576,256,80,4,10,1.5483139653770195,6440.140159253903,1.339352374939567,1.2965644419525324,130,0.49230769230769234
mVST-RS,2,10000,574,256,80,4,1,7.227099322522918,6487.511788626137,1.2985828162637632,1.1765191337191971,157,0.40764331210191085
Gr-based,2,10000,574,256,80,4,1,1.1594885880513175,6295.649012854962,1.338157720008934,1.3443848778344913,123,0.5203252032520326
mVST-RS,2,10000,584,256,80,4,2,8.201497934251165,5800.291388859648,1.2181130527381125,1.1309812608800052,167,0.38323353293413176
Gr-based,2,10000,584,256,80,4,2,1.4083404454877382,5727.255602685578,1.233646818057388,1.3010055394989584,136,0.47058823529411764
mVST-RS,2,10000,584,256,80,4,3,3.7647936106668567,6117.17182210923,1.2067071412159998,1.146758133338,162,0.3950617283950617
Gr-based,2,10000,584,256,80,4,3,1.607637230373257,6003.734631157065,1.2295071943181266,1.317131969620223,126,0.5
mVST-RS,2,10000,571,256,80,4,4,12.545014609851933,6126.022437153795,1.2752548648049395,1.130009235541209,156,0.41025641025641024
Gr-based,2,10000,571,256,80,4,4,2.715959754020332,5969.929102390094,1.3085984407682354,1.2570284014861413,132,0.48484848484848486
mVST-RS,2,10000,578,256,80,4,5,3.261007917979441,5855.324188445507,1.199599813614796,1.1384945554731005,161,0.39751552795031053
Gr-based,2,10000,578,256,80,4,5,1.3388727873043536,5711.353827344045,1.2298390219644009,1.323100703097674,130,0.49230769230769234
mVST-RS,2,10000,584,256,80,4,6,5.717716410168578,5958.698712565228,1.2373117214606146,1.1273674650531076,162,0.3950617283950617
Gr-based,2,10000,584,256,80,4,6,1.0850193942733313,5935.103920053787,1.2422306097788451,1.3355398561071756,135,0.4740740740740741
mVST-RS,2,10000,586,256,80,4,7,3.8137190502839076,6142.734736795311,1.2443497757942201,1.1496811352182361,166,0.3855421686746988
Gr-based,2,10000,586,256,80,4,7,1.2578637008527949,6009.901045444281,1.2718529863796704,1.3253662792464735,130,0.49230769230769234
mVST-RS,2,10000,583,256,80,4,8,8.498562699992362,6129.1239485008,1.2547455260109435,1.1444270209866056,163,0.39263803680981596
Gr-based,2,10000,583,256,80,4,8,1.1798586937902655,5964.848224813595,1.2893020179047792,1.2889466025131826,134,0.47761194029850745
mVST-RS,2,10000,583,256,80,4,9,6.660234673470768,6146.129508119428,1.215031956829654,1.1345155072220898,164,0.3902439024390244
Gr-based,2,10000,583,256,80,4,9,1.455966749064828,6094.057744182806,1.2254140142185719,1.3062463831543056,128,0.5
mVST-RS,2,10000,577,256,80,4,10,5.845960598794591,6066.960294340381,1.203182154160033,1.1171436554688312,166,0.3855421686746988
Gr-based,2,10000,577,256,80,4,10,1.3111041985266638,5948.5467523389,1.2271330562002736,1.293501481544051,131,0.48854961832061067
mVST-RS,3,10000,588,256,80,4,1,5.514356420400873,6133.8065782560725,1.2195384084412602,1.1435364124803564,167,0.38323353293413176
Gr-based,3,10000,588,256,80,4,1,1.08984131671059,5986.624356586067,1.2495209765255295,1.3395328635509514,129,0.49612403100775193
mVST-RS,3,10000,586,256,80,4,2,4.135804915636982,5970.116902416808,1.2236127308221445,1.1473100358611383,167,0.38323353293413176
Gr-based,3,10000,586,256,80,4,2,1.3701886372382432,5991.537339414596,1.2192381741891005,1.3594355299208558,123,0.5203252032520326
mVST-RS,3,10000,595,256,80,4,3,4.590960839595027,6121.152476659771,1.2300615749973414,1.13207495322317,160,0.4
Gr-based,3,10000,595,256,80,4,3,1.1633177036992493,6207.011336641272,1.2130466738140822,1.3476079976052633,131,0.48854961832061067
mVST-RS,3,10000,584,256,80,4,4,6.795196394157756,6005.765576854855,1.2481460196275682,1.1652434227977737,159,0.4025157232704403
Gr-based,3,10000,584,256,80,4,4,1.0428083286824403,5885.970714527525,1.273549047919341,1.2978563791087856,135,0.4740740740740741
mVST-RS,3,10000,592,256,80,4,5,8.201831501542074,6441.156234763063,1.2568967258950503,1.160696767435301,156,0.41025641025641024
Gr-based,3,10000,592,256,80,4,5,1.1887477686514103,6352.642686687333,1.2744094988087358,1.3554311301792152,124,0.5161290322580645
mVST-RS,3,10000,597,256,80,4,6,5.1929854548870935,6272.800720572867,1.192612444186969,1.1631795966616032,156,0.41025641025641024
Gr-based,3,10000,597,256,80,4,6,1.1434572256202955,6113.152562275988,1.223758138382682,1.3812460763107532,123,0.5203252032520326
mVST-RS,3,10000,591,256,80,4,7,4.2874753969454105,5964.154601387442,1.197350348547306,1.152821560954418,162,0.3950617283950617
Gr-based,3,10000,591,256,80,4,7,1.0716593334491336,5821.895650408165,1.2266077957375643,1.2755567727281085,135,0.4740740740740741
mVST-RS,3,10000,586,256,80,4,8,10.369440972800476,6230.776610365277,1.2417933802917425,1.1766441953553288,157,0.40764331210191085
Gr-based,3,10000,586,256,80,4,8,1.601522882716381,6211.505595690463,1.245646007981765,1.3779237333552592,120,0.5333333333333333
mVST-RS,3,10000,592,256,80,4,9,10.213483066229855,6184.356281498768,1.2723357220371974,1.1784408740894903,153,0.41830065359477125
Gr-based,3,10000,592,256,80,4,9,1.550808417106964,6121.759032278551,1.285345825156938,1.3114345513648995,129,0.49612403100775193
mVST-RS,3,10000,588,256,80,4,10,3.4790121039532096,5944.526685114319,1.1689293225860626,1.165221561338551,163,0.39263803680981596
Gr-based,3,10000,588,256,80,4,10,1.138936105875473,5967.253219047397,1.1644774062788539,1.4187319003355718,121,0.5289256198347108
mVST-RS,4,10000,607,256,80,4,1,8.339803617684083,6333.894130178465,1.2410556434256177,1.1668728011078133,153,0.41830065359477125
Gr-based,4,10000,607,256,80,4,1,2.2540073471645883,6156.05744562569,1.2769073590604596,1.3151734234129924,125,0.512
mVST-RS,4,10000,602,256,80,4,2,7.762842735457525,6264.304476545163,1.1740749818345466,1.1385888877670902,170,0.3764705882352941
Gr-based,4,10000,602,256,80,4,2,2.0001405324928783,5897.921495541304,1.2470093354185654,1.2971201673185124,127,0.5039370078740157
mVST-RS,4,10000,608,256,80,4,3,7.635198573201706,6062.810581092924,1.232041155933502,1.1399222018803856,157,0.40764331210191085
Gr-based,4,10000,608,256,80,4,3,1.3888344566730666,5732.512319889015,1.303029411837393,1.3031818956026537,124,0.5161290322580645
mVST-RS,4,10000,608,256,80,4,4,5.109408492426155,6243.265205252061,1.198948888963748,1.1511842333918185,159,0.4025157232704403
Gr-based,4,10000,608,256,80,4,4,2.0001302688833675,5872.392869631136,1.2746687845176754,1.2985467276717544,119,0.5378151260504201
mVST-RS,4,10000,605,256,80,4,5,7.337877217234563,6093.259367856487,1.2770801324106293,1.1762461410970815,149,0.42953020134228187
Gr-based,4,10000,605,256,80,4,5,1.5263995812438225,5992.650621500361,1.2985206333230588,1.3167814544966754,125,0.512
mVST-RS,4,10000,607,256,80,4,6,8.420179913169704,5755.568846181895,1.241570439339855,1.1393837770521038,158,0.4050632911392405
Gr-based,4,10000,607,256,80,4,6,1.844349212189627,5709.215152113173,1.2516508750523938,1.2710952428557065,128,0.5
mVST-RS,4,10000,610,256,80,4,7,10.523699067827692,5955.516861705297,1.2535152033949735,1.1135735388964074,163,0.39263803680981596
Gr-based,4,10000,610,256,80,4,7,1.5591574682348437,5790.536443506036,1.2892295909120681,1.3353916088470197,125,0.512
mVST-RS,4,10000,603,256,80,4,8,6.152796320258858,6062.021876556158,1.1841367932638014,1.1618225389341608,165,0.3878787878787879
Gr-based,4,10000,603,256,80,4,8,1.5736094191524899,6130.250309961953,1.170957592699795,1.3834218666945135,131,0.48854961832061067
mVST-RS,4,10000,600,256,80,4,9,4.1613423537310155,6189.414542650683,1.2279592539850344,1.1454281420259953,160,0.4
Gr-based,4,10000,600,256,80,4,9,1.625242477761276,5933.199871415342,1.28098648774905,1.2859146124939955,127,0.5039370078740157
mVST-RS,4,10000,608,256,80,4,10,3.402582166112552,5864.533370809661,1.2272095607577944,1.0947577762592196,168,0.38095238095238093
Gr-based,4,10000,608,256,80,4,10,1.6453749414777121,5826.448260594238,1.23523132792854,1.2986553735639685,132,0.48484848484848486
mVST-RS,0,10000,1116,256,80,4,1,7.7617488715951595,5712.872887892071,1.30455327975212,1.139616482470176,141,0.45390070921985815
Gr-based,0,10000,1116,256,80,4,1,2.046440461988709,5733.029686964081,1.2999665917748213,1.334979789699516,114,0.5614035087719298
mVST-RS,0,10000,1129,256,80,4,2,10.7272718301042,6260.890607707712,1.3402873254535543,1.1651903253250129,135,0.4740740740740741
Gr-based,0,10000,1129,256,80,4,2,2.1343364300483927,6151.958207623156,1.3640197225598365,1.3010529129294686,113,0.5663716814159292
mVST-RS,0,10000,1119,256,80,4,3,8.478510371376842,5806.280873284894,1.255236033641549,1.1689520070901878,142,0.4507042253521127
Gr-based,0,10000,1119,256,80,4,3,2.233595002727725,5519.79393832497,1.3203849736105553,1.265327142611223,115,0.5565217391304348
mVST-RS,0,10000,1125,256,80,4,4,10.0444647172651,6037.402871420082,1.3060223006344398,1.175111748947752,133,0.48120300751879697
Gr-based,0,10000,1125,256,80,4,4,2.0913259872208982,5644.347003447586,1.3969698856524686,1.2766046574854777,109,0.5871559633027523
mVST-RS,0,10000,1128,256,80,4,5,11.539642794828069,5915.841022389192,1.27778950080488,1.1756290813275356,145,0.4413793103448276
Gr-based,0,10000,1128,256,80,4,5,3.23821757429846,5564.947043855062,1.3583596550459098,1.3035016365952468,114,0.5614035087719298
mVST-RS,0,10000,1125,256,80,4,6,12.024025529542996,5931.592835570209,1.3172876306798926,1.1599741452824552,141,0.45390070921985815
Gr-based,0,10000,1125,256,80,4,6,2.8021677531617115,5620.218001245118,1.3902688242333407,1.272623171245752,111,0.5765765765765766
mVST-RS,0,10000,1127,256,80,4,7,10.703058002812213,5763.705112837873,1.3059068594066356,1.159576033777895,144,0.4444444444444444
Gr-based,0,10000,1127,256,80,4,7,3.0777721020895115,5702.158989790086,1.3200021353191278,1.3446369359193937,109,0.5871559633027523
mVST-RS,0,10000,1118,256,80,4,8,7.483253737730138,5516.187756813436,1.271089457788147,1.133390853580232,144,0.4444444444444444
Gr-based,0,10000,1118,256,80,4,8,2.8442185485519076,5477.499305400578,1.2800673654038626,1.2803938990038843,117,0.5470085470085471
mVST-RS,0,10000,1120,256,80,4,9,12.972955785161957,5886.002752141167,1.2684663476349882,1.2020747314845033,140,0.45714285714285713
Gr-based,0,10000,1120,256,80,4,9,3.4390941654542075,5663.392927418411,1.3183256943080177,1.3340770810003713,109,0.5871559633027523
mVST-RS,0,10000,1115,256,80,4,10,9.56413887136614,6123.845039231477,1.2879869660446273,1.1449664816542127,139,0.460431654676259
Gr-based,0,10000,1115,256,80,4,10,2.3757866464134167,5826.883211135624,1.3536280558247158,1.3263302416484288,108,0.5925925925925926
mVST-RS,1,10000,1151,256,80,4,1,13.67766070245716,5837.037440734575,1.3092629184747917,1.140915439082495,145,0.4413793103448276
Gr-based,1,10000,1151,256,80,4,1,2.7102993736830285,5729.990045034179,1.3337225047233383,1.3242116722826989,116,0.5517241379310345
mVST-RS,1,10000,1145,256,80,4,2,7.653990056931434,5747.757144256091,1.2746706485826147,1.1523801818577992,144,0.4444444444444444
Gr-based,1,10000,1145,256,80,4,2,2.7733368808576415,5671.121476303424,1.29189567840819,1.311281708727673,116,0.5517241379310345
mVST-RS,1,10000,1166,256,80,4,3,6.700709215378993,5977.178768907356,1.2840112469651674,1.145478317687911,143,0.44755244755244755
Gr-based,1,10000,1166,256,80,4,3,2.964171320160858,5931.664458467857,1.2938636057611463,1.3041217062601322,116,0.5517241379310345
mVST-RS,1,10000,1162,256,80,4,4,12.112215984227987,6230.860507377787,1.311121815346296,1.1628859911013298,136,0.47058823529411764
Gr-based,1,10000,1162,256,80,4,4,3.0215551578185114,6121.784947264913,1.334482868963346,1.3318427732635576,110,0.5818181818181818
mVST-RS,1,10000,1168,256,80,4,5,8.483797709004648,5800.553247929517,1.216029411960034,1.1558542085348718,158,0.4050632911392405
Gr-based,1,10000,1168,256,80,4,5,2.2766074193259556,5621.058759329757,1.2548602775971793,1.3429179333412644,122,0.5245901639344263
mVST-RS,1,10000,1149,256,80,4,6,11.771529696173275,6137.919622774029,1.3154650685532951,1.1296144262227183,144,0.4444444444444444
Gr-based,1,10000,1149,256,80,4,6,2.545046979696963,5736.504032334777,1.4075155899543261,1.261214050508828,118,0.5423728813559322
mVST-RS,1,10000,1163,256,80,4,7,22.119784211568913,6052.341446047514,1.3085235249426244,1.1650109331258298,142,0.4507042253521127
Gr-based,1,10000,1163,256,80,4,7,3.3165687807859285,5821.622684648027,1.3603820776676205,1.3119550073885085,117,0.5470085470085471
mVST-RS,1,10000,1161,256,80,4,8,13.419860162275654,5862.573722553471,1.2606894556069104,1.1483634286882736,145,0.4413793103448276
Gr-based,1,10000,1161,256,80,4,8,3.3996124303357647,5764.143865401075,1.2822172810613996,1.3324517630019845,116,0.5517241379310345
mVST-RS,1,10000,1159,256,80,4,9,20.271438902709633,5741.5457673108485,1.362996131144974,1.1805353035731476,136,0.47058823529411764
Gr-based,1,10000,1159,256,80,4,9,2.2978230885410085,5614.920851589216,1.3937337452266214,1.343045302415359,108,0.5925925925925926
mVST-RS,1,10000,1154,256,80,4,10,30.805405132277883,6192.890371849932,1.3928257242286308,1.138958592376452,153,0.41830065359477125
Gr-based,1,10000,1154,256,80,4,10,3.102964919774422,6099.430425164547,1.4141676215624182,1.3083232633209074,118,0.5423728813559322
mVST-RS,2,10000,1152,256,80,4,1,9.876674053833995,6319.359636813309,1.3331368703786555,1.1601867225161249,149,0.42953020134228187
Gr-based,2,10000,1152,256,80,4,1,2.167223796413964,6227.862102903608,1.3527228428983222,1.322647034707294,117,0.5470085470085471
mVST-RS,2,10000,1164,256,80,4,2,10.281694221825092,5522.555768203524,1.279373345785655,1.1089314016885328,155,0.4129032258064516
Gr-based,2,10000,1164,256,80,4,2,3.231884927574356,5438.276378482013,1.2992003639996283,1.3137634132579805,121,0.5289256198347108
mVST-RS,2,10000,1166,256,80,4,3,3.9135156729262235,5916.351489775651,1.2476667308460418,1.1363987303817038,148,0.43243243243243246
Gr-based,2,10000,1166,256,80,4,3,2.1017103909571233,5658.114526203774,1.304610376406978,1.3028173107575374,114,0.5526315789473685
mVST-RS,2,10000,1152,256,80,4,4,10.493045220671775,5891.902200685849,1.3259283078349813,1.158203856972393,144,0.4444444444444444
Gr-based,2,10000,1152,256,80,4,4,1.8854857568740044,5697.91479346943,1.3710699787645924,1.2910358774478372,115,0.5565217391304348
mVST-RS,2,10000,1159,256,80,4,5,4.520868680281637,5591.282695335788,1.2562494489811526,1.1638786278911075,143,0.44755244755244755
Gr-based,2,10000,1159,256,80,4,5,1.9580901318558972,5409.02499135935,1.2985789151157565,1.313590648542964,118,0.5423728813559322
mVST-RS,2,10000,1172,256,80,4,6,7.190070195189946,5691.397134328879,1.2954231777710266,1.1512525802191649,153,0.41830065359477125
Gr-based,2,10000,1172,256,80,4,6,2.119677627938472,5589.907987369388,1.3189425976900304,1.3511307657138418,118,0.5423728813559322
mVST-RS,2,10000,1167,256,80,4,7,5.700359068411672,5863.273092275417,1.3036593165965333,1.1403171523255988,155,0.4129032258064516
Gr-based,2,10000,1167,256,80,4,7,2.0528923244783073,5684.459860074135,1.3446678806163521,1.332479310808768,116,0.5517241379310345
mVST-RS,2,10000,1157,256,80,4,8,11.995975086273575,5875.1055548441755,1.3089962011672964,1.1536225189059983,148,0.43243243243243246
Gr-based,2,10000,1157,256,80,4,8,1.9887123986763982,5672.773055347604,1.3556845616269178,1.3046543946887605,122,0.5245901639344263
mVST-RS,2,10000,1158,256,80,4,9,9.243606758505848,5851.165357892123,1.2762831515445454,1.1514054923635404,148,0.43243243243243246
Gr-based,2,10000,1158,256,80,4,9,2.2613939875791402,5817.024708700261,1.283773773903635,1.352866893456219,107,0.5981308411214953
mVST-RS,2,10000,1163,256,80,4,10,9.324321753087133,5809.222134270257,1.2565638199794567,1.1158840905591774,157,0.40764331210191085
Gr-based,2,10000,1163,256,80,4,10,1.8974124652322644,5719.910996140879,1.2761839058462263,1.2978440210944482,118,0.5423728813559322
mVST-RS,3,10000,1153,256,80,4,1,6.817052749423965,5856.431860117075,1.2772986847290668,1.1716072842114928,143,0.44755244755244755
Gr-based,3,10000,1153,256,80,4,1,2.141548194354982,5687.801307805323,1.3151677260363568,1.3015784309543739,119,0.5378151260504201
mVST-RS,3,10000,1148,256,80,4,2,5.983103731137817,5726.336689639471,1.2757040743885428,1.1864029264039198,146,0.4383561643835616
Gr-based,3,10000,1148,256,80,4,2,1.8341171835709247,5732.234169186892,1.2743915950889864,1.3406254375842315,115,0.5565217391304348
mVST-RS,3,10000,1153,256,80,4,3,5.35768598251525,5860.4187780494485,1.2847877841837507,1.1367989795233473,148,0.43243243243243246
Gr-based,3,10000,1153,256,80,4,3,2.0680011463664414,5851.525140858006,1.2867405120872408,1.347766930887942,119,0.5378151260504201
mVST-RS,3,10000,1141,256,80,4,4,9.094729952605121,5720.541521822396,1.3103781121021607,1.157245838564179,145,0.4413793103448276
Gr-based,3,10000,1141,256,80,4,4,1.8190553374315641,5640.52107804622,1.3289680679934917,1.3602337872040318,112,0.5714285714285714
mVST-RS,3,10000,1148,256,80,4,5,11.173409199825983,6184.240257131383,1.3091128167467943,1.1364255219192398,145,0.4413793103448276
Gr-based,3,10000,1148,256,80,4,5,1.990313521671851,5835.381697732528,1.3873759424508634,1.3114439316428086,115,0.5565217391304348
mVST-RS,3,10000,1159,256,80,4,6,6.3277067702711065,5974.687430132955,1.2521190918758591,1.1601952082559284,145,0.4413793103448276
Gr-based,3,10000,1159,256,80,4,6,1.8596242255898687,5738.79428693994,1.3035874480263419,1.373335905342211,115,0.5565217391304348
mVST-RS,3,10000,1150,256,80,4,7,5.466220489162879,5700.9487444929555,1.2526305551614658,1.1391393103111973,146,0.4383561643835616
Gr-based,3,10000,1150,256,80,4,7,2.296831860769089,5469.223015625343,1.3057033092926018,1.2657723313860394,118,0.5423728813559322
mVST-RS,3,10000,1147,256,80,4,8,14.269368022225535,5965.814665478663,1.296945611401661,1.1718682841913635,149,0.42953020134228187
Gr-based,3,10000,1147,256,80,4,8,2.287259466402247,5954.3795791824305,1.2994363301727232,1.3418577465974673,115,0.5565217391304348
mVST-RS,3,10000,1157,256,80,4,9,12.468107414193582,5886.968612218959,1.3366093711497014,1.1374528917091788,143,0.44755244755244755
Gr-based,3,10000,1157,256,80,4,9,2.1909236537485413,5678.845112861263,1.3855946514433921,1.2756169154967847,118,0.5423728813559322
mVST-RS,3,10000,1150,256,80,4,10,4.562116545648678,5636.506532529705,1.2328082139216139,1.163556902438826,150,0.4266666666666667
Gr-based,3,10000,1150,256,80,4,10,2.1317124989436707,5646.1869704612445,1.2306945532407338,1.3859207230844626,116,0.5517241379310345
mVST-RS,4,10000,1197,256,80,4,1,8.018340674445426,6030.6451823605075,1.3034617055751816,1.1531817625260532,140,0.45714285714285713
Gr-based,4,10000,1197,256,80,4,1,2.052553625382643,5940.250265835169,1.3232969493438005,1.3238896749291145,116,0.5517241379310345
mVST-RS,4,10000,1196,256,80,4,2,6.595144444505422,5908.722879057678,1.244729752104869,1.163272122709255,150,0.4266666666666667
Gr-based,4,10000,1196,256,80,4,2,2.26595655651181,5638.88796172956,1.3042931894411995,1.3259728138342,115,0.5565217391304348
mVST-RS,4,10000,1195,256,80,4,3,7.1958651867062144,5880.9908307013575,1.270131576730375,1.142357548452842,144,0.4444444444444444
Gr-based,4,10000,1195,256,80,4,3,2.261327274120049,5537.950722224441,1.3488079853363608,1.2890221729040257,110,0.5818181818181818
mVST-RS,4,10000,1207,256,80,4,4,6.607306426361902,5922.13627337693,1.2639621136368537,1.1585653395909907,140,0.45714285714285713
Gr-based,4,10000,1207,256,80,4,4,1.8586065492872876,5496.5962629062715,1.361816572168096,1.2854522801072725,107,0.5887850467289719
mVST-RS,4,10000,1194,256,80,4,5,11.822681154670136,5766.626928690212,1.3494163185066526,1.1238376063950788,144,0.4444444444444444
Gr-based,4,10000,1194,256,80,4,5,2.135794652027471,5687.5812930213015,1.368170418919993,1.3194389539512745,114,0.5614035087719298
mVST-RS,4,10000,1198,256,80,4,6,9.409767481885865,5581.625617455753,1.2802621728438572,1.1283631288392375,155,0.4129032258064516
Gr-based,4,10000,1198,256,80,4,6,2.7698902820211515,5504.02169046613,1.2983132231078935,1.2943563720200102,120,0.5333333333333333
mVST-RS,4,10000,1202,256,80,4,7,10.933836434391196,5718.4519495302375,1.3054810980506666,1.1278988539012014,149,0.42953020134228187
Gr-based,4,10000,1202,256,80,4,7,2.480828367983122,5589.04282632829,1.3357083068062734,1.302808239081831,123,0.5203252032520326
mVST-RS,4,10000,1196,256,80,4,8,6.913870556942129,5796.337090532055,1.2384136797919245,1.1765874891856944,147,0.43537414965986393
Gr-based,4,10000,1196,256,80,4,8,2.006340541807731,5810.753727773421,1.2353411419400844,1.32871397088624,121,0.5289256198347108
mVST-RS,4,10000,1197,256,80,4,9,6.881477817578343,5973.453132062336,1.2723543143919223,1.1467102938275482,154,0.4155844155844156
Gr-based,4,10000,1197,256,80,4,9,2.001284530137127,5746.2917133349965,1.3226528069850483,1.3083474720145063,114,0.5614035087719298
mVST-RS,4,10000,1197,256,80,4,10,3.7343750370091584,5709.776565332059,1.260471638371755,1.1172443784481343,155,0.4129032258064516
Gr-based,4,10000,1197,256,80,4,10,2.0041014960388566,5456.971245384276,1.3188655571766612,1.3177300432418524,116,0.5517241379310345
mVST-RS,0,10000,2345,256,80,4,1,10.090333969940275,5406.634500567226,1.378444772237642,1.0967318913511297,126,0.5079365079365079
Gr-based,0,10000,2345,256,80,4,1,3.7293375787830882,5366.611987979079,1.388724781929515,1.2979039478711654,105,0.6095238095238096
mVST-RS,0,10000,2351,256,80,4,2,14.859605277389619,6048.128390687766,1.3874362092712809,1.13494359097753,122,0.5245901639344263
Gr-based,0,10000,2351,256,80,4,2,4.325166527055444,5846.1656177162995,1.4353668500482535,1.260986485682674,106,0.6037735849056604
mVST-RS,0,10000,2355,256,80,4,3,10.79165781759366,5657.011112442758,1.2883575493709387,1.13507983042154,134,0.47761194029850745
Gr-based,0,10000,2355,256,80,4,3,4.421491681344833,5383.636539224187,1.3537787925485028,1.3316735213212727,103,0.6213592233009708
mVST-RS,0,10000,2351,256,80,4,4,15.010715207747126,5798.174130412818,1.3599078969757732,1.1735609851800721,119,0.5378151260504201
Gr-based,0,10000,2351,256,80,4,4,4.605329497375351,5294.430812386927,1.4892975406423687,1.278888683159182,100,0.64
mVST-RS,0,10000,2358,256,80,4,5,14.025111498321166,5788.495790232585,1.3059005000219555,1.147031111457398,134,0.47761194029850745
Gr-based,0,10000,2358,256,80,4,5,4.327060162906946,5290.740545225693,1.4287602051590031,1.2564844618948128,109,0.5779816513761468
mVST-RS,0,10000,2353,256,80,4,6,13.244137702894022,5783.511682988104,1.3510154903826757,1.138078547601474,124,0.5161290322580645
Gr-based,0,10000,2353,256,80,4,6,4.628699340207731,5451.196628024494,1.43337589995497,1.2528905134037476,104,0.6153846153846154
mVST-RS,0,10000,2357,256,80,4,7,14.31455000785536,5562.293112170166,1.3531940677458147,1.1481146532247637,131,0.48854961832061067
Gr-based,0,10000,2357,256,80,4,7,5.519569149486415,5395.57684660253,1.3950059940655957,1.332708030044096,104,0.6153846153846154
mVST-RS,0,10000,2356,256,80,4,8,12.621232564694765,5465.774727982342,1.2828132248058979,1.1254542970506538,136,0.47058823529411764
Gr-based,0,10000,2356,256,80,4,8,4.79532982107321,5298.794956650314,1.323238238548117,1.2932640998552496,107,0.5981308411214953
mVST-RS,0,10000,2358,256,80,4,9,13.784504871661738,5784.185394173979,1.2907947972584335,1.167606417008439,133,0.48120300751879697
Gr-based,0,10000,2358,256,80,4,9,4.375204778736588,5475.014416090464,1.3636852519028382,1.3153533806002928,102,0.6274509803921569
mVST-RS,0,10000,2339,256,80,4,10,12.60145616925729,6021.447777465087,1.3098897282021515,1.13200468447375,133,0.48120300751879697
Gr-based,0,10000,2339,256,80,4,10,3.662538853681326,5647.95860072221,1.3965103412051603,1.299500942806197,104,0.6153846153846154
mVST-RS,1,10000,2430,256,80,4,1,29.59094741795252,5733.882845379978,1.3328170248648215,1.1391485332048676,135,0.4740740740740741
Gr-based,1,10000,2430,256,80,4,1,7.5891252326082395,5364.010072040655,1.4247207913976596,1.2745968633414855,111,0.5765765765765766
mVST-RS,1,10000,2426,256,80,4,2,13.735990371155822,5675.751604242543,1.2908417841062347,1.1710487036628505,131,0.48854961832061067
Gr-based,1,10000,2426,256,80,4,2,5.2841606460078765,5464.310543593902,1.3407908039841376,1.2707235702074775,110,0.5818181818181818
mVST-RS,1,10000,2448,256,80,4,3,11.489868633700098,5846.3726169992915,1.3127395852400539,1.140737591319056,126,0.5079365079365079
Gr-based,1,10000,2448,256,80,4,3,4.050748414469126,5536.889145106062,1.386114939863302,1.2480202758147974,110,0.5818181818181818
mVST-RS,1,10000,2455,256,80,4,4,14.790846202977264,6028.813734346005,1.355062123260126,1.1487996812598449,120,0.5333333333333333
Gr-based,1,10000,2455,256,80,4,4,5.030438706122368,5843.498617454396,1.3980352652434702,1.3197843060835328,98,0.6530612244897959
mVST-RS,1,10000,2444,256,80,4,5,10.35198533725088,5529.761223979431,1.275578287998215,1.101330715818588,136,0.47058823529411764
Gr-based,1,10000,2444,256,80,4,5,4.106816141656964,5297.593481338837,1.3314806770224206,1.293008890081375,107,0.5981308411214953
mVST-RS,1,10000,2431,256,80,4,6,14.780263632639617,6035.497790744547,1.3377883875177439,1.131698909785284,134,0.47761194029850745
Gr-based,1,10000,2431,256,80,4,6,3.8652771055985795,5537.372945928662,1.4581316693295148,1.2686158557391272,107,0.5887850467289719
mVST-RS,1,10000,2442,256,80,4,7,22.42108824256138,5969.359543171695,1.3267137128969957,1.1574588279015336,125,0.512
Gr-based,1,10000,2442,256,80,4,7,4.761872824410602,5498.182675413577,1.440408882475465,1.2879627857041047,108,0.5925925925925926
mVST-RS,1,10000,2439,256,80,4,8,17.235414424791088,5660.1035510958045,1.3057861588610735,1.1187437147549002,135,0.4740740740740741
Gr-based,1,10000,2439,256,80,4,8,3.787072747669299,5559.209389367211,1.3294848884227037,1.3441597418236977,108,0.5925925925925926
mVST-RS,1,10000,2444,256,80,4,9,28.678006112373623,5715.089018109214,1.3693058223309271,1.1574155214325574,127,0.5039370078740157
Gr-based,1,10000,2444,256,80,4,9,3.9235365080530755,5243.388159693643,1.4924900520990083,1.2455837019778757,103,0.6213592233009708
mVST-RS,1,10000,2425,256,80,4,10,46.48048769511661,6051.026635717516,1.4254799286993374,1.143640741379538,137,0.46715328467153283
Gr-based,1,10000,2425,256,80,4,10,5.111629379502119,5763.105324829403,1.4966960572589794,1.2739598804099996,111,0.5675675675675675
mVST-RS,2,10000,2423,256,80,4,1,16.101072862938963,6183.100010775257,1.3625157791944227,1.1379484238837445,135,0.4740740740740741
Gr-based,2,10000,2423,256,80,4,1,4.079252430305132,5831.308627506408,1.444713677008898,1.2990965585654723,106,0.6037735849056604
mVST-RS,2,10000,2437,256,80,4,2,15.686072914257238,5449.394652781847,1.2965496354439312,1.1091191990090425,143,0.44755244755244755
Gr-based,2,10000,2437,256,80,4,2,3.6049588231890084,5148.1400460446675,1.3724200560322342,1.278077182070681,113,0.5663716814159292
mVST-RS,2,10000,2438,256,80,4,3,6.494486862975464,5826.237062925705,1.2669643960690014,1.1282754588913568,133,0.48120300751879697
Gr-based,2,10000,2438,256,80,4,3,4.813737603732079,5318.285230364031,1.3879727397169392,1.2436028624577569,106,0.5943396226415094
mVST-RS,2,10000,2423,256,80,4,4,18.5271835630665,5777.712463333695,1.3521337318986253,1.137674449269325,131,0.48854961832061067
Gr-based,2,10000,2423,256,80,4,4,4.482105792545553,5342.180660496621,1.4623690981948831,1.2510647619637738,106,0.6037735849056604
mVST-RS,2,10000,2423,256,80,4,5,7.935800731242125,5535.810051036713,1.2688379370600003,1.1111989771862276,135,0.4740740740740741
Gr-based,2,10000,2423,256,80,4,5,3.6740479121053795,5202.76372823804,1.3500605009199966,1.3010960316323301,106,0.6037735849056604
mVST-RS,2,10000,2447,256,80,4,6,15.60622401037108,5576.645807319965,1.322079259907749,1.150892790736839,134,0.47761194029850745
Gr-based,2,10000,2447,256,80,4,6,5.656501877845585,5332.027836086688,1.3827324215772088,1.3418207038924637,107,0.5981308411214953
mVST-RS,2,10000,2446,256,80,4,7,16.204045677797694,5797.9818838488,1.318339854387504,1.1375872167848455,141,0.45390070921985815
Gr-based,2,10000,2446,256,80,4,7,5.3246849269417,5363.341089354534,1.4251770426584067,1.2884040593413504,109,0.5871559633027523
mVST-RS,2,10000,2431,256,80,4,8,23.18981360496582,5676.049453147229,1.354902017015324,1.1432068553885577,132,0.48484848484848486
Gr-based,2,10000,2431,256,80,4,8,6.453187284809246,5436.046733422638,1.4147212542276708,1.2604779447144145,111,0.5765765765765766
mVST-RS,2,10000,2423,256,80,4,9,16.172589295370926,5712.984250629328,1.3071528706483304,1.1357312734119231,133,0.48120300751879697
Gr-based,2,10000,2423,256,80,4,9,3.8771631542749674,5543.697752530662,1.347069067712043,1.33564475605088,103,0.6213592233009708
mVST-RS,2,10000,2437,256,80,4,10,20.819186001068374,5765.974700618888,1.2659886203393056,1.134051669923315,140,0.45714285714285713
Gr-based,2,10000,2437,256,80,4,10,4.191587630299182,5319.8709895930915,1.3721495070891156,1.2365791411870184,107,0.5981308411214953
mVST-RS,3,10000,2431,256,80,4,1,11.62468626910777,5804.865653717738,1.2886452776632473,1.1578415091182372,131,0.48854961832061067
Gr-based,3,10000,2431,256,80,4,1,3.8469751170632662,5479.203005033199,1.3652373721618694,1.3022986185512848,105,0.6095238095238096
mVST-RS,3,10000,2434,256,80,4,2,12.821058714951505,5529.971229472373,1.321003445254935,1.1553676603981613,132,0.48484848484848486
Gr-based,3,10000,2434,256,80,4,2,6.918973939118587,5541.7808798084825,1.3181883594333181,1.3609959921344934,104,0.6153846153846154
mVST-RS,3,10000,2439,256,80,4,3,9.716363587554952,5832.584790305299,1.2909189882252667,1.1714829901165535,134,0.47761194029850745
Gr-based,3,10000,2439,256,80,4,3,3.9557741090211493,5521.368031990228,1.3636827707579848,1.3059175621876398,109,0.5871559633027523
mVST-RS,3,10000,2420,256,80,4,4,15.050810785633075,5573.54766325543,1.3449373455594176,1.1387042145420454,135,0.4740740740740741
Gr-based,3,10000,2420,256,80,4,4,4.025832714229182,5418.0797395790305,1.3835293609300177,1.3103742618127376,103,0.6213592233009708
mVST-RS,3,10000,2429,256,80,4,5,18.885132057119336,6109.7928434166315,1.3250642681241758,1.1499874420244072,139,0.460431654676259
Gr-based,3,10000,2429,256,80,4,5,3.9991271984872583,5535.492928919205,1.4625378961567725,1.2606432413329551,109,0.5871559633027523
mVST-RS,3,10000,2440,256,80,4,6,11.012786482984666,5817.736107823488,1.2858988549171166,1.1463832656091673,137,0.46715328467153283
Gr-based,3,10000,2440,256,80,4,6,4.319221923702571,5462.763125873876,1.3694571825432118,1.3057122345153263,108,0.5925925925925926
mVST-RS,3,10000,2426,256,80,4,7,12.645447971004614,5549.09836233711,1.2869086335232351,1.146671148805969,128,0.5
Gr-based,3,10000,2426,256,80,4,7,4.26215388939454,5297.23517805432,1.3480961956052395,1.2403292345280958,109,0.5871559633027523
mVST-RS,3,10000,2426,256,80,4,8,26.314128805133805,5824.959290010276,1.3283075063026872,1.1609985096098538,134,0.47761194029850745
Gr-based,3,10000,2426,256,80,4,8,4.633660610874358,5552.855851311535,1.3933978039427644,1.283310610089651,105,0.6095238095238096
mVST-RS,3,10000,2416,256,80,4,9,26.253295210604847,5633.7522917144215,1.3966850168986584,1.1582583406022273,130,0.49230769230769234
Gr-based,3,10000,2416,256,80,4,9,3.94044698806465,5307.68348504728,1.4824880641287752,1.275028042654472,105,0.6095238095238096
mVST-RS,3,10000,2422,256,80,4,10,7.667506440415309,5492.166226278023,1.2652078004992446,1.1630250959309645,139,0.460431654676259
Gr-based,3,10000,2422,256,80,4,10,3.833579528363771,5272.817172437916,1.31784041127917,1.2964245007050692,108,0.5925925925925926
mVST-RS,4,10000,2440,256,80,4,1,12.687027035135543,5887.747322392151,1.335097215402346,1.1470527697732227,127,0.5039370078740157
Gr-based,4,10000,2440,256,80,4,1,4.376300616371736,5477.180829988065,1.4351753756385486,1.2277769814449677,108,0.5925925925925926
mVST-RS,4,10000,2441,256,80,4,2,11.712624870619038,5785.791851434167,1.2711765914431836,1.1586110729039731,132,0.48484848484848486
Gr-based,4,10000,2441,256,80,4,2,4.205689829002949,5345.339115226815,1.3759207799473265,1.3012829217823088,105,0.6095238095238096
mVST-RS,4,10000,2442,256,80,4,3,12.239128666969918,5814.804006712346,1.284588809513268,1.142548977513264,133,0.48120300751879697
Gr-based,4,10000,2442,256,80,4,3,4.90270019761374,5336.58295172376,1.3997031853731123,1.255837094443872,103,0.6213592233009708
mVST-RS,4,10000,2436,256,80,4,4,10.97847721202561,5830.330395090863,1.2838647853723097,1.1409664769930614,132,0.48484848484848486
Gr-based,4,10000,2436,256,80,4,4,4.562901316978241,5318.752511706103,1.4073517925243522,1.3071069163981421,98,0.6428571428571429
mVST-RS,4,10000,2426,256,80,4,5,14.623956368606741,5607.877550499073,1.3876159759625901,1.1294784046927888,130,0.49230769230769234
Gr-based,4,10000,2426,256,80,4,5,4.397547865919478,5387.53430293204,1.4443676908153562,1.2981119264566177,105,0.6095238095238096
mVST-RS,4,10000,2436,256,80,4,6,11.923814415004017,5538.619822436775,1.2902030415694616,1.142743331563731,139,0.460431654676259
Gr-based,4,10000,2436,256,80,4,6,4.721463811700232,5228.657543839169,1.366688118525715,1.2437885129220227,112,0.5625
mVST-RS,4,10000,2431,256,80,4,7,17.547577354056557,5584.902644215818,1.3366984898034733,1.1240157379083107,141,0.45390070921985815
Gr-based,4,10000,2431,256,80,4,7,4.312597948384791,5505.645771029743,1.3559410177648314,1.337255154562333,112,0.5714285714285714
mVST-RS,4,10000,2441,256,80,4,8,15.263666587452462,5620.689325906818,1.2771143767925848,1.18472810995623,132,0.48484848484848486
Gr-based,4,10000,2441,256,80,4,8,8.327403993804182,5481.990231303603,1.3094264751896956,1.3030946189562178,114,0.5614035087719298
mVST-RS,4,10000,2425,256,80,4,9,13.62622699471467,5875.569306362151,1.2935510532005279,1.1510688944467535,143,0.44755244755244755
Gr-based,4,10000,2425,256,80,4,9,4.8101031018995855,5587.612679570286,1.3602139769254655,1.2656489887029276,112,0.5714285714285714
mVST-RS,4,10000,2442,256,80,4,10,7.976666474551166,5593.069984387041,1.2867729962491237,1.1256218147483184,137,0.46715328467153283
Gr-based,4,10000,2442,256,80,4,10,5.547048383443325,5209.570403764341,1.3814980630342037,1.271193977858405,107,0.5981308411214953