eVST-RS,0,1250,37,256,80,4,1,0.4380730305276792,2569.5320859779804,1.024421530785279,1.0312464730462965,240,0.26666666666666666
Gr-based,0,1250,37,256,80,4,1,0.12962796290287315,2556.6509173198897,1.0295828715164796,1.0779872688870813,225,0.28
mVST-RS,0,1250,32,256,80,4,2,1.0454946665182376,2823.6496949023904,1.0284225533241516,1.040924751705964,237,0.270042194092827
Gr-based,0,1250,32,256,80,4,2,0.13489394222897033,2759.649995112853,1.052272945506528,1.1347805463760328,209,0.2822966507177033
mVST-RS,0,1250,33,256,80,4,3,0.6148247976308667,2772.5699062355034,1.053015392425841,1.0501739872552251,232,0.27586206896551724
Gr-based,0,1250,33,256,80,4,3,0.13010561170231938,2678.5369800474523,1.0899826321572508,1.1366330576048291,205,0.28780487804878047
mVST-RS,0,1250,39,256,80,4,4,0.5193570136607661,2640.825106666129,1.045443472027127,1.0386549484280305,230,0.2782608695652174
Gr-based,0,1250,39,256,80,4,4,0.1473364960789354,2642.5708482013215,1.0447528286360308,1.113452301413755,215,0.29767441860465116
mVST-RS,0,1250,34,256,80,4,5,0.7199016122423387,2937.8539852446365,1.0219441182089621,1.0442971769411544,235,0.2723404255319149
Gr-based,0,1250,34,256,80,4,5,0.13441037216341556,2861.9015940630516,1.0490656305603812,1.131864934829852,207,0.2946859903381642
mVST-RS,0,1250,37,256,80,4,6,0.29198986910843416,2585.95204786877,1.017681887575317,1.025090739146966,246,0.2601626016260163
Gr-based,0,1250,37,256,80,4,6,0.1283323898782669,2552.968855358523,1.0308298731222754,1.0931617208493742,222,0.2882882882882883
mVST-RS,0,1250,35,256,80,4,7,0.6759002890367327,2724.0670873882236,1.056984744174579,1.0531003853078769,228,0.2807017543859649
Gr-based,0,1250,35,256,80,4,7,0.13634228391919123,2694.7324192219157,1.0684910059859702,1.1058911127873978,210,0.2904761904761905
mVST-RS,0,1250,35,256,80,4,8,0.3815158599138897,2456.9615513363424,1.0348321627136896,1.0269152275264801,239,0.26778242677824265
Gr-based,0,1250,35,256,80,4,8,0.11265919323935236,2427.487736885893,1.0473967786694052,1.1309611051473714,214,0.2803738317757009
mVST-RS,0,1250,35,256,80,4,9,1.1623682222227387,2776.5557332760077,1.0414526687864567,1.0680761267573184,231,0.27705627705627706
Gr-based,0,1250,35,256,80,4,9,0.14721412324601602,2716.8424048806373,1.0643426991790046,1.1414041224524305,208,0.2932692307692308
mVST-RS,0,1250,34,256,80,4,10,0.37480390740401504,2628.481306172878,1.0226565595658519,1.032307900260569,234,0.27350427350427353
Gr-based,0,1250,34,256,80,4,10,0.12966270099738608,2637.8929093479355,1.0190078755389544,1.0901224551249453,220,0.2863636363636364
mVST-RS,0,2500,82,256,80,4,1,2.178673415331019,3900.480345779533,1.1743436378347638,1.1045986284331855,193,0.3316062176165803
Gr-based,0,2500,82,256,80,4,1,0.33314701082645115,3852.9507968138687,1.188830203166234,1.234084191388178,165,0.3696969696969697
mVST-RS,0,2500,87,256,80,4,2,0.8534328737641204,3705.137262624359,1.129058222497774,1.0899843541642014,200,0.32
Gr-based,0,2500,87,256,80,4,2,0.3355585451370189,3533.957260926812,1.1837482411294966,1.235383036437838,162,0.37037037037037035
mVST-RS,0,2500,86,256,80,4,3,1.428214122456552,3786.8885701414324,1.0778178344287537,1.084633439565047,214,0.29906542056074764
Gr-based,0,2500,86,256,80,4,3,0.3692094951844638,3760.0262376824567,1.0855179671322117,1.2112560645348205,183,0.3442622950819672
mVST-RS,0,2500,84,256,80,4,4,0.851983347820692,3804.91673111799,1.067557445232163,1.0592606377592366,222,0.2882882882882883
Gr-based,0,2500,84,256,80,4,4,0.38590470235379826,3772.795422385504,1.0766465524984894,1.2689030479261914,175,0.35428571428571426
mVST-RS,0,2500,88,256,80,4,5,0.5989096185836615,3324.490111634946,1.0815924280060483,1.095331021056583,207,0.30917874396135264
Gr-based,0,2500,88,256,80,4,5,0.35429027309669436,3229.1715068923368,1.1135188465681036,1.1747906717782248,187,0.32085561497326204
mVST-RS,0,2500,79,256,80,4,6,1.9664580012490092,3797.1247422379506,1.1464990369285608,1.0769768188247633,199,0.32160804020100503
Gr-based,0,2500,79,256,80,4,6,0.4092080425004383,3730.19220019096,1.1670711926990132,1.1818139200669882,174,0.3563218390804598
mVST-RS,0,2500,80,256,80,4,7,1.0277028408655724,3625.641786567936,1.1275172160889142,1.0656246140847268,208,0.3076923076923077
Gr-based,0,2500,80,256,80,4,7,0.3192841426125028,3622.15860048417,1.1286014734916028,1.1654143902961818,185,0.34594594594594597
mVST-RS,0,2500,83,256,80,4,8,1.2151164397242837,3956.862436195459,1.0777092937294763,1.0778264145197038,217,0.29493087557603687
Gr-based,0,2500,83,256,80,4,8,0.36011008817945367,3852.25738055964,1.1069736521284557,1.2313378139659992,182,0.34065934065934067
mVST-RS,0,2500,84,256,80,4,9,0.7522293566899521,3683.5737161710676,1.0617348044571613,1.0613042609186756,220,0.2909090909090909
Gr-based,0,2500,84,256,80,4,9,0.43937452481839046,3584.0716940297616,1.091210989377589,1.1424464350190555,191,0.32460732984293195
mVST-RS,0,2500,85,256,80,4,10,0.4843500936743794,3733.2779067323463,1.0438512539210283,1.0492461203633072,225,0.28444444444444444
Gr-based,0,2500,85,256,80,4,10,0.6815160178143742,3697.976963782326,1.053815873474873,1.1824600632705065,189,0.3386243386243386
mVST-RS,0,5000,161,256,80,4,1,1.2679672925049772,4828.724415049289,1.153424414996532,1.0904933308329023,182,0.3516483516483517
Gr-based,0,5000,161,256,80,4,1,0.747990519658174,4725.797639877987,1.1785457309068137,1.2262493229329376,157,0.4012738853503185
mVST-RS,0,5000,160,256,80,4,2,2.060571789035521,4763.007381194437,1.1014921416889583,1.1441842832837976,190,0.3368421052631579
Gr-based,0,5000,160,256,80,4,2,0.6441469074015913,4549.377740052176,1.1532160002901861,1.2502578865998966,157,0.37579617834394907
mVST-RS,0,5000,158,256,80,4,3,2.0720318074625084,5088.416364454536,1.1503222693476542,1.1302862718668965,184,0.34782608695652173
Gr-based,0,5000,158,256,80,4,3,0.6978105526435456,4987.6735917048745,1.1735568802016,1.2841767944775908,152,0.40789473684210525
mVST-RS,0,5000,164,256,80,4,4,1.4734995709055738,4687.8612186002465,1.150456063975364,1.0884293215552516,197,0.3248730964467005
Gr-based,0,5000,164,256,80,4,4,0.7049571260859011,4688.817032985956,1.150221543743856,1.2030625724857125,170,0.3764705882352941
mVST-RS,0,5000,161,256,80,4,5,0.9759359745338543,4881.991843738752,1.1040747257048014,1.1343801275892467,189,0.3386243386243386
Gr-based,0,5000,161,256,80,4,5,0.6924841764032408,4767.048721302679,1.1306961856047502,1.2713593115819368,159,0.39622641509433965
mVST-RS,0,5000,157,256,80,4,6,2.6879133537182724,4950.134258819621,1.1824767278068293,1.1723847447094526,175,0.3657142857142857
Gr-based,0,5000,157,256,80,4,6,0.7320559978082883,4922.317532513934,1.1891590743403428,1.272848035367828,151,0.4105960264900662
mVST-RS,0,5000,161,256,80,4,7,1.9928471105404242,4916.893163683508,1.1293735787290882,1.1030285163422826,199,0.32160804020100503
Gr-based,0,5000,161,256,80,4,7,0.6909375416955754,4807.193483005109,1.1551457722950842,1.3146434113197256,153,0.39869281045751637
mVST-RS,0,5000,159,256,80,4,8,1.502888788359087,4760.330261996794,1.087544846710863,1.0892801737419693,216,0.2962962962962963
Gr-based,0,5000,159,256,80,4,8,0.7397398274622446,4798.198293035771,1.0789617954286141,1.3273219094616548,166,0.37349397590361444
mVST-RS,0,5000,164,256,80,4,9,0.942998339676933,4617.922109547663,1.0721760215569078,1.0909061517717844,206,0.3106796116504854
Gr-based,0,5000,164,256,80,4,9,0.6349385491002977,4599.787746617935,1.076403005533236,1.2406702715237492,170,0.37058823529411766
mVST-RS,0,5000,163,256,80,4,10,2.1539919991853367,5200.683225499317,1.1426031023994663,1.121907655559665,193,0.3316062176165803
Gr-based,0,5000,163,256,80,4,10,0.6522061453267725,4998.144569166971,1.188904543640036,1.2504793456107517,161,0.38509316770186336
mVST-RS,0,10000,293,256,80,4,1,3.015861098150026,6408.03964650705,1.1630307354245186,1.1507876834739197,185,0.34594594594594597
Gr-based,0,10000,293,256,80,4,1,1.4737407638117475,6566.8816376576615,1.1348989480743685,1.4207813276469348,142,0.43661971830985913
mVST-RS,0,10000,294,256,80,4,2,4.504230942010281,6805.4556093731335,1.2330390218113256,1.142294814762713,167,0.38323353293413176
Gr-based,0,10000,294,256,80,4,2,1.3889304693354916,6598.044625132297,1.271799874708121,1.2763818777003548,135,0.4740740740740741
mVST-RS,0,10000,298,256,80,4,3,2.990542948522034,6370.108311199162,1.144133289033341,1.1093297390822192,181,0.35359116022099446
Gr-based,0,10000,298,256,80,4,3,1.419704868307008,6257.835895427175,1.1646602907750756,1.2832993653331959,144,0.4375
mVST-RS,0,10000,303,256,80,4,4,3.9870138739213417,6602.29063074091,1.1942798687588483,1.1179208118845747,176,0.36363636363636365
Gr-based,0,10000,303,256,80,4,4,1.500154347669877,6425.665111115185,1.227107645922832,1.348987248524276,131,0.48854961832061067
mVST-RS,0,10000,302,256,80,4,5,3.730470677495532,6362.995653529172,1.1879938253057083,1.1529914665714163,169,0.378698224852071
Gr-based,0,10000,302,256,80,4,5,1.4653432242162125,6108.024585533491,1.2375849902017835,1.29371522685268,134,0.4701492537313433
mVST-RS,0,10000,301,256,80,4,6,3.0039261941810764,6346.312863709559,1.2312052746732816,1.1368631227653854,163,0.39263803680981596
Gr-based,0,10000,301,256,80,4,6,1.502855234517483,6202.557343044029,1.2597406908762927,1.2784516419531076,132,0.4772727272727273
mVST-RS,0,10000,301,256,80,4,7,2.81716432934536,6282.6114082609765,1.1980467282370892,1.1491038713915973,169,0.378698224852071
Gr-based,0,10000,301,256,80,4,7,1.4990632557014578,6273.813458057071,1.1997267838408217,1.3050577195740247,143,0.4405594405594406
mVST-RS,0,10000,295,256,80,4,8,2.0860213907708385,6215.834973723365,1.128017094164517,1.1402631570248363,179,0.3575418994413408
Gr-based,0,10000,295,256,80,4,8,1.375525907118572,6400.613795808506,1.0954524563655423,1.3769448086888727,136,0.47058823529411764
mVST-RS,0,10000,297,256,80,4,9,4.593617980437557,6285.040679415794,1.187931279049731,1.1638370110694285,170,0.3764705882352941
Gr-based,0,10000,297,256,80,4,9,1.9880666750350429,6338.663391664195,1.1778818264741093,1.363140620084717,142,0.4507042253521127
mVST-RS,0,10000,298,256,80,4,10,5.037722807374848,6750.856211488401,1.1683603302325711,1.1399710214460135,174,0.367816091954023
Gr-based,0,10000,298,256,80,4,10,2.2731108989983113,6362.138999134421,1.2397454053865042,1.3129818922251404,136,0.4632352941176471
mVST-RS,0,20000,597,256,80,4,1,10.652741033031816,8613.163363503236,1.2449662034800775,1.18613835091344,156,0.41025641025641024
Gr-based,0,20000,597,256,80,4,1,3.2181406277013593,8343.072249756866,1.2852696191054573,1.308035496166051,124,0.5161290322580645
mVST-RS,0,20000,589,256,80,4,2,6.997984401016765,8539.960265719643,1.2131861951786371,1.1738826291824762,153,0.41830065359477125
Gr-based,0,20000,589,256,80,4,2,3.1842169046622075,8314.960710398598,1.2460145348357874,1.3212012917007976,119,0.5294117647058824
mVST-RS,0,20000,585,256,80,4,3,6.8950100306246895,8192.181404386225,1.2233603970738465,1.1496889140090094,170,0.3764705882352941
Gr-based,0,20000,585,256,80,4,3,3.2861558429872275,8352.87276865287,1.19982556580797,1.3707420724530954,132,0.48484848484848486
mVST-RS,0,20000,586,256,80,4,4,8.719843189082894,8262.754393811392,1.2193156299393477,1.1495354657778143,175,0.3657142857142857
Gr-based,0,20000,586,256,80,4,4,3.129580987524605,8148.274583511492,1.2364464986380563,1.3691398973950375,135,0.4666666666666667
mVST-RS,0,20000,589,256,80,4,5,10.427005789420036,8429.059943187829,1.2131331729308463,1.1404746664360348,166,0.3855421686746988
Gr-based,0,20000,589,256,80,4,5,3.2921244792250945,8504.620427561835,1.202354922338996,1.3475837406622193,127,0.5039370078740157
mVST-RS,0,20000,593,256,80,4,6,14.968995066400566,8612.271516250556,1.242210882971687,1.1769595917395326,150,0.4266666666666667
Gr-based,0,20000,593,256,80,4,6,3.0882955517081427,8457.691380646012,1.264914611222946,1.2874353140155794,126,0.5079365079365079
mVST-RS,0,20000,587,256,80,4,7,8.194480432583987,8349.279795084489,1.2504946662617964,1.1495936603936505,165,0.3878787878787879
Gr-based,0,20000,587,256,80,4,7,3.1023171098531748,8048.313674087577,1.2972568259231254,1.291636703985867,135,0.4740740740740741
mVST-RS,0,20000,587,256,80,4,8,16.82234543719096,8716.979282878088,1.3086038313128443,1.1523812780636322,156,0.41025641025641024
Gr-based,0,20000,587,256,80,4,8,2.761462979060525,8418.594084260149,1.354985449218442,1.2792457553054155,127,0.5039370078740157
mVST-RS,0,20000,588,256,80,4,9,12.561056148602802,8832.947966124666,1.2266826553233636,1.1587613915791288,160,0.4
Gr-based,0,20000,588,256,80,4,9,3.1824661836490122,8598.063562659156,1.2601935292122752,1.332745234718401,131,0.48854961832061067
mVST-RS,0,20000,588,256,80,4,10,9.444327466543655,8289.72569057518,1.2386979126463311,1.125428892337707,167,0.38323353293413176
Gr-based,0,20000,588,256,80,4,10,3.6612818672665526,8171.138897336976,1.2566749921082234,1.3434559023892567,125,0.512
mVST-RS,0,40000,1204,256,80,4,1,33.35692286800895,11281.75637605918,1.3064767748124613,1.1524949244072245,150,0.4266666666666667
Gr-based,0,40000,1204,256,80,4,1,6.379175380796369,10895.253694999072,1.3528232657105628,1.3123808543882063,112,0.5714285714285714
mVST-RS,0,40000,1201,256,80,4,2,13.857761319290148,10692.788952831002,1.2284844466357792,1.140091432492155,161,0.39751552795031053
Gr-based,0,40000,1201,256,80,4,2,6.69450964416319,10712.312432922165,1.2262455003964512,1.3316896354724528,125,0.512
mVST-RS,0,40000,1200,256,80,4,3,13.007166310995672,11448.12672725522,1.2393899883784423,1.1830391028696572,145,0.4413793103448276
Gr-based,0,40000,1200,256,80,4,3,6.86784444596924,10862.167644265377,1.3062488184794887,1.2899416361878262,112,0.5714285714285714
mVST-RS,0,40000,1204,256,80,4,4,29.804455713270727,11298.841860193314,1.2798595426180905,1.152481129818468,141,0.45390070921985815
Gr-based,0,40000,1204,256,80,4,4,7.921127945928674,11146.388343784107,1.2973646825579541,1.308676796786816,113,0.5663716814159292
mVST-RS,0,40000,1203,256,80,4,5,26.51752378967285,10878.731030086177,1.2865637914358121,1.1867671110504163,145,0.4413793103448276
Gr-based,0,40000,1203,256,80,4,5,6.952871064035207,10671.586969925565,1.3115370262662738,1.3530056113102316,111,0.5765765765765766
mVST-RS,0,40000,1207,256,80,4,6,23.11650564770389,10358.99212798941,1.249204306584063,1.162655506675451,146,0.4383561643835616
Gr-based,0,40000,1207,256,80,4,6,7.474838961299611,10373.061672656739,1.2475099432085484,1.304278117896794,125,0.512
mVST-RS,0,40000,1203,256,80,4,7,14.68911063372434,10744.806452825927,1.2358594640626341,1.1713161972835833,153,0.41830065359477125
Gr-based,0,40000,1203,256,80,4,7,6.434783964579765,10412.501955755868,1.2753006722755735,1.3446106384399281,114,0.5614035087719298
mVST-RS,0,40000,1204,256,80,4,8,26.796894651201,11310.842025425256,1.24819288748029,1.1685274861592838,155,0.4129032258064516
Gr-based,0,40000,1204,256,80,4,8,6.797258216940463,11166.459837904173,1.264332006069238,1.3955176484684915,113,0.5663716814159292
mVST-RS,0,40000,1207,256,80,4,9,34.65093662587242,11230.920163011537,1.2932863145682105,1.1409400002740595,158,0.4050632911392405
Gr-based,0,40000,1207,256,80,4,9,8.929770625940364,11213.373852386443,1.2953100055377011,1.332140706908593,122,0.5245901639344263
mVST-RS,0,40000,1199,256,80,4,10,42.97634769990327,11276.575835180312,1.3203097385896627,1.1571583457041095,145,0.4413793103448276
Gr-based,0,40000,1199,256,80,4,10,6.697040393299176,11137.325413377857,1.3368176236683964,1.3376384677537887,114,0.5614035087719298
mVST-RS,0,80000,2408,256,80,4,1,52.291618013594416,14867.091163335695,1.264258603853878,1.14995318193923,149,0.42953020134228187
Gr-based,0,80000,2408,256,80,4,1,13.601016010314197,14351.665363003218,1.3096631953236895,1.3266110474377526,115,0.5565217391304348
mVST-RS,0,80000,2399,256,80,4,2,89.34074794275512,15296.075688002826,1.340327190088017,1.167762262720788,140,0.45714285714285713
Gr-based,0,80000,2399,256,80,4,2,14.27983864154885,14787.676728647397,1.3864075150194142,1.3193512579958857,109,0.5871559633027523
mVST-RS,0,80000,2404,256,80,4,3,75.91114192801251,14488.851238948308,1.3035182644228733,1.168584472447036,143,0.44755244755244755
Gr-based,0,80000,2404,256,80,4,3,13.034006226014753,14067.68944689508,1.3425433005022431,1.2908076004223656,113,0.5663716814159292
mVST-RS,0,80000,2405,256,80,4,4,83.93834817202514,15389.942921020413,1.3068952563932252,1.1785275891370608,137,0.46715328467153283
Gr-based,0,80000,2405,256,80,4,4,14.402170420351467,15036.073091232021,1.3376526755095772,1.3711805523504963,107,0.5981308411214953
mVST-RS,0,80000,2406,256,80,4,5,59.58059040549779,14129.913001304432,1.326901378001472,1.1721635970821673,135,0.4740740740740741
Gr-based,0,80000,2406,256,80,4,5,14.085581638075382,13903.653037670196,1.3484945993454893,1.3343708892261321,106,0.6037735849056604
mVST-RS,0,80000,2403,256,80,4,6,88.85771829141959,15357.830443855526,1.29187897566601,1.1443212858415526,146,0.4383561643835616
Gr-based,0,80000,2403,256,80,4,6,14.527465200717415,14815.9260394079,1.3391304876582146,1.3151072769338534,107,0.5981308411214953
mVST-RS,0,80000,2409,256,80,4,7,122.85813435905584,15936.891766809002,1.3516682529819468,1.136086488574927,143,0.44755244755244755
Gr-based,0,80000,2409,256,80,4,7,17.297232952871127,15234.757947862014,1.4139634332311877,1.296082003488254,109,0.5871559633027523
mVST-RS,0,80000,2403,256,80,4,8,86.38986839788413,15111.729717075677,1.37439640841358,1.1916394788794864,127,0.5039370078740157
Gr-based,0,80000,2403,256,80,4,8,14.573125662689563,14879.539757280774,1.3958433786839917,1.2697607370045059,106,0.6037735849056604
mVST-RS,0,80000,2404,256,80,4,9,120.69661129888118,15169.169643566858,1.3787319398649254,1.1445248409469742,140,0.45714285714285713
Gr-based,0,80000,2404,256,80,4,9,13.795569077097753,14691.375684199256,1.4235711575539216,1.2733663293595239,112,0.5714285714285714
mVST-RS,0,80000,2401,256,80,4,10,62.020225466025295,15769.015858013121,1.2658696510822092,1.1777041017557472,139,0.460431654676259
Gr-based,0,80000,2401,256,80,4,10,13.871478524357371,14926.730993530864,1.3373000833701678,1.325233369326102,108,0.5925925925925926
mVST-RS,1,1250,25,256,80,4,1,0.31105910924088676,2540.745206897271,1.0050438030891262,1.012589653813421,250,0.256
Gr-based,1,1250,25,256,80,4,1,0.09629005046008388,2536.363619604868,1.006780023843077,1.08736186522577,232,0.27586206896551724
mVST-RS,1,1250,25,256,80,4,2,0.9291429717341089,2882.3093900841823,1.0298508579606356,1.0262870227504992,243,0.26337448559670784
Gr-based,1,1250,25,256,80,4,2,0.10713425721041858,2865.8559520928366,1.035763432603271,1.10030502064896,225,0.28
mVST-RS,1,1250,22,256,80,4,3,0.6920088961123838,3055.0320457886123,1.0428790518426478,1.0469816973183097,237,0.270042194092827
Gr-based,1,1250,22,256,80,4,3,0.11592062660929514,2947.5445573978554,1.080909503221765,1.1479599932266058,206,0.28640776699029125
mVST-RS,1,1250,25,256,80,4,4,0.6137044940842316,2744.709975830912,1.040897725322705,1.059295103528009,231,0.27705627705627706
Gr-based,1,1250,25,256,80,4,4,0.10759611595858587,2692.209451660504,1.0611961742987017,1.0928474321644275,219,0.2785388127853881
mVST-RS,1,1250,26,256,80,4,5,0.6763941226308816,2980.8660835832015,1.0641210739914602,1.0483204779103352,231,0.27705627705627706
Gr-based,1,1250,26,256,80,4,5,0.11923614088300383,2928.019839687667,1.0833268187915124,1.1160432843210157,212,0.2830188679245283
mVST-RS,1,1250,27,256,80,4,6,0.5489147898188094,2988.4038096963054,1.0396039093239753,1.0302890722578766,234,0.27350427350427353
Gr-based,1,1250,27,256,80,4,6,0.11571377704967745,2956.805361425947,1.050713829097184,1.1235743306970134,207,0.2995169082125604
mVST-RS,1,1250,24,256,80,4,7,0.36584621603105916,2656.834469090423,1.0222743590618548,1.0144598680298602,244,0.26229508196721313
Gr-based,1,1250,24,256,80,4,7,0.0983253869926557,2667.799991169069,1.0180724803258803,1.0738508311685662,230,0.2782608695652174
mVST-RS,1,1250,23,256,80,4,8,0.49719766212365357,2980.1870289333506,1.0260208405469657,1.0264712282002366,233,0.27467811158798283
Gr-based,1,1250,23,256,80,4,8,0.11027331774675986,2923.608197466835,1.0458768049230192,1.1039478867804704,211,0.2890995260663507
mVST-RS,1,1250,30,256,80,4,9,0.4178290112031391,2835.597119883103,1.0255476760640108,1.0326220036510896,237,0.270042194092827
Gr-based,1,1250,30,256,80,4,9,0.11187521760439267,2832.654734940542,1.0266129509818143,1.078458993006361,222,0.2882882882882883
mVST-RS,1,1250,22,256,80,4,10,0.595545944677724,2744.1532078146233,1.0222066878366591,1.0116604943478318,245,0.2612244897959184
Gr-based,1,1250,22,256,80,4,10,0.09938647787930677,2717.6951610685323,1.0321583530264795,1.0595115578060867,229,0.27510917030567683
mVST-RS,1,2500,65,256,80,4,1,0.5510496036295081,3761.823035467785,1.0720698254481282,1.1050744943026123,209,0.3062200956937799
Gr-based,1,2500,65,256,80,4,1,0.27747526687016943,3600.100196880212,1.1202290893168954,1.1603459368708258,193,0.30569948186528495
mVST-RS,1,2500,66,256,80,4,2,0.54399145442585,3726.309271252478,1.058921534894005,1.066282257896758,218,0.29357798165137616
Gr-based,1,2500,66,256,80,4,2,0.29134879336925223,3684.987815498958,1.070795706951382,1.202463661277423,188,0.3351063829787234
mVST-RS,1,2500,70,256,80,4,3,0.8845218893402489,3803.4171067734756,1.1035548473802317,1.0678356422277395,216,0.2962962962962963
Gr-based,1,2500,70,256,80,4,3,0.26056926262390334,3728.4297147411257,1.1257499016795045,1.2005807081620976,182,0.34065934065934067
mVST-RS,1,2500,69,256,80,4,4,1.9819638234330341,4126.438371172,1.1066453741021414,1.1165930123671155,208,0.3076923076923077
Gr-based,1,2500,69,256,80,4,4,0.2949678712102468,3978.3569684472673,1.1478366499518398,1.2459058880575806,181,0.3314917127071823
mVST-RS,1,2500,75,256,80,4,5,0.7971184750640532,3886.231280282997,1.0574751478823963,1.1011502183887603,208,0.3076923076923077
Gr-based,1,2500,75,256,80,4,5,0.3339973046386149,3802.5213599644153,1.080754743705349,1.2333729344959492,173,0.3468208092485549
mVST-RS,1,2500,65,256,80,4,6,0.9313610780154704,3643.932833404132,1.1008961014029788,1.107262887542984,206,0.3106796116504854
Gr-based,1,2500,65,256,80,4,6,0.26608551413664827,3545.8350638021107,1.1313530883095813,1.1755398942918105,189,0.31746031746031744
mVST-RS,1,2500,62,256,80,4,7,0.8065281564122415,3725.027489339017,1.0465379518278406,1.0551145675172187,229,0.2794759825327511
Gr-based,1,2500,62,256,80,4,7,0.2579868011016515,3673.7026044406703,1.0611590155618478,1.174381546647637,197,0.3147208121827411
mVST-RS,1,2500,68,256,80,4,8,1.0347657270758646,3757.036852382472,1.050233678854993,1.063291514702637,223,0.28699551569506726
Gr-based,1,2500,68,256,80,4,8,0.26524824710941175,3682.103481983777,1.0716066656946857,1.1775357458459006,192,0.3229166666666667
mVST-RS,1,2500,70,256,80,4,9,1.077835437747126,4141.976196853163,1.0837295502601685,1.1074323392767622,203,0.31527093596059114
Gr-based,1,2500,70,256,80,4,9,0.3192154559219489,4115.906948929717,1.0905936544972779,1.2128823745887147,180,0.3388888888888889
mVST-RS,1,2500,66,256,80,4,10,1.0369680433213944,3886.8097087176257,1.085678090996752,1.087826982194842,209,0.3062200956937799
Gr-based,1,2500,66,256,80,4,10,0.3033223829406779,3683.2380381047083,1.1456832550522849,1.1809926929274317,176,0.3352272727272727
mVST-RS,1,5000,149,256,80,4,1,0.9477752224265714,4660.843782969811,1.0841284266887832,1.0863550732495222,209,0.3062200956937799
Gr-based,1,5000,149,256,80,4,1,0.584275012020953,4673.881548239172,1.0811042567770885,1.2523657613425567,172,0.37209302325581395
mVST-RS,1,5000,157,256,80,4,2,2.52153406583966,5005.093201188326,1.178041058713876,1.105348233591078,179,0.3575418994413408
Gr-based,1,5000,157,256,80,4,2,0.6741408835005132,4899.526381499014,1.203423521904901,1.2289686028088707,151,0.423841059602649
mVST-RS,1,5000,149,256,80,4,3,1.3347887805430219,4953.403744709877,1.092429486617139,1.0956327690245515,207,0.30917874396135264
Gr-based,1,5000,149,256,80,4,3,0.6343069473805372,4922.9080580095715,1.099196703671264,1.3003436906995705,164,0.3780487804878049
mVST-RS,1,5000,147,256,80,4,4,0.8154175558447605,4825.639636456865,1.0944909549430253,1.0966375184592287,199,0.32160804020100503
Gr-based,1,5000,147,256,80,4,4,0.6395441098793526,4828.712505600544,1.0937944488910334,1.2723627129818065,161,0.38509316770186336
mVST-RS,1,5000,153,256,80,4,5,1.3326622565073194,5045.0369139841605,1.1213831241986922,1.1316058455350217,187,0.3422459893048128
Gr-based,1,5000,153,256,80,4,5,0.685946703873924,4930.978283853077,1.1473218762343782,1.2338233017757025,157,0.4012738853503185
mVST-RS,1,5000,150,256,80,4,6,2.0183515826793155,5013.606063767037,1.1526993153233727,1.126952053785796,180,0.35555555555555557
Gr-based,1,5000,150,256,80,4,6,0.6634032595393364,4998.933411142463,1.1560826683795715,1.2433073233052507,156,0.41025641025641024
mVST-RS,1,5000,146,256,80,4,7,1.2530018845427549,4651.008173776175,1.0864329885777309,1.0919914485361126,212,0.3018867924528302
Gr-based,1,5000,146,256,80,4,7,0.6219243956948048,4733.932621527382,1.067401907487389,1.2718489885035384,182,0.3516483516483517
mVST-RS,1,5000,151,256,80,4,8,1.179556473485718,4801.76011609492,1.1241160450777048,1.1332830966043304,188,0.3404255319148936
Gr-based,1,5000,151,256,80,4,8,0.6646380409001722,4737.515647139181,1.1393599500565206,1.310788539671785,157,0.39490445859872614
mVST-RS,1,5000,145,256,80,4,9,1.2203622867455124,4653.129117354838,1.0972195056696372,1.0872360665192564,206,0.3106796116504854
Gr-based,1,5000,145,256,80,4,9,0.594805786422512,4702.872367641008,1.0856139888231808,1.242320502937958,176,0.36363636363636365
mVST-RS,1,5000,152,256,80,4,10,1.1657192640850553,4895.2888592507115,1.0864361956603663,1.1032586938821958,205,0.3121951219512195
Gr-based,1,5000,152,256,80,4,10,0.6575092312559718,4960.862353241908,1.0720755034509972,1.2753811570229792,168,0.375
mVST-RS,1,10000,288,256,80,4,1,5.5951622466382105,6367.493964522182,1.2001922133704375,1.112041475605535,179,0.3575418994413408
Gr-based,1,10000,288,256,80,4,1,1.3143935715561383,6185.702671035209,1.2354645997919933,1.2801403933331152,146,0.4383561643835616
mVST-RS,1,10000,293,256,80,4,2,2.5617670952924527,6316.651546673216,1.1598704270497409,1.155412896739701,173,0.3699421965317919
Gr-based,1,10000,293,256,80,4,2,1.5967282241545036,6216.055038478749,1.1786410000573735,1.2705600939519228,151,0.41721854304635764
mVST-RS,1,10000,292,256,80,4,3,2.5099698331250693,6724.83842448714,1.1412563811871455,1.1308819492024802,179,0.3575418994413408
Gr-based,1,10000,292,256,80,4,3,1.3395084243820747,6455.457200704424,1.188880125107325,1.2760222163554245,144,0.4444444444444444
mVST-RS,1,10000,296,256,80,4,4,3.541816376011411,6979.993667399258,1.170404663511196,1.1212415152513069,175,0.3657142857142857
Gr-based,1,10000,296,256,80,4,4,1.4220875857863575,6849.175863640422,1.1927591439096967,1.3404012805747734,132,0.4772727272727273
mVST-RS,1,10000,294,256,80,4,5,2.445488824203494,6290.363821857923,1.121341078971046,1.093890936957873,195,0.3282051282051282
Gr-based,1,10000,294,256,80,4,5,1.3627209717815276,6314.822320894619,1.1169979132719776,1.306178220652891,152,0.4144736842105263
mVST-RS,1,10000,286,256,80,4,6,4.109106038820755,6850.963428322279,1.178552322140236,1.1150696742087858,179,0.3575418994413408
Gr-based,1,10000,286,256,80,4,6,1.553054939089634,6714.148989159848,1.2025677223402507,1.3269457315072826,141,0.44680851063829785
mVST-RS,1,10000,292,256,80,4,7,7.601830776533461,6647.927488999133,1.191293252858683,1.147190385157999,172,0.37209302325581395
Gr-based,1,10000,292,256,80,4,7,1.672825178167841,6639.404053124099,1.192822593680217,1.3491743724327647,141,0.44680851063829785
mVST-RS,1,10000,292,256,80,4,8,4.2690335151564796,6429.793079914408,1.1494747626994708,1.1066180182881824,183,0.34972677595628415
Gr-based,1,10000,292,256,80,4,8,1.766350786856492,6352.689473292787,1.1634261214581922,1.3192661790492797,140,0.44285714285714284
mVST-RS,1,10000,292,256,80,4,9,8.704644088480563,6464.052544848548,1.2106499155662176,1.143945859389981,175,0.3657142857142857
Gr-based,1,10000,292,256,80,4,9,1.5717112695929245,6575.277595685264,1.1901709933542215,1.3950004611654616,138,0.463768115942029
mVST-RS,1,10000,295,256,80,4,10,15.193850015115459,6755.338547050564,1.2768593249862232,1.11093721470335,177,0.3615819209039548
Gr-based,1,10000,295,256,80,4,10,1.675428956259566,6758.162868505456,1.2763257093784603,1.2562500841147746,149,0.4228187919463087
mVST-RS,1,20000,592,256,80,4,1,7.641419177482021,8390.400848650128,1.201437113679604,1.1348447831358546,171,0.3742690058479532
Gr-based,1,20000,592,256,80,4,1,2.8721803917651414,8299.685874644512,1.2145687355485455,1.3093240714904824,130,0.49230769230769234
mVST-RS,1,20000,593,256,80,4,2,11.1344182671819,8149.7663534731355,1.2289708010430143,1.1805410487365302,153,0.41830065359477125
Gr-based,1,20000,593,256,80,4,2,2.9671231568063376,8141.630752677444,1.2301988616282427,1.3121044514992177,130,0.4846153846153846
mVST-RS,1,20000,594,256,80,4,3,12.24069867781509,8492.874453814977,1.2578116449620134,1.1635105258237821,154,0.4155844155844156
Gr-based,1,20000,594,256,80,4,3,3.191640988115978,8518.674584584542,1.2540021667854169,1.319371568967688,127,0.5039370078740157
mVST-RS,1,20000,586,256,80,4,4,17.553934049727104,8449.166348909546,1.2681138918533883,1.1450835219764188,155,0.4129032258064516
Gr-based,1,20000,586,256,80,4,4,3.01586780892103,8093.204837464805,1.3238890447988074,1.3147702758009834,124,0.5080645161290323
mVST-RS,1,20000,599,256,80,4,5,16.30928786117147,8906.951065315088,1.2546684798030492,1.1579965351307553,160,0.4
Gr-based,1,20000,599,256,80,4,5,2.9920291863163584,8578.150245991708,1.3027599694958565,1.323286329941669,121,0.5289256198347108
mVST-RS,1,20000,594,256,80,4,6,8.649144061244442,8375.199191904827,1.2204784020383719,1.1424048429238345,157,0.40764331210191085
Gr-based,1,20000,594,256,80,4,6,2.914448757757782,8299.787996060539,1.231567569116317,1.2928239377433017,128,0.5
mVST-RS,1,20000,590,256,80,4,7,12.664061309580575,8601.159101586767,1.238722961851968,1.1747461687439573,152,0.42105263157894735
Gr-based,1,20000,590,256,80,4,7,3.0288140651391586,8452.796955592752,1.2604648300025834,1.342061593581179,116,0.5431034482758621
mVST-RS,1,20000,595,256,80,4,8,8.410062283823208,8392.681233467802,1.2720453660504687,1.1801524032217485,155,0.4129032258064516
Gr-based,1,20000,595,256,80,4,8,2.8649110507394653,8350.26633162236,1.27850667844474,1.2934192703312237,138,0.463768115942029
mVST-RS,1,20000,596,256,80,4,9,4.639462396407907,7962.715475876121,1.194312153896796,1.142210518142438,170,0.3764705882352941
Gr-based,1,20000,596,256,80,4,9,3.1964577407125034,8039.2591249226325,1.1829408311244702,1.3601324833878674,126,0.5079365079365079
mVST-RS,1,20000,593,256,80,4,10,14.26387806612911,8300.574841370886,1.2699621022017695,1.1516920152447891,158,0.4050632911392405
Gr-based,1,20000,593,256,80,4,10,3.1260657292150427,7865.464500110763,1.340215250463853,1.258460174776595,130,0.49230769230769234
mVST-RS,1,40000,1203,256,80,4,1,21.57409043431835,11259.8274967509,1.269925596499387,1.1590331584497369,150,0.4266666666666667
Gr-based,1,40000,1203,256,80,4,1,6.813315901126771,11037.197010961158,1.2955411719199137,1.3354264657461028,114,0.5614035087719298
mVST-RS,1,40000,1201,256,80,4,2,47.20289810447866,11413.524759279628,1.3211210718230781,1.206138135102409,138,0.463768115942029
Gr-based,1,40000,1201,256,80,4,2,6.6440655886763125,11370.978238068581,1.3260642793930744,1.3524784058588055,111,0.5765765765765766
mVST-RS,1,40000,1202,256,80,4,3,27.69241667397,10582.770245734946,1.254701209565026,1.1626715149234559,152,0.42105263157894735
Gr-based,1,40000,1202,256,80,4,3,8.117185409049853,10289.54259357107,1.290457229475746,1.3325119748878462,118,0.5423728813559322
mVST-RS,1,40000,1205,256,80,4,4,23.093072829207813,11070.756538695852,1.2409641824164699,1.1330228365766155,159,0.4025157232704403
Gr-based,1,40000,1205,256,80,4,4,7.944130485760979,10921.601277167802,1.2579119112776422,1.347292061729511,123,0.5203252032520326
mVST-RS,1,40000,1204,256,80,4,5,35.38078517567919,11627.255059873698,1.2767814305930396,1.1456393492812302,151,0.423841059602649
Gr-based,1,40000,1204,256,80,4,5,6.447438499752025,10925.582527677829,1.3587800294956922,1.3166209896900432,112,0.5625
mVST-RS,1,40000,1197,256,80,4,6,41.150061067986826,11761.974244392415,1.3546161433038506,1.1584170724679042,145,0.4413793103448276
Gr-based,1,40000,1197,256,80,4,6,6.4932481776268105,11249.10581553137,1.416375705754303,1.309490464226062,116,0.5431034482758621
mVST-RS,1,40000,1207,256,80,4,7,19.731900071135897,10814.759676724809,1.2860440203009291,1.1684263926003848,143,0.44755244755244755
Gr-based,1,40000,1207,256,80,4,7,6.572638934616407,10710.412324858991,1.2985734434296543,1.3059371181264174,115,0.5565217391304348
mVST-RS,1,40000,1208,256,80,4,8,20.841099665965885,11350.760733179317,1.2606784830196824,1.1578162238604284,155,0.4129032258064516
Gr-based,1,40000,1208,256,80,4,8,7.399542167710024,11156.240916135375,1.2826596278973936,1.367997480543042,116,0.5517241379310345
mVST-RS,1,40000,1203,256,80,4,9,32.919978430800256,11382.919778582107,1.2587822826095412,1.1705544973641298,148,0.43243243243243246
Gr-based,1,40000,1203,256,80,4,9,7.9554799738834845,11076.08892152146,1.2936531877966033,1.3472092070905473,114,0.5614035087719298
mVST-RS,1,40000,1204,256,80,4,10,17.83739334812708,10854.288646947722,1.2105255348527564,1.1567327880508191,152,0.42105263157894735
Gr-based,1,40000,1204,256,80,4,10,8.005389931167883,10650.555571664767,1.2336815184317,1.3302029024465465,124,0.5161290322580645
mVST-RS,1,80000,2433,256,80,4,1,72.46574429130851,15365.603227844811,1.3199899499829313,1.1450570552692159,138,0.463768115942029
Gr-based,1,80000,2433,256,80,4,1,16.917700322352175,14812.789316230226,1.3692520296604211,1.3091068123650822,103,0.6213592233009708
mVST-RS,1,80000,2435,256,80,4,2,58.183177919832815,14962.389251679224,1.2723450598939876,1.1656426168613034,149,0.42953020134228187
Gr-based,1,80000,2435,256,80,4,2,13.19904651826073,14135.327838802259,1.346790273680562,1.296599624416786,112,0.5625
mVST-RS,1,80000,2430,256,80,4,3,102.18503759214946,15739.430692360836,1.315626205865365,1.1759820372087548,137,0.46715328467153283
Gr-based,1,80000,2430,256,80,4,3,17.239890227625438,15355.939233371786,1.348481989253403,1.3015894204460263,107,0.5981308411214953
mVST-RS,1,80000,2429,256,80,4,4,121.34075978528563,15003.62650647717,1.3467859111830736,1.1423116764927115,139,0.460431654676259
Gr-based,1,80000,2429,256,80,4,4,13.57266340917704,14617.002627951222,1.382408781738628,1.3569984932886596,105,0.6095238095238096
mVST-RS,1,80000,2431,256,80,4,5,126.05983992054826,15293.518348354812,1.321622315016459,1.1671170158121558,143,0.44755244755244755
Gr-based,1,80000,2431,256,80,4,5,14.227466227079276,14922.840099218865,1.3544509617413503,1.3167166698337374,111,0.5765765765765766
mVST-RS,1,80000,2429,256,80,4,6,112.70661665960506,15659.39418925317,1.375210472883299,1.1744975892663645,140,0.45714285714285713
Gr-based,1,80000,2429,256,80,4,6,14.93635744236235,15205.376596304079,1.416272905289519,1.3155769079261008,107,0.5981308411214953
mVST-RS,1,80000,2437,256,80,4,7,105.26117323177459,15523.427487686788,1.3508364701697928,1.1517323031683764,140,0.45714285714285713
Gr-based,1,80000,2437,256,80,4,7,14.299935418719542,14870.604601416735,1.4101384950014584,1.3037033019274222,106,0.6037735849056604
mVST-RS,1,80000,2432,256,80,4,8,82.71315334262908,14668.314180311996,1.3194130577740457,1.1559588234193812,132,0.48484848484848486
Gr-based,1,80000,2432,256,80,4,8,17.65077240942628,14698.454971838686,1.3167074568120294,1.3198821882588325,103,0.6213592233009708
mVST-RS,1,80000,2427,256,80,4,9,40.65841400071804,13925.613598394268,1.2833373971865516,1.1448366158727015,140,0.45714285714285713
Gr-based,1,80000,2427,256,80,4,9,13.914743242057739,13710.12061831629,1.3035086420547974,1.3329412376094103,109,0.5871559633027523
mVST-RS,1,80000,2435,256,80,4,10,149.1702431113954,15385.109816096483,1.35293017172585,1.1481921771528532,139,0.460431654676259
Gr-based,1,80000,2435,256,80,4,10,14.077144623370259,14724.888183528303,1.4135916691575783,1.3196726717043163,105,0.6095238095238096
mVST-RS,2,1250,33,256,80,4,1,1.009434550665901,2732.6196245162782,1.0885154802557027,1.0797916842813093,221,0.2895927601809955
Gr-based,2,1250,33,256,80,4,1,0.1325258305441821,2666.476296056336,1.1155166716972948,1.1221911800723756,204,0.29411764705882354
mVST-RS,2,1250,32,256,80,4,2,0.3939209124073386,2564.561055346551,1.0235944064578573,1.0333513292461585,237,0.270042194092827
Gr-based,2,1250,32,256,80,4,2,0.12771973620692734,2545.316350236253,1.0313336301119242,1.0981814677987263,218,0.28440366972477066
mVST-RS,2,1250,32,256,80,4,3,0.30361252497823443,2699.5498213357514,1.0279369219421666,1.0584035649511876,232,0.27586206896551724
Gr-based,2,1250,32,256,80,4,3,0.11942641089262906,2637.1223946937175,1.052270815930669,1.1115009576642134,215,0.28837209302325584
mVST-RS,2,1250,27,256,80,4,4,0.9029883445764426,2707.740044392492,1.0102106095564987,1.0053163331488935,251,0.2549800796812749
Gr-based,2,1250,27,256,80,4,4,0.12918702595925424,2740.2888741292645,0.9982114464612634,1.0869463540736548,235,0.2723404255319149
mVST-RS,2,1250,31,256,80,4,5,0.6195677317737136,2731.178215980255,1.0183601709241927,1.0189735003815512,243,0.26337448559670784
Gr-based,2,1250,31,256,80,4,5,0.13672479770320933,2725.5687737395187,1.0204560389918431,1.1178914852972028,216,0.2916666666666667
mVST-RS,2,1250,35,256,80,4,6,0.5599224235193105,2544.924568317926,1.0189886147456784,1.0374397654403595,238,0.2689075630252101
Gr-based,2,1250,35,256,80,4,6,0.15058845542080235,2525.8662054401584,1.0266771671901072,1.084585015972558,224,0.28125
mVST-RS,2,1250,29,256,80,4,7,0.7955303914932301,2682.879033175697,1.0481742653743185,1.0394884800860302,232,0.27586206896551724
Gr-based,2,1250,29,256,80,4,7,0.1313115762313828,2603.6506086212385,1.0800699411724282,1.0753953221177,215,0.27906976744186046
mVST-RS,2,1250,32,256,80,4,8,0.5907836677215528,2610.934805194839,1.0643351983437517,1.0464608930953931,229,0.2794759825327511
Gr-based,2,1250,32,256,80,4,8,0.1499655382358469,2528.631230771599,1.098977889671039,1.0674862012002873,214,0.2850467289719626
mVST-RS,2,1250,31,256,80,4,9,0.6201870962104294,2655.1026147312286,1.0205613980711863,1.0545421321085358,240,0.26666666666666666
Gr-based,2,1250,31,256,80,4,9,0.13912804225401487,2650.1261604213946,1.0224778265204169,1.1513829696354325,219,0.2785388127853881
mVST-RS,2,1250,31,256,80,4,10,1.2257419543748256,2763.907039395674,1.0899482788508126,1.0351243595574873,223,0.28699551569506726
Gr-based,2,1250,31,256,80,4,10,0.15649669474805705,2790.0547153230473,1.0797335636280363,1.067178957132295,219,0.2876712328767123
mVST-RS,2,2500,64,256,80,4,1,1.0087512365571456,3656.003744770888,1.0793055032376353,1.0674729640184284,218,0.29357798165137616
Gr-based,2,2500,64,256,80,4,1,0.32583582619554363,3644.3991926036033,1.0827422444821668,1.185118373663756,194,0.32989690721649484
mVST-RS,2,2500,68,256,80,4,2,1.458682589349337,3793.8235193670116,1.104677872054431,1.066546147014887,214,0.29906542056074764
Gr-based,2,2500,68,256,80,4,2,0.35787540234741755,3709.478949444456,1.1297955722196655,1.1716703282576268,181,0.3370165745856354
mVST-RS,2,2500,68,256,80,4,3,1.206452048412757,3694.0723851046982,1.0309269985108513,1.0347230659366835,237,0.270042194092827
Gr-based,2,2500,68,256,80,4,3,0.3183209499838995,3620.642696128731,1.051835067936901,1.1888157122779759,199,0.3165829145728643
mVST-RS,2,2500,71,256,80,4,4,1.0035701287124539,3581.306303016797,1.068904011779292,1.0662636019747334,217,0.29493087557603687
Gr-based,2,2500,71,256,80,4,4,0.3322181615512818,3559.079335043665,1.0755794727622034,1.1220191734726968,204,0.3088235294117647
mVST-RS,2,2500,74,256,80,4,5,0.7814729109959444,3621.206959019547,1.0661884170263254,1.1023496430190731,218,0.29357798165137616
Gr-based,2,2500,74,256,80,4,5,0.38310236448887736,3653.6426582666804,1.05672318737197,1.2191269589365634,186,0.3387096774193548
mVST-RS,2,2500,66,256,80,4,6,0.9780238129606005,3753.395501802481,1.037262218859374,1.081400577833259,226,0.2831858407079646
Gr-based,2,2500,66,256,80,4,6,0.3651321113429731,3830.777030754202,1.0163095672759457,1.2092161116724398,194,0.3247422680412371
mVST-RS,2,2500,75,256,80,4,7,0.7620637901854934,3402.584683360979,1.0690309985047102,1.1022942871153847,209,0.3062200956937799
Gr-based,2,2500,75,256,80,4,7,0.35184400068828836,3422.1067192875294,1.0629325149472628,1.2302931998316287,182,0.34065934065934067
mVST-RS,2,2500,74,256,80,4,8,0.607285446865717,3352.303107253709,1.0589042468742473,1.0431196198231307,224,0.2857142857142857
Gr-based,2,2500,74,256,80,4,8,0.30993841093732044,3339.7002572819383,1.0629001777452078,1.185675523780281,192,0.3333333333333333
mVST-RS,2,2500,70,256,80,4,9,1.0676192799583077,3805.6373297567707,1.0811616722726467,1.076528435152823,208,0.3076923076923077
Gr-based,2,2500,70,256,80,4,9,0.38926442874071654,3759.7331776543074,1.0943620265281901,1.209216192475746,177,0.3502824858757062
mVST-RS,2,2500,70,256,80,4,10,0.9875238922977587,3706.034367041641,1.0582425608334085,1.0692618476204367,225,0.28444444444444444
Gr-based,2,2500,70,256,80,4,10,0.3666329549305374,3649.021557557829,1.0747766866413238,1.2775299396068591,180,0.3388888888888889
mVST-RS,2,5000,142,256,80,4,1,1.3969336526060943,5131.106356035543,1.1264268166039728,1.1226387902949384,194,0.32989690721649484
Gr-based,2,5000,142,256,80,4,1,0.6512437422206858,4967.849665550904,1.1634441835800966,1.2260253234714928,171,0.36257309941520466
mVST-RS,2,5000,145,256,80,4,2,2.1313234187546186,5148.531857721102,1.1479786031305395,1.1100606892454141,193,0.3316062176165803
Gr-based,2,5000,145,256,80,4,2,0.6055240675777895,4965.893282053542,1.1901996427429522,1.2750280178921152,153,0.40522875816993464
mVST-RS,2,5000,141,256,80,4,3,1.7111930087994551,4796.364440056484,1.1569549871292615,1.1075927502913727,194,0.32989690721649484
Gr-based,2,5000,141,256,80,4,3,0.6112838804983767,4755.547156504838,1.16688523452499,1.2334947409981973,168,0.38095238095238093
mVST-RS,2,5000,147,256,80,4,4,1.3584055530518526,4831.431546220176,1.0926252869928181,1.0985031959418725,202,0.31683168316831684
Gr-based,2,5000,147,256,80,4,4,0.6630617998598609,4821.742565613529,1.0948208470153507,1.304002885437931,160,0.39375
mVST-RS,2,5000,147,256,80,4,5,1.0398615687008714,4803.79035637694,1.0891051243309893,1.1092709571027701,195,0.3282051282051282
Gr-based,2,5000,147,256,80,4,5,0.6899479007552145,4677.871050676758,1.1184217428535173,1.2640011967443372,158,0.4050632911392405
mVST-RS,2,5000,144,256,80,4,6,1.3721914447960444,4933.970129010781,1.1033222024846392,1.0821766322244475,207,0.30917874396135264
Gr-based,2,5000,144,256,80,4,6,0.6348517038568389,4965.674773203747,1.0962777544574067,1.2384468496461438,174,0.3563218390804598
mVST-RS,2,5000,145,256,80,4,7,2.0823537585383747,5094.443179220453,1.1602299827744043,1.116072204174323,178,0.3595505617977528
Gr-based,2,5000,145,256,80,4,7,0.6535565887461416,4941.813028582591,1.196064215275955,1.2661386049701489,149,0.40939597315436244
mVST-RS,2,5000,147,256,80,4,8,1.0433105088304728,4775.528893982442,1.094482977818127,1.0925482907817379,200,0.32
Gr-based,2,5000,147,256,80,4,8,0.6104900360805914,4715.438863941659,1.1084302512138513,1.2208145497384082,170,0.3764705882352941
mVST-RS,2,5000,142,256,80,4,9,1.6314821086998563,4778.4256675366305,1.122559672568421,1.1339800593177642,197,0.3248730964467005
Gr-based,2,5000,142,256,80,4,9,0.6031970100011677,4763.0820448940985,1.1261758462658862,1.2960465335805664,169,0.378698224852071
mVST-RS,2,5000,148,256,80,4,10,1.8144279148982605,4966.9813111475405,1.1573935370644413,1.1175731610516224,193,0.3316062176165803
Gr-based,2,5000,148,256,80,4,10,0.6475054495385848,4883.274468412696,1.1772330442262966,1.269825650766394,159,0.389937106918239
mVST-RS,2,10000,288,256,80,4,1,4.215289340689196,6768.395393260279,1.244692551118892,1.1431462602546718,179,0.3575418994413408
Gr-based,2,10000,288,256,80,4,1,1.4058009459840832,6712.469129346216,1.2550629532413258,1.3649767886043391,139,0.460431654676259
mVST-RS,2,10000,287,256,80,4,2,3.1227478464279557,6083.611407434045,1.1613842793806042,1.1262991294195581,184,0.34782608695652173
Gr-based,2,10000,287,256,80,4,2,1.266419078790932,6014.832199166635,1.1746646317803073,1.2735474900973764,152,0.4144736842105263
mVST-RS,2,10000,285,256,80,4,3,1.8567120709340088,6485.248259417943,1.1382193289308258,1.127406229218612,187,0.3422459893048128
Gr-based,2,10000,285,256,80,4,3,1.4570629256922984,6501.636694789049,1.1353502615273399,1.3889310889131958,138,0.45652173913043476
mVST-RS,2,10000,279,256,80,4,4,4.398157380928751,6553.809915770187,1.192015028706629,1.1601490378668984,169,0.378698224852071
Gr-based,2,10000,279,256,80,4,4,1.3429103891394334,6446.280577589619,1.211898833886273,1.3285392116648502,141,0.45390070921985815
mVST-RS,2,10000,283,256,80,4,5,1.927030263992492,6126.462645751176,1.1465092029875925,1.1302807463951163,188,0.3404255319148936
Gr-based,2,10000,283,256,80,4,5,1.2996358026575763,6081.341863979341,1.1550157781324328,1.3436712962858992,143,0.44755244755244755
mVST-RS,2,10000,288,256,80,4,6,3.1843763841025066,6251.392237999864,1.1793801254211735,1.1184843314045507,185,0.34594594594594597
Gr-based,2,10000,288,256,80,4,6,1.3734680697671138,6304.188285490075,1.169503102989267,1.3275686780220686,151,0.423841059602649
mVST-RS,2,10000,288,256,80,4,7,2.697125264778151,6504.660848680491,1.1751128568133087,1.1420448086510773,174,0.367816091954023
Gr-based,2,10000,288,256,80,4,7,1.4020397577551194,6331.292732423547,1.2072906617237846,1.312966690089078,140,0.45714285714285713
mVST-RS,2,10000,289,256,80,4,8,4.734626222052611,6497.6171449527765,1.1835863334486754,1.1420012116069387,170,0.3764705882352941
Gr-based,2,10000,289,256,80,4,8,1.5121879394137068,6380.9269264006625,1.2052309862582833,1.2825786030343078,142,0.4507042253521127
mVST-RS,2,10000,287,256,80,4,9,4.224178740128991,6548.985974210783,1.140290083470329,1.1214453885780056,179,0.3575418994413408
Gr-based,2,10000,287,256,80,4,9,1.3229107207298512,6491.5375788194015,1.1503813499508333,1.3252869262906721,140,0.45714285714285713
mVST-RS,2,10000,284,256,80,4,10,3.134745121074957,6370.097713278791,1.145925648978875,1.120170879718551,182,0.3516483516483517
Gr-based,2,10000,284,256,80,4,10,1.38666301916237,6253.315802913183,1.1673260372916416,1.2667257799307747,146,0.4383561643835616
mVST-RS,2,20000,591,256,80,4,1,5.150200809875969,8442.858614608458,1.1650406817437435,1.1447535220305791,175,0.3657142857142857
Gr-based,2,20000,591,256,80,4,1,3.380532534996746,8490.711661763118,1.1584745953070028,1.434800696950539,122,0.5245901639344263
mVST-RS,2,20000,590,256,80,4,2,9.723549112168257,8561.308719940744,1.2195225267756993,1.1802575092811176,149,0.42953020134228187
Gr-based,2,20000,590,256,80,4,2,3.221200738029438,8661.328466607707,1.2054396600823254,1.3528679897590121,122,0.5245901639344263
mVST-RS,2,20000,592,256,80,4,3,11.020165463865851,8700.056668971942,1.244503391387901,1.1844514359297131,143,0.44755244755244755
Gr-based,2,20000,592,256,80,4,3,3.512080567117664,8356.627658540292,1.2956482533641775,1.2789834557439779,124,0.5080645161290323
mVST-RS,2,20000,594,256,80,4,4,11.067090313517838,8617.036889540397,1.2079781162790195,1.1595971538923453,159,0.4025157232704403
Gr-based,2,20000,594,256,80,4,4,3.639276073896326,8465.747201107242,1.2295656535045605,1.3139618671719544,131,0.48854961832061067
mVST-RS,2,20000,592,256,80,4,5,13.00936191646906,8890.10785136564,1.283627087843666,1.1617996826086836,146,0.4383561643835616
Gr-based,2,20000,592,256,80,4,5,3.1931793330440996,8648.393811838085,1.319503193326395,1.281506649645422,123,0.5203252032520326
mVST-RS,2,20000,593,256,80,4,6,7.887836614114349,8386.783151689555,1.2225331917535929,1.1598650532624115,166,0.3855421686746988
Gr-based,2,20000,593,256,80,4,6,2.934453163179569,8361.04044119276,1.2262972350266028,1.320165217769473,135,0.4740740740740741
mVST-RS,2,20000,591,256,80,4,7,13.65754357460537,8844.868065818093,1.2269958759976927,1.181728113993089,154,0.4155844155844156
Gr-based,2,20000,591,256,80,4,7,3.237039335363079,8670.07294394301,1.2517330258546697,1.3409556588485756,123,0.5203252032520326
mVST-RS,2,20000,592,256,80,4,8,7.29508353327401,8509.28645280049,1.204678806528968,1.1977813682155758,155,0.4129032258064516
Gr-based,2,20000,592,256,80,4,8,2.8863780088868225,8253.30118213828,1.242043253014665,1.3524068725803604,124,0.5161290322580645
mVST-RS,2,20000,592,256,80,4,9,9.238084636206622,8661.95287349787,1.1995911832991835,1.1802758343394366,163,0.39263803680981596
Gr-based,2,20000,592,256,80,4,9,3.08635179742123,8643.07589598515,1.2022111598057088,1.367506006163829,126,0.5079365079365079
mVST-RS,2,20000,594,256,80,4,10,15.581273324860376,8460.918984284292,1.2432107442520342,1.1340596894710289,165,0.3878787878787879
Gr-based,2,20000,594,256,80,4,10,2.9629703755053924,8358.438283835909,1.2584534371510518,1.3220799679698307,127,0.5039370078740157
mVST-RS,2,40000,1244,256,80,4,1,77.00779396521102,11328.61839186898,1.388953453433993,1.1278620318131485,146,0.4383561643835616
Gr-based,2,40000,1244,256,80,4,1,7.182421971519943,11134.021324656862,1.4132291630496945,1.2876157334547942,117,0.5470085470085471
mVST-RS,2,40000,1234,256,80,4,2,26.219533704250352,11341.658172195355,1.2828858857235927,1.168426736701516,155,0.4129032258064516
Gr-based,2,40000,1234,256,80,4,2,7.4568387070758035,10947.532885126308,1.3290714302926883,1.3349336074876903,117,0.5470085470085471
mVST-RS,2,40000,1236,256,80,4,3,18.80009331915062,11233.762789923681,1.2304789714273852,1.1715144268188118,148,0.43243243243243246
Gr-based,2,40000,1236,256,80,4,3,7.0313945529051125,10955.467084549162,1.261736152034942,1.3192161867365977,117,0.5470085470085471
mVST-RS,2,40000,1236,256,80,4,4,14.593790881408495,10884.65052992365,1.2299577810320874,1.1630771440520093,152,0.42105263157894735
Gr-based,2,40000,1236,256,80,4,4,6.9095735819864785,10730.823361623958,1.2475893192848713,1.3898368970044468,114,0.5614035087719298
mVST-RS,2,40000,1234,256,80,4,5,50.23938178824028,11330.383794301737,1.2816200248487606,1.1773167394493151,145,0.4413793103448276
Gr-based,2,40000,1234,256,80,4,5,7.2124222636339255,11124.961828289039,1.305285086288901,1.3817936224527991,110,0.5818181818181818
mVST-RS,2,40000,1231,256,80,4,6,28.841680739540607,11103.521575958282,1.269620911081801,1.1738716765895818,150,0.4266666666666667
Gr-based,2,40000,1231,256,80,4,6,8.129752704247949,11049.861317550145,1.2757864351740191,1.352442696562315,117,0.5470085470085471
mVST-RS,2,40000,1237,256,80,4,7,29.933449311196455,11106.9597296474,1.3391992418239662,1.1556451915402197,144,0.4444444444444444
Gr-based,2,40000,1237,256,80,4,7,6.647070828606957,11041.408264149522,1.3471499009061272,1.341977136547639,110,0.5818181818181818
mVST-RS,2,40000,1232,256,80,4,8,28.261573904121178,10850.19936360739,1.3329686195597963,1.1771696075670903,139,0.460431654676259
Gr-based,2,40000,1232,256,80,4,8,7.082465867846622,10788.012574686156,1.3406524294932125,1.381424284327755,108,0.5925925925925926
mVST-RS,2,40000,1235,256,80,4,9,68.11760660845903,11574.29078377691,1.3721058004442237,1.1517603128463456,141,0.45390070921985815
Gr-based,2,40000,1235,256,80,4,9,7.088087912648916,11187.888066309835,1.4194950312625525,1.2961816507358874,110,0.5818181818181818
mVST-RS,2,40000,1242,256,80,4,10,27.228794564434793,11277.62989190904,1.2531019280043618,1.1524745230070779,150,0.4266666666666667
Gr-based,2,40000,1242,256,80,4,10,6.990407943652826,11001.580789195852,1.2845444697137751,1.3380582451910765,117,0.5384615384615384
mVST-RS,2,80000,2456,256,80,4,1,99.0581409119186,15556.317741300278,1.3523872414191493,1.1166427792011573,144,0.4444444444444444
Gr-based,2,80000,2456,256,80,4,1,14.32028483657632,14614.504729583885,1.439540102526339,1.2358591760026922,115,0.5565217391304348
mVST-RS,2,80000,2455,256,80,4,2,149.17091497771617,15400.806456563754,1.2852563207425012,1.17820143247586,141,0.45390070921985815
Gr-based,2,80000,2455,256,80,4,2,14.631515662535094,14854.316890032489,1.332540835729215,1.370120180208046,105,0.6095238095238096
mVST-RS,2,80000,2456,256,80,4,3,81.20988519849197,15048.401251175348,1.302741546055359,1.1644028507645408,138,0.463768115942029
Gr-based,2,80000,2456,256,80,4,3,14.73977772356011,14348.957673016099,1.36624401286542,1.243048873287082,111,0.5765765765765766
mVST-RS,2,80000,2452,256,80,4,4,45.35682852250466,14788.381038461632,1.281838429645955,1.1391303203990126,151,0.423841059602649
Gr-based,2,80000,2452,256,80,4,4,14.550196151816635,14851.199989069235,1.2764163933756116,1.39550691298667,113,0.5663716814159292
mVST-RS,2,80000,2456,256,80,4,5,80.17759535013465,14653.592957274588,1.3090569854653191,1.1584239978302773,136,0.47058823529411764
Gr-based,2,80000,2456,256,80,4,5,16.749010556435678,14580.674256987379,1.3156036466347283,1.3201915682441494,108,0.5925925925925926
mVST-RS,2,80000,2455,256,80,4,6,120.57093597848143,15286.202171268871,1.3762326599484964,1.1544270293694212,138,0.463768115942029
Gr-based,2,80000,2455,256,80,4,6,16.287071665472467,15053.964495694494,1.3974638163051751,1.322077686032059,109,0.5871559633027523
mVST-RS,2,80000,2454,256,80,4,7,166.25142406449595,16427.61797860626,1.390497432321233,1.1791187197642505,137,0.46715328467153283
Gr-based,2,80000,2454,256,80,4,7,14.782133329543285,15261.16094825137,1.49677738776639,1.2787324971855463,103,0.6213592233009708
mVST-RS,2,80000,2454,256,80,4,8,128.0753038991097,15443.633153874922,1.389228125014982,1.1671219475010748,127,0.5039370078740157
Gr-based,2,80000,2454,256,80,4,8,15.45933116535889,15217.258199552114,1.409894558430266,1.3150541232489972,100,0.64
mVST-RS,2,80000,2456,256,80,4,9,46.308452962650335,14535.571354536765,1.258426674210401,1.1679592376421792,142,0.4507042253521127
Gr-based,2,80000,2456,256,80,4,9,14.93955887357879,14278.781311472843,1.2810582582940953,1.3222663877440128,114,0.5614035087719298
mVST-RS,2,80000,2450,256,80,4,10,63.95912628955557,14845.528025546686,1.2915884673303262,1.1939589299607212,135,0.4740740740740741
Gr-based,2,80000,2450,256,80,4,10,14.654901900416007,14510.216702691867,1.3214353156881606,1.3556665171517768,103,0.6213592233009708
mVST-RS,3,1250,22,256,80,4,1,0.45840271083579864,2796.6822585157224,1.030539132805393,1.0211341534627358,241,0.26556016597510373
Gr-based,3,1250,22,256,80,4,1,0.10083481956098694,2733.819403616165,1.0542358817157893,1.057905064268095,225,0.28
mVST-RS,3,1250,19,256,80,4,2,0.6349421018530848,2715.7550476001597,1.059900624105678,1.035747002749981,236,0.2711864406779661
Gr-based,3,1250,19,256,80,4,2,0.09238359383016359,2650.9653148424463,1.085804651518282,1.0358239098603501,231,0.2683982683982684
mVST-RS,3,1250,24,256,80,4,3,1.0729563144705025,2751.9299586535453,1.0334591620185607,1.0372342018751088,238,0.2689075630252101
Gr-based,3,1250,24,256,80,4,3,0.13009416392014828,2682.7979101430255,1.0600899971821751,1.1350119382112782,208,0.28846153846153844
mVST-RS,3,1250,21,256,80,4,4,0.6923728566034697,2934.5650306189664,1.0148769841017957,1.022979015230296,244,0.26229508196721313
Gr-based,3,1250,21,256,80,4,4,0.10113838313554879,2913.972400198799,1.0220489760719724,1.0285525804414837,239,0.26778242677824265
mVST-RS,3,1250,25,256,80,4,5,0.9240558146411786,2874.0443231823783,1.0144679125963418,1.0524130408507248,238,0.2689075630252101
Gr-based,3,1250,25,256,80,4,5,0.10641738925187383,2769.5708453219986,1.0527355709903186,1.0783023159303902,224,0.2857142857142857
mVST-RS,3,1250,22,256,80,4,6,0.44262253666238394,2618.042587827102,1.0155747710649132,1.030406570596111,240,0.26666666666666666
Gr-based,3,1250,22,256,80,4,6,0.10095521864423063,2619.7251631020404,1.0149224961531353,1.0660487209080407,232,0.27586206896551724
mVST-RS,3,1250,27,256,80,4,7,0.28343482383934315,2457.228121710632,1.0311048555301012,1.0264321696594956,239,0.26778242677824265
Gr-based,3,1250,27,256,80,4,7,0.0978497119504027,2455.371417950564,1.031884556820216,1.0502951707452586,233,0.27467811158798283
mVST-RS,3,1250,24,256,80,4,8,0.620809223910328,2771.941978172682,1.0262730680271963,1.0353979078046613,236,0.2711864406779661
Gr-based,3,1250,24,256,80,4,8,0.11125506366079208,2763.475425188443,1.0294172954835188,1.1085933647474824,219,0.2831050228310502
mVST-RS,3,1250,21,256,80,4,9,0.3591690016182838,2690.0863256649304,1.0166325364940594,1.0176383923715475,247,0.2591093117408907
Gr-based,3,1250,21,256,80,4,9,0.10299094994843472,2676.6570689557298,1.0217331597565047,1.0861779319928855,234,0.27350427350427353
mVST-RS,3,1250,22,256,80,4,10,0.7747846435522661,2977.5628012531774,1.031591595932587,1.037264393245818,230,0.2782608695652174
Gr-based,3,1250,22,256,80,4,10,0.11306144458649214,2911.7202784016577,1.0549189030686668,1.0918755430337306,212,0.2830188679245283
mVST-RS,3,2500,70,256,80,4,1,0.7579646950471215,3582.636487993686,1.0666050390025053,1.0724110600748755,225,0.28444444444444444
Gr-based,3,2500,70,256,80,4,1,0.27391461218940094,3563.0065806378466,1.072481356552596,1.1991253213315045,196,0.32142857142857145
mVST-RS,3,2500,66,256,80,4,2,0.5954646259633591,3676.986175000646,1.0566141560646054,1.059357875093301,224,0.2857142857142857
Gr-based,3,2500,66,256,80,4,2,0.2777369868417736,3618.9435722282838,1.0735607136773706,1.1750115243318353,195,0.31794871794871793
mVST-RS,3,2500,67,256,80,4,3,0.8810208420763956,3710.7373647083473,1.0900407330604327,1.0886229045068423,210,0.3047619047619048
Gr-based,3,2500,67,256,80,4,3,0.27637864838470705,3734.2375860888046,1.0831809128293728,1.1706294890675173,190,0.3368421052631579
mVST-RS,3,2500,69,256,80,4,4,0.839630402464536,3601.8643096372216,1.0775105921723938,1.0588982011162016,217,0.29493087557603687
Gr-based,3,2500,69,256,80,4,4,0.28522067770245485,3560.322892060696,1.090082855646692,1.1555957837322497,193,0.32124352331606215
mVST-RS,3,2500,71,256,80,4,5,1.2215090386162046,4027.219397925932,1.0973818590970277,1.0853844941237265,208,0.3076923076923077
Gr-based,3,2500,71,256,80,4,5,0.30138494467246346,3959.6225495479785,1.1161158556368158,1.185089610033455,184,0.3423913043478261
mVST-RS,3,2500,67,256,80,4,6,0.7499923023569863,3909.16185353234,1.0841156802670624,1.0896696045528216,211,0.3033175355450237
Gr-based,3,2500,67,256,80,4,6,0.27784475388762075,3852.423431050058,1.1000825163606465,1.2019429972726319,185,0.34054054054054056
mVST-RS,3,2500,74,256,80,4,7,0.8264524273690768,3707.998592946877,1.0908542782099864,1.0611606187915519,217,0.29493087557603687
Gr-based,3,2500,74,256,80,4,7,0.29512103463639505,3699.3093138349636,1.093416577409554,1.1998309823417204,187,0.3155080213903743
mVST-RS,3,2500,66,256,80,4,8,0.9892698762996588,3911.200606613921,1.0450493505201555,1.0762186157559066,229,0.2794759825327511
Gr-based,3,2500,66,256,80,4,8,0.2792670419876231,3795.4625158166846,1.0769168807919094,1.2624720062879795,189,0.328042328042328
mVST-RS,3,2500,68,256,80,4,9,0.8603532548440853,3454.681520456235,1.075957973604217,1.074447918876566,219,0.2922374429223744
Gr-based,3,2500,68,256,80,4,9,0.2687860062287655,3493.4351180592935,1.0640220878820787,1.2294025081990803,191,0.32460732984293195
mVST-RS,3,2500,67,256,80,4,10,1.526761754299514,3790.4672153604943,1.1102959256265903,1.0549916030546758,216,0.2962962962962963
Gr-based,3,2500,67,256,80,4,10,0.2959685651876498,3735.8123889101303,1.1265395226829646,1.1621110917524304,194,0.32989690721649484
mVST-RS,3,5000,153,256,80,4,1,3.750548111871467,5063.908037083997,1.1579913987249009,1.104397278010131,203,0.31527093596059114
Gr-based,3,5000,153,256,80,4,1,0.6709212937421398,4966.174156504027,1.1807805699277252,1.2948941792846762,158,0.3924050632911392
mVST-RS,3,5000,155,256,80,4,2,1.8378871817258187,4954.036867352963,1.1393354674527687,1.1356420389036677,185,0.34594594594594597
Gr-based,3,5000,155,256,80,4,2,0.6544526736834086,4963.6875376302405,1.1371203096999412,1.314230357402595,152,0.4144736842105263
mVST-RS,3,5000,154,256,80,4,3,1.4643551622721134,5089.501592722518,1.0937622066114014,1.1029171924861705,194,0.32989690721649484
Gr-based,3,5000,154,256,80,4,3,0.6826588221738348,5064.907291604737,1.09907332397484,1.240123420589022,166,0.3855421686746988
mVST-RS,3,5000,150,256,80,4,4,1.6625371756817913,4993.681578587348,1.145969881703036,1.1126468743789792,195,0.3282051282051282
Gr-based,3,5000,150,256,80,4,4,0.5961866256693611,4886.49388803189,1.1711073049517804,1.2080654718368227,168,0.375
mVST-RS,3,5000,151,256,80,4,5,1.7790574291720986,4910.983103267687,1.161832362996553,1.1025326484702,192,0.3333333333333333
Gr-based,3,5000,151,256,80,4,5,0.6102129208302358,4825.0553027871765,1.1825230480176552,1.2452083225198622,164,0.38414634146341464
mVST-RS,3,5000,155,256,80,4,6,2.490699269939796,4801.780780390124,1.1732488963744208,1.1691855572971814,181,0.35359116022099446
Gr-based,3,5000,155,256,80,4,6,0.7209990202245535,4680.340182394536,1.2036911381818267,1.2591780473929988,160,0.38125
mVST-RS,3,5000,157,256,80,4,7,1.4485738038492855,4897.147564996477,1.1103152223778587,1.1088267226111392,204,0.3137254901960784
Gr-based,3,5000,157,256,80,4,7,0.6915628274000483,4840.814262372523,1.123236131968705,1.28797808628185,167,0.38323353293413176
mVST-RS,3,5000,153,256,80,4,8,1.199880627274979,4877.055766964907,1.085084397105867,1.1033523082306291,203,0.31527093596059114
Gr-based,3,5000,153,256,80,4,8,0.7249074506107718,4783.032068001317,1.1064147263307353,1.2618382553271998,165,0.37575757575757573
mVST-RS,3,5000,154,256,80,4,9,0.7936861144698923,4846.295202246442,1.0648644823455777,1.086967659178131,213,0.3004694835680751
Gr-based,3,5000,154,256,80,4,9,0.6075803259154782,4714.62259313793,1.094604611479457,1.2268521389236158,179,0.3575418994413408
mVST-RS,3,5000,153,256,80,4,10,1.5427712788514327,4609.76053349614,1.1272925689821385,1.1097573885220458,201,0.31840796019900497
Gr-based,3,5000,153,256,80,4,10,0.6532305243599694,4677.1150159216395,1.1110585855826642,1.3218601858372039,162,0.3950617283950617
mVST-RS,3,10000,303,256,80,4,1,3.373511492391117,6414.0903802420735,1.1662468516464253,1.1261478063396522,182,0.3516483516483517
Gr-based,3,10000,303,256,80,4,1,1.3783617988374317,6180.064816983593,1.2104100739487116,1.2817056558564546,147,0.43537414965986393
mVST-RS,3,10000,300,256,80,4,2,2.659075208764989,6372.010496049719,1.1464373843738054,1.136827066860149,186,0.34408602150537637
Gr-based,3,10000,300,256,80,4,2,1.506057455233531,6307.59764845395,1.1581447412208077,1.308571037979933,141,0.45390070921985815
mVST-RS,3,10000,309,256,80,4,3,2.987100719154114,6407.118138646091,1.1751608591113096,1.1259959944495423,179,0.3575418994413408
Gr-based,3,10000,309,256,80,4,3,1.6016665600909619,6454.208002682013,1.1665868923205132,1.3270561751492267,146,0.4383561643835616
mVST-RS,3,10000,299,256,80,4,4,3.921314663180965,6390.4917740138735,1.1730039979160105,1.1442545248111298,176,0.36363636363636365
Gr-based,3,10000,299,256,80,4,4,1.3268029663158813,6392.906315840724,1.1725609651111948,1.3072295038140993,156,0.41025641025641024
mVST-RS,3,10000,304,256,80,4,5,5.241870693760575,6704.780616411991,1.2074769698855,1.1387806457204792,168,0.38095238095238093
Gr-based,3,10000,304,256,80,4,5,1.5459865263692336,6444.324381670404,1.256278812636941,1.283004593820137,140,0.45714285714285713
mVST-RS,3,10000,310,256,80,4,6,3.1561212864762638,6523.370284957005,1.1468029365911572,1.1599835459641739,174,0.367816091954023
Gr-based,3,10000,310,256,80,4,6,1.6482002114207717,6320.031856930772,1.1836997611105764,1.3645269973497893,137,0.45255474452554745
mVST-RS,3,10000,303,256,80,4,7,2.6493880174093647,6216.485956015003,1.148749090931597,1.12945554351467,178,0.3595505617977528
Gr-based,3,10000,303,256,80,4,7,1.5274691482190974,6205.917477914138,1.150705373730088,1.3201713159576183,145,0.4413793103448276
mVST-RS,3,10000,301,256,80,4,8,6.059664651067578,6589.952168443765,1.1741112759328896,1.126561012489271,183,0.34972677595628415
Gr-based,3,10000,301,256,80,4,8,1.4813045891496586,6687.9244080030785,1.156911573278156,1.4155339994972354,137,0.46715328467153283
mVST-RS,3,10000,308,256,80,4,9,6.129971001588274,6383.655834286961,1.2326130385183764,1.165353413968212,166,0.3855421686746988
Gr-based,3,10000,308,256,80,4,9,1.7514106429589447,6291.376952442445,1.2506924118894618,1.3023368679478347,136,0.47058823529411764
mVST-RS,3,10000,301,256,80,4,10,2.4688782200828427,6119.1064307342685,1.1355794558866061,1.1229304634720625,190,0.3368421052631579
Gr-based,3,10000,301,256,80,4,10,1.649996723572258,6220.371248164181,1.117092738343589,1.3605165855196508,144,0.4444444444444444
mVST-RS,3,20000,586,256,80,4,1,17.293273204850266,8301.726558965205,1.2436977776191587,1.2150389090557645,151,0.423841059602649
Gr-based,3,20000,586,256,80,4,1,3.523700459729298,8178.843061882173,1.2623837862724494,1.370359029382433,123,0.5203252032520326
mVST-RS,3,20000,589,256,80,4,2,12.985825673196814,8596.029659308751,1.2567322771638265,1.1451994426992538,161,0.39751552795031053
Gr-based,3,20000,589,256,80,4,2,3.600579415622633,8436.6332237718,1.280476185437534,1.335764169044416,122,0.5245901639344263
mVST-RS,3,20000,588,256,80,4,3,9.519510966580128,8488.301127674578,1.203131540879525,1.197877932454331,165,0.3878787878787879
Gr-based,3,20000,588,256,80,4,3,3.0537694385275245,8545.447904808385,1.1950857262194639,1.4313563962595144,124,0.5161290322580645
mVST-RS,3,20000,596,256,80,4,4,7.561182074205135,8554.611361290039,1.2398290700061627,1.1427485403346234,166,0.3855421686746988
Gr-based,3,20000,596,256,80,4,4,3.1304044382704888,8466.04884066053,1.2527988023637333,1.3615673395003445,124,0.5161290322580645
mVST-RS,3,20000,586,256,80,4,5,8.703504836885259,8348.796882751845,1.228356618913268,1.163653845957919,155,0.4129032258064516
Gr-based,3,20000,586,256,80,4,5,3.0261408108635806,8042.555389890319,1.2751295345484148,1.283827697950944,128,0.5
mVST-RS,3,20000,592,256,80,4,6,9.747296547269798,8252.699983813545,1.22922786534802,1.141865438151906,163,0.39263803680981596
Gr-based,3,20000,592,256,80,4,6,3.2256262923183385,8287.994828287881,1.2239931364142012,1.3035331878234466,130,0.49230769230769234
mVST-RS,3,20000,594,256,80,4,7,10.043638546965667,8774.297944348056,1.2222824871514932,1.1738189676694648,162,0.3950617283950617
Gr-based,3,20000,594,256,80,4,7,3.1868593683466315,8484.217725221155,1.2640730190768907,1.3530776628577725,124,0.5080645161290323
mVST-RS,3,20000,589,256,80,4,8,6.577045146099408,8526.909311255627,1.2164649181385199,1.154768072787799,167,0.38323353293413176
Gr-based,3,20000,589,256,80,4,8,3.1361326710903086,8309.069547287514,1.2483571088506908,1.341413121086925,127,0.5039370078740157
mVST-RS,3,20000,593,256,80,4,9,21.047616058785934,8762.537961735969,1.2692698490369851,1.1732611649112183,158,0.4050632911392405
Gr-based,3,20000,593,256,80,4,9,2.9939299127290724,8645.510009476271,1.2864510276065502,1.2795666388505837,132,0.48484848484848486
mVST-RS,3,20000,595,256,80,4,10,6.277094332079287,8716.5490589099,1.2216013284384843,1.161282200975239,164,0.3902439024390244
Gr-based,3,20000,595,256,80,4,10,2.7222811717219884,8442.195140183368,1.261300850424582,1.3365883502361855,134,0.47761194029850745
mVST-RS,3,40000,1176,256,80,4,1,42.742908099578926,11167.733895517093,1.3013218723839528,1.1492032376884382,155,0.4129032258064516
Gr-based,3,40000,1176,256,80,4,1,7.163520500616869,10819.08769043343,1.3432571025420563,1.2693459758043697,119,0.5378151260504201
mVST-RS,3,40000,1172,256,80,4,2,27.366261888906593,11277.481573496929,1.2923851699866096,1.1403750839616698,147,0.43537414965986393
Gr-based,3,40000,1172,256,80,4,2,6.579432995349634,10988.793683171965,1.3263375726768207,1.2982181122933103,114,0.5614035087719298
mVST-RS,3,40000,1178,256,80,4,3,18.574366365312017,11080.533768912392,1.2683006766655538,1.1496532168663893,155,0.4129032258064516
Gr-based,3,40000,1178,256,80,4,3,6.4657482388138305,10786.296574716762,1.3028983933066143,1.3489080805717826,120,0.5333333333333333
mVST-RS,3,40000,1171,256,80,4,4,38.615634037327254,11859.759119963523,1.2811894777044555,1.1698084729581861,151,0.423841059602649
Gr-based,3,40000,1171,256,80,4,4,8.122878903785022,11788.509854320497,1.2889329338803486,1.3785823602765892,111,0.5675675675675675
mVST-RS,3,40000,1175,256,80,4,5,22.237224868367775,11267.207813376172,1.2354613043523182,1.1829777749142554,154,0.4155844155844156
Gr-based,3,40000,1175,256,80,4,5,7.5560203091590665,11121.289988208946,1.2516712788067643,1.3746810063399457,118,0.5423728813559322
mVST-RS,3,40000,1173,256,80,4,6,31.54722683422733,11124.241529170156,1.3387254480812787,1.1307871301036863,149,0.42953020134228187
Gr-based,3,40000,1173,256,80,4,6,6.695090322988108,10865.89175146685,1.3705552720688836,1.290209252952821,113,0.5663716814159292
mVST-RS,3,40000,1173,256,80,4,7,15.88471650161955,10912.25097327412,1.2409438949465403,1.1444248880334968,162,0.3950617283950617
Gr-based,3,40000,1173,256,80,4,7,7.915441556702717,10603.1203167156,1.2771232260810133,1.3087514082289362,121,0.5289256198347108
mVST-RS,3,40000,1175,256,80,4,8,20.00683985184878,11614.449154007347,1.250667489533942,1.1576285832783761,150,0.4266666666666667
Gr-based,3,40000,1175,256,80,4,8,6.59271005296614,11297.245620815678,1.2857836727031522,1.285783006630015,122,0.5245901639344263
mVST-RS,3,40000,1174,256,80,4,9,20.209926647352404,11197.800133889597,1.2710841575063596,1.1590961860421038,152,0.42105263157894735
Gr-based,3,40000,1174,256,80,4,9,6.754868662377703,11042.284241766316,1.2889856878772852,1.3888674308550208,112,0.5714285714285714
mVST-RS,3,40000,1172,256,80,4,10,21.42507664092409,10878.203169461232,1.2753816709859258,1.150857842331053,147,0.43537414965986393
Gr-based,3,40000,1172,256,80,4,10,8.038701395285898,10816.192716577782,1.28269357796553,1.38503579598881,113,0.5663716814159292
mVST-RS,3,80000,2385,256,80,4,1,66.55036352627212,14934.041625859461,1.3078108270093907,1.1543250598354555,154,0.4155844155844156
Gr-based,3,80000,2385,256,80,4,1,13.292919113126118,14088.997043715723,1.3862520709392525,1.274375089617698,115,0.5565217391304348
mVST-RS,3,80000,2383,256,80,4,2,174.08512885856908,15188.583095705746,1.3413992680909637,1.169894532383598,128,0.5
Gr-based,3,80000,2383,256,80,4,2,24.575929974322207,14242.72483565147,1.4304814902356116,1.2545601660240242,105,0.6
mVST-RS,3,80000,2385,256,80,4,3,63.40269622876076,14552.437174512448,1.3466289969623937,1.1530162347735067,131,0.48854961832061067
Gr-based,3,80000,2385,256,80,4,3,15.473137978900922,14495.26685117873,1.351940193779763,1.3174715858060864,103,0.6213592233009708
mVST-RS,3,80000,2381,256,80,4,4,92.60645370636485,15679.661909264738,1.3179197419591326,1.1326156149482973,142,0.4507042253521127
Gr-based,3,80000,2381,256,80,4,4,14.777978179743513,15530.227363550086,1.330600994674741,1.321330360480185,108,0.5925925925925926
mVST-RS,3,80000,2380,256,80,4,5,94.52706847590161,15009.282965414743,1.3231480556154247,1.1677304129044797,132,0.48484848484848486
Gr-based,3,80000,2380,256,80,4,5,14.748300399252912,14441.426183341995,1.375176060850411,1.282383590755404,104,0.6153846153846154
mVST-RS,3,80000,2381,256,80,4,6,77.84548850840656,15073.19097741546,1.3359339074979373,1.1486956015856014,142,0.4507042253521127
Gr-based,3,80000,2381,256,80,4,6,14.68677173362812,14750.805716558963,1.3651313228480888,1.2993922470970127,111,0.5765765765765766
mVST-RS,3,80000,2380,256,80,4,7,94.6038874296355,15140.794151601875,1.3262278537253003,1.139141690926175,140,0.45714285714285713
Gr-based,3,80000,2380,256,80,4,7,14.202609146712348,14715.616536194992,1.3645464926315376,1.3445937046494318,104,0.6153846153846154
mVST-RS,3,80000,2383,256,80,4,8,183.69820490895654,15789.05756404724,1.385842512130063,1.1745880811062825,140,0.45714285714285713
Gr-based,3,80000,2383,256,80,4,8,14.556201894651167,15883.801377806536,1.3775762286538404,1.3566457671668302,107,0.5981308411214953
mVST-RS,3,80000,2376,256,80,4,9,56.91204985548393,13920.1389443914,1.2920037804943492,1.1538140629146652,142,0.4507042253521127
Gr-based,3,80000,2376,256,80,4,9,14.213708362658508,13665.848150173742,1.3160450740799177,1.2922791013196602,114,0.5614035087719298
mVST-RS,3,80000,2383,256,80,4,10,123.15230325408629,15389.05673498194,1.353406971731519,1.1536913072192845,139,0.460431654676259
Gr-based,3,80000,2383,256,80,4,10,14.063167277345201,14835.616658989975,1.4038955813053755,1.3166901261940933,105,0.6095238095238096
mVST-RS,4,1250,19,256,80,4,1,0.7302740914456081,2864.625911005748,1.0427576613687761,1.0401318473909176,232,0.27586206896551724
Gr-based,4,1250,19,256,80,4,1,0.1016515595256351,2823.627402561754,1.057898295273193,1.061233037821309,221,0.27601809954751133
mVST-RS,4,1250,20,256,80,4,2,0.8161127124913037,2758.223270206774,1.0194108315841584,1.0173990700971376,243,0.26337448559670784
Gr-based,4,1250,20,256,80,4,2,0.10751598150818609,2767.811105425703,1.0158795418026916,1.0859350133887136,226,0.2743362831858407
mVST-RS,4,1250,22,256,80,4,3,0.5620726326305885,2734.838631786843,1.042036389385457,1.0264709067313,239,0.26778242677824265
Gr-based,4,1250,22,256,80,4,3,0.10012387289316393,2703.507068056824,1.0541127881967596,1.0496010189658649,234,0.2692307692307692
mVST-RS,4,1250,24,256,80,4,4,0.6030020029575098,2677.4302209973825,1.043235001870277,1.0297405097395815,240,0.26666666666666666
Gr-based,4,1250,24,256,80,4,4,0.104326787579339,2672.8471823713458,1.0450238008488117,1.0939334373677092,225,0.28
mVST-RS,4,1250,21,256,80,4,5,0.7001806380867492,2923.3871549878913,1.0355236725173633,1.0337132599945875,241,0.26556016597510373
Gr-based,4,1250,21,256,80,4,5,0.10491772994282655,2811.29533293845,1.0768120188066437,1.1180093119786576,215,0.2744186046511628
mVST-RS,4,1250,25,256,80,4,6,0.4736566818319261,2792.261553138966,1.0226758259089814,1.0197156296468006,244,0.26229508196721313
Gr-based,4,1250,25,256,80,4,6,0.112155096110655,2759.0736677926166,1.0349772183846324,1.0956440482972543,222,0.28378378378378377
mVST-RS,4,1250,22,256,80,4,7,0.5181877609866206,2797.53580170259,1.0254670480958026,1.027579351657172,235,0.2723404255319149
Gr-based,4,1250,22,256,80,4,7,0.10190696350764483,2787.575769521124,1.0291310506717117,1.0764278370977114,222,0.27927927927927926
mVST-RS,4,1250,23,256,80,4,8,0.7515567008522339,2789.954958695006,1.0391705139805971,1.0293544052347916,240,0.26666666666666666
Gr-based,4,1250,23,256,80,4,8,0.09974135909578763,2728.7125280437645,1.062493354874686,1.130558040499732,215,0.27906976744186046
mVST-RS,4,1250,24,256,80,4,9,0.24985413945978507,2837.6952336906015,1.0307852477719124,1.043662252710596,237,0.270042194092827
Gr-based,4,1250,24,256,80,4,9,0.10797033997368999,2800.82371614184,1.044355047303809,1.0836924195373405,222,0.28378378378378377
mVST-RS,4,1250,23,256,80,4,10,0.3975178842083551,2869.6509756586875,1.0236225440795783,1.0389837826159822,239,0.26778242677824265
Gr-based,4,1250,23,256,80,4,10,0.1040133552160114,2760.5335860200266,1.06408393188913,1.08643324606212,222,0.2747747747747748
mVST-RS,4,2500,55,256,80,4,1,0.8325994911137968,3858.463174355492,1.0434241839015723,1.057623470599435,225,0.28444444444444444
Gr-based,4,2500,55,256,80,4,1,0.25233238670625724,3777.3169487325363,1.0658395478746,1.1963034083962143,188,0.324468085106383
mVST-RS,4,2500,58,256,80,4,2,0.8813299321336672,3882.771131103911,1.055184879039663,1.0635731157956085,222,0.2882882882882883
Gr-based,4,2500,58,256,80,4,2,0.24907726934179664,3806.44424143806,1.07634346556584,1.1624221212875498,194,0.31443298969072164
mVST-RS,4,2500,48,256,80,4,3,0.5835202479793224,3600.442383086661,1.052812417360038,1.044486175338586,231,0.27705627705627706
Gr-based,4,2500,48,256,80,4,3,0.20321627386147156,3518.750580622262,1.0772546567459944,1.1246391472446733,205,0.3073170731707317
mVST-RS,4,2500,51,256,80,4,4,0.8287443520966917,3780.3942049383418,1.0369712175022134,1.0379429427769498,231,0.27705627705627706
Gr-based,4,2500,51,256,80,4,4,0.22550076147308573,3701.1231490155747,1.0591811791985115,1.1776326820015894,196,0.30612244897959184
mVST-RS,4,2500,53,256,80,4,5,0.9920726089330856,3968.5829567234805,1.0821940076441197,1.1027951663801434,208,0.3076923076923077
Gr-based,4,2500,53,256,80,4,5,0.24107724410714582,3819.0383740368507,1.1245701859929236,1.1892664299859157,184,0.33152173913043476
mVST-RS,4,2500,53,256,80,4,6,0.8661655696341768,3947.5553424206846,1.1218310420555377,1.0797016654347305,211,0.3033175355450237
Gr-based,4,2500,53,256,80,4,6,0.2363058878981974,3774.9211696522643,1.1731344640946881,1.1848477375428483,179,0.329608938547486
mVST-RS,4,2500,56,256,80,4,7,0.8242362948367372,3890.5989432945075,1.0486407027137856,1.0560371214501885,226,0.2831858407079646
Gr-based,4,2500,56,256,80,4,7,0.24300205032341182,3686.2723192125773,1.1067658752746072,1.1666746951816893,190,0.3263157894736842
mVST-RS,4,2500,53,256,80,4,8,0.6223637536459137,3800.2698375242835,1.0536916456865506,1.0502759685408989,224,0.2857142857142857
Gr-based,4,2500,53,256,80,4,8,0.23224350457894616,3833.846984813321,1.0444633275704147,1.121635827921133,209,0.3014354066985646
mVST-RS,4,2500,47,256,80,4,9,0.7353786175954156,3768.9765519744633,1.0312816977138495,1.0321300665967363,241,0.26556016597510373
Gr-based,4,2500,47,256,80,4,9,0.2015093702066224,3653.301194646939,1.063935418973729,1.0940099650056063,215,0.2930232558139535
mVST-RS,4,2500,55,256,80,4,10,0.8265617734286934,3697.864607430869,1.0448958876777743,1.040977083229521,225,0.28444444444444444
Gr-based,4,2500,55,256,80,4,10,0.25022046847152524,3634.697045773373,1.0630551797946517,1.1603939852569827,195,0.3128205128205128
mVST-RS,4,5000,133,256,80,4,1,1.4985871858953033,5160.494251074228,1.1166159584364321,1.12791242950628,195,0.3282051282051282
Gr-based,4,5000,133,256,80,4,1,0.5946064371382818,4965.632582056208,1.1604342727634618,1.2986245857270857,159,0.39622641509433965
mVST-RS,4,5000,133,256,80,4,2,1.6868885799194686,4935.243904378694,1.1163449248231638,1.0883495505203225,202,0.31683168316831684
Gr-based,4,5000,133,256,80,4,2,0.5662739682884421,4807.920532705405,1.1459079757954038,1.251625034291128,161,0.391304347826087
mVST-RS,4,5000,134,256,80,4,3,1.163915646407986,5128.662333275254,1.1199843000041516,1.1070767001970128,198,0.32323232323232326
Gr-based,4,5000,134,256,80,4,3,0.6096128992212471,5076.234816815294,1.131551533877742,1.327048900017523,147,0.41496598639455784
mVST-RS,4,5000,135,256,80,4,4,1.3954213612305466,4829.1237508502745,1.1203607984925963,1.0930213359504413,198,0.32323232323232326
Gr-based,4,5000,135,256,80,4,4,0.5799390662286896,4854.62229482835,1.114476186393709,1.306038395074876,160,0.3875
mVST-RS,4,5000,136,256,80,4,5,1.6005320455005858,4708.1123490739965,1.1225869613141806,1.0740493418430275,211,0.3033175355450237
Gr-based,4,5000,136,256,80,4,5,0.5632316217815969,4721.582168650908,1.1193844238408963,1.2658074738344525,174,0.367816091954023
mVST-RS,4,5000,130,256,80,4,6,0.8296179362223484,4686.5692888687145,1.1079860132478934,1.0897390507016167,207,0.30917874396135264
Gr-based,4,5000,130,256,80,4,6,0.5482646348245908,4688.223062025657,1.1075951705975469,1.1992634091591505,179,0.3575418994413408
mVST-RS,4,5000,135,256,80,4,7,3.0101360233093146,5511.873130701719,1.151668312410054,1.1406642684536232,186,0.34408602150537637
Gr-based,4,5000,135,256,80,4,7,0.6226140258368105,5342.962072822111,1.188076864506112,1.2555236793251077,155,0.4
mVST-RS,4,5000,137,256,80,4,8,2.9241071322758216,4885.883308655557,1.1648619402091664,1.1134532227870624,182,0.3516483516483517
Gr-based,4,5000,137,256,80,4,8,0.686532119725598,4745.832484940318,1.1992373368879383,1.280659735717763,155,0.3935483870967742
mVST-RS,4,5000,136,256,80,4,9,1.3296262260118965,4620.449622594873,1.0946333617027784,1.094960025148961,197,0.3248730964467005
Gr-based,4,5000,136,256,80,4,9,0.5595245144504588,4603.1009183756,1.0987589437305199,1.268277344194366,164,0.3719512195121951
mVST-RS,4,5000,132,256,80,4,10,1.6313897369545884,4951.873485509137,1.1264981542870025,1.1049887826489257,192,0.3333333333333333
Gr-based,4,5000,132,256,80,4,10,0.7095678186160512,4932.271055988613,1.1309752198058574,1.2946088794973654,151,0.4105960264900662
mVST-RS,4,10000,285,256,80,4,1,4.068457336485153,6772.655592633833,1.160654775309696,1.1432999876591348,177,0.3615819209039548
Gr-based,4,10000,285,256,80,4,1,1.5365077635506168,6624.216171145129,1.1866634258343498,1.2845975204487008,146,0.4315068493150685
mVST-RS,4,10000,278,256,80,4,2,3.462505358736962,6587.487833601454,1.1164746486499237,1.109531785638789,197,0.3248730964467005
Gr-based,4,10000,278,256,80,4,2,1.5534528481657617,6336.6609316729155,1.1606685672171717,1.3439851731204082,142,0.44366197183098594
mVST-RS,4,10000,285,256,80,4,3,3.566666350874584,6300.569973961003,1.1855486388384053,1.1463075692367652,171,0.3742690058479532
Gr-based,4,10000,285,256,80,4,3,1.5807854125159793,6091.599983563279,1.2262184281125819,1.2793573308409758,141,0.45390070921985815
mVST-RS,4,10000,285,256,80,4,4,2.970608414034359,6524.773813658368,1.1472207459013861,1.124242105149421,181,0.35359116022099446
Gr-based,4,10000,285,256,80,4,4,1.3600196901825257,6372.845603525349,1.1745704112464632,1.3458505644954821,141,0.45390070921985815
mVST-RS,4,10000,284,256,80,4,5,3.6401484737580176,6308.099046752846,1.2335856527681048,1.1221790113025307,172,0.37209302325581395
Gr-based,4,10000,284,256,80,4,5,1.3074605584552046,6288.194471962091,1.237490429885894,1.26781353729712,142,0.44366197183098594
mVST-RS,4,10000,285,256,80,4,6,2.947040590661345,6118.2020932902515,1.1679810558794221,1.1293058434058783,178,0.3595505617977528
Gr-based,4,10000,285,256,80,4,6,1.2078194661298767,6004.605622694525,1.1900771824208742,1.2645530120677193,146,0.4383561643835616
mVST-RS,4,10000,289,256,80,4,7,4.608628390007652,6225.154133126747,1.1992202555269182,1.1190739285384619,177,0.3615819209039548
Gr-based,4,10000,289,256,80,4,7,1.3852154669875745,6158.211752588813,1.2122562896744178,1.288322175692576,142,0.4507042253521127
mVST-RS,4,10000,283,256,80,4,8,2.6275409139634576,6306.2275599462155,1.1382816552946342,1.1264414479914568,183,0.34972677595628415
Gr-based,4,10000,283,256,80,4,8,1.2982944385148585,6403.662835516125,1.1209620696748728,1.3356167928823364,146,0.4383561643835616
mVST-RS,4,10000,279,256,80,4,9,2.4310744887334295,6540.18873914868,1.1620993166302374,1.1432459698106805,180,0.35555555555555557
Gr-based,4,10000,279,256,80,4,9,1.2535107186995447,6307.348658741662,1.204999006018759,1.2817129008418582,147,0.42857142857142855
mVST-RS,4,10000,288,256,80,4,10,1.8094161552726291,6252.698433528131,1.1510248732689616,1.1024458645350985,183,0.34972677595628415
Gr-based,4,10000,288,256,80,4,10,1.297361641714815,6237.328658028706,1.153861182667798,1.318372610567694,143,0.43356643356643354
mVST-RS,4,20000,572,256,80,4,1,9.193402762146434,8439.133570316048,1.2316598894581992,1.1683712453821076,154,0.4155844155844156
Gr-based,4,20000,572,256,80,4,1,2.9034095440001693,8442.367479594499,1.2311880933235197,1.3107725544983369,125,0.512
mVST-RS,4,20000,574,256,80,4,2,17.350707907113247,8478.591694734378,1.300434762701868,1.1476971932280713,156,0.41025641025641024
Gr-based,4,20000,574,256,80,4,2,2.7934267630043905,8230.308135431793,1.3396649550848767,1.3087918813814394,122,0.5245901639344263
mVST-RS,4,20000,580,256,80,4,3,5.034323605883401,8482.681550282046,1.1586471367423599,1.1853972673270283,169,0.378698224852071
Gr-based,4,20000,580,256,80,4,3,2.8262589993246365,8481.294829657998,1.1588365794999558,1.378253223228005,133,0.48120300751879697
mVST-RS,4,20000,573,256,80,4,4,5.603887429635506,7995.368718027585,1.2110315303410417,1.1788562502201658,151,0.423841059602649
Gr-based,4,20000,573,256,80,4,4,2.9257733765698504,8024.188330555519,1.206681998896143,1.3467312256984765,124,0.5161290322580645
mVST-RS,4,20000,576,256,80,4,5,6.426958419295261,8453.273735323892,1.1859439011542836,1.162531592187473,160,0.4
Gr-based,4,20000,576,256,80,4,5,3.4407060201920103,8426.449288382486,1.18971919109709,1.3355081364324015,127,0.5039370078740157
mVST-RS,4,20000,574,256,80,4,6,10.212034223339288,8855.414684771009,1.2134889302459884,1.1503747631576426,160,0.4
Gr-based,4,20000,574,256,80,4,6,2.9355316231085453,8591.013958609876,1.2508357854474033,1.3121109828502808,127,0.5039370078740157
mVST-RS,4,20000,571,256,80,4,7,8.798301544011338,8497.953226604,1.187898695694214,1.1623257831731437,163,0.39263803680981596
Gr-based,4,20000,571,256,80,4,7,4.033467785542598,8211.171828850285,1.22938695771597,1.349447671904113,124,0.5161290322580645
mVST-RS,4,20000,574,256,80,4,8,14.628354890679475,8456.206632424282,1.2697276053623623,1.1533870179336296,158,0.4050632911392405
Gr-based,4,20000,574,256,80,4,8,3.5695547444629483,8393.26681989278,1.2792490967151895,1.3961998704453369,120,0.525
mVST-RS,4,20000,571,256,80,4,9,5.6636748482706025,8086.448976624902,1.223605622567819,1.1459112519290937,159,0.4025157232704403
Gr-based,4,20000,571,256,80,4,9,3.1616837238543667,7879.3831721753295,1.2557612973242827,1.33732010618017,126,0.5079365079365079
mVST-RS,4,20000,573,256,80,4,10,6.123381421901286,8292.189242220025,1.2009434326622987,1.1421963852576038,167,0.38323353293413176
Gr-based,4,20000,573,256,80,4,10,3.0210429955041036,8309.930571812043,1.1983794722204986,1.3044120148511598,132,0.48484848484848486
mVST-RS,4,40000,1192,256,80,4,1,35.11758450238267,11138.263838298137,1.306879291690075,1.1455177477572915,152,0.42105263157894735
Gr-based,4,40000,1192,256,80,4,1,6.831463792244904,10866.388130337276,1.3395772524462954,1.3034232106019985,117,0.5470085470085471
mVST-RS,4,40000,1192,256,80,4,2,45.15648248369689,11038.007849545964,1.364149888940123,1.170112022116237,136,0.47058823529411764
Gr-based,4,40000,1192,256,80,4,2,6.86395022663055,11037.365320530575,1.3642293015408233,1.295814498104539,109,0.5871559633027523
mVST-RS,4,40000,1194,256,80,4,3,40.746147426893,11484.387703148102,1.28518015289288,1.1372149432901115,150,0.4266666666666667
Gr-based,4,40000,1194,256,80,4,3,7.936534685577499,11294.707448106157,1.3067631199857055,1.33216966727912,112,0.5714285714285714
mVST-RS,4,40000,1197,256,80,4,4,26.151067288476042,11009.750067698404,1.2691598782645328,1.149324876529253,148,0.43243243243243246
Gr-based,4,40000,1197,256,80,4,4,6.357457755715586,10517.101794036978,1.3286106124375034,1.3043265671433952,116,0.5517241379310345
mVST-RS,4,40000,1195,256,80,4,5,59.45660422494984,11297.388393754472,1.337378054028816,1.1231557961924585,148,0.43243243243243246
Gr-based,4,40000,1195,256,80,4,5,6.644786009390373,11132.24895172883,1.35721715990736,1.3202508791885166,115,0.5565217391304348
mVST-RS,4,40000,1199,256,80,4,6,35.67287057451904,11255.465016619526,1.2978846241023332,1.1586422292842677,144,0.4444444444444444
Gr-based,4,40000,1199,256,80,4,6,6.8137982869229745,11036.896713891068,1.3235871786139084,1.326991019664065,110,0.5818181818181818
mVST-RS,4,40000,1197,256,80,4,7,22.485859621781856,10232.312077421931,1.2447553309737494,1.1625178399487635,157,0.40764331210191085
Gr-based,4,40000,1197,256,80,4,7,5.979519524786156,10371.08720458403,1.2280993067851542,1.3623914895254772,122,0.5245901639344263
mVST-RS,4,40000,1196,256,80,4,8,21.861316052731127,11055.35250501473,1.2406793842934258,1.157874517909391,158,0.4050632911392405
Gr-based,4,40000,1196,256,80,4,8,8.854801475739805,10699.868288081356,1.2818987645246955,1.2770100901465462,123,0.5203252032520326
mVST-RS,4,40000,1198,256,80,4,9,36.201004088827176,11535.083907386517,1.3255929263682444,1.138931667070461,142,0.4507042253521127
Gr-based,4,40000,1198,256,80,4,9,6.8458982600132,11434.765835564549,1.3372224541002862,1.300709854937797,113,0.5663716814159292
mVST-RS,4,40000,1198,256,80,4,10,23.551819762971718,10803.369139533404,1.266921107925612,1.1411563058552323,154,0.4155844155844156
Gr-based,4,40000,1198,256,80,4,10,6.390374468755908,10724.67645940365,1.2762171848630386,1.3744020213003052,116,0.5517241379310345
mVST-RS,4,80000,2396,256,80,4,1,83.66082079801708,15444.863811226083,1.340466379892285,1.1453982692483515,135,0.4740740740740741
Gr-based,4,80000,2396,256,80,4,1,14.67067654809216,15023.328206752118,1.3780781725622315,1.312415104190359,105,0.6095238095238096
mVST-RS,4,80000,2397,256,80,4,2,78.93887476995587,15133.659668172795,1.332856818913826,1.1350943487500822,135,0.4740740740740741
Gr-based,4,80000,2397,256,80,4,2,14.045913892157841,14654.845949101473,1.3764048802629683,1.3093969989081735,107,0.5981308411214953
mVST-RS,4,80000,2400,256,80,4,3,119.35983178866445,14770.029859618524,1.3723455314945,1.1596439828083311,139,0.460431654676259
Gr-based,4,80000,2400,256,80,4,3,14.45937814071658,14665.41628652415,1.3821349549083894,1.3143405789253908,107,0.5981308411214953
mVST-RS,4,80000,2398,256,80,4,4,99.04083897237433,14964.833866558994,1.3532384525847698,1.1763567795483085,132,0.48484848484848486
Gr-based,4,80000,2398,256,80,4,4,16.459155106393155,14968.34451425819,1.352921066553502,1.2915137207165623,108,0.5925925925925926
mVST-RS,4,80000,2398,256,80,4,5,81.93296574114356,14967.919626169834,1.2970963552383392,1.177778302734562,137,0.46715328467153283
Gr-based,4,80000,2398,256,80,4,5,13.755748562514782,14399.665970053116,1.3482836360914336,1.334322939906692,107,0.5981308411214953
mVST-RS,4,80000,2394,256,80,4,6,81.54042290474172,15350.202430057841,1.3776962183956587,1.1370506543770604,137,0.46715328467153283
Gr-based,4,80000,2394,256,80,4,6,13.440902211499633,14627.765695251286,1.4457379397568513,1.2934580842473622,107,0.5981308411214953
mVST-RS,4,80000,2403,256,80,4,7,73.59967977795168,15246.3938527729,1.3115999433334888,1.1592048865906035,140,0.45714285714285713
Gr-based,4,80000,2403,256,80,4,7,14.993643323454307,14706.336619169098,1.3597655100095771,1.33923371259665,103,0.6213592233009708
mVST-RS,4,80000,2403,256,80,4,8,162.93692864716286,15101.41453824823,1.3815530752142162,1.1344118228976747,139,0.460431654676259
Gr-based,4,80000,2403,256,80,4,8,16.30592339776922,14678.556057811025,1.421352727968041,1.2867047566947691,107,0.5981308411214953
mVST-RS,4,80000,2399,256,80,4,9,131.0965750607138,14645.743488522794,1.333435190315448,1.162422096545551,144,0.4444444444444444
Gr-based,4,80000,2399,256,80,4,9,14.87849838269176,14520.79929676749,1.3449087310418963,1.298399250120565,112,0.5714285714285714
mVST-RS,4,80000,2407,256,80,4,10,98.97018681990448,15463.257982553858,1.3619669071241074,1.1768791108365562,133,0.48120300751879697
Gr-based,4,80000,2407,256,80,4,10,14.418462191941217,14655.152488079257,1.4370676569685616,1.282323224772345,107,0.5981308411214953
