mVST-RS,0,10000,297,256,10,4,1,131.98301149278277,11867.632132159568,1.8956584533513956,1.1681294700807237,101,0.6336633663366337
Gr-based,0,10000,297,256,10,4,1,2.6920929780889082,11241.146106912502,2.0013063577884553,1.214006544997091,83,0.7710843373493976
mVST-RS,0,10000,298,256,10,4,2,153.60713741521738,12009.617366232318,1.8698700566448656,1.162246202119819,95,0.6736842105263158
Gr-based,0,10000,298,256,10,4,2,2.7235037157918214,11363.022067586307,1.97627213705219,1.2230565791101013,75,0.8533333333333334
mVST-RS,0,10000,302,256,10,4,3,91.94550382474313,11083.463006542119,1.8102947010727382,1.1897887894233867,98,0.6530612244897959
Gr-based,0,10000,302,256,10,4,3,2.341109139987452,10714.754688479576,1.8725892410632545,1.2626658124392023,80,0.8
mVST-RS,0,10000,301,256,10,4,4,80.10505194529378,10732.30467913434,1.6963286142638858,1.2462846588955063,93,0.6881720430107527
Gr-based,0,10000,301,256,10,4,4,2.454403092953612,10225.668512599908,1.7803741145902805,1.2832561340194155,82,0.7682926829268293
mVST-RS,0,10000,298,256,10,4,5,88.8264686121579,10432.816494156994,1.7690305220900373,1.1878101452723855,100,0.64
Gr-based,0,10000,298,256,10,4,5,2.2813552751770203,10031.862042511886,1.8397353084918313,1.2379970260061752,87,0.735632183908046
mVST-RS,0,10000,302,256,10,4,6,134.39296403580875,12027.544644124095,1.9051078922103333,1.16462219666118,89,0.7191011235955056
Gr-based,0,10000,302,256,10,4,6,2.9054946191481577,11417.715638744736,2.0068611752492442,1.2000131195902024,78,0.8205128205128205
mVST-RS,0,10000,298,256,10,4,7,163.7071910224131,12721.57012384933,2.0069946946473287,1.1547855322048903,90,0.7111111111111111
Gr-based,0,10000,298,256,10,4,7,3.0588712014089197,12399.678438145294,2.0590956349000757,1.2251903864659712,77,0.8311688311688312
mVST-RS,0,10000,299,256,10,4,8,92.9969268628895,11302.502965450767,1.8193034747731374,1.158280779580212,100,0.64
Gr-based,0,10000,299,256,10,4,8,2.379473417857298,10645.094139757386,1.931658156209309,1.222575054415737,84,0.7619047619047619
mVST-RS,0,10000,300,256,10,4,9,130.9022106849643,12025.171308990211,1.8951512436613753,1.1799409942150345,91,0.7032967032967034
Gr-based,0,10000,300,256,10,4,9,2.6397920135541426,11452.365664947272,1.9899398105342294,1.2004940531528923,76,0.8421052631578947
mVST-RS,0,10000,305,256,10,4,10,109.33012479660465,11458.566240742546,1.8272624973625369,1.1828692457614869,99,0.6464646464646465
Gr-based,0,10000,305,256,10,4,10,2.5855922963537523,10673.043981945964,1.9617466582795615,1.2160323795391506,82,0.7682926829268293
mVST-RS,1,10000,292,256,10,4,1,144.13606082640354,11288.725579099771,1.8900717973650665,1.1393120026594445,95,0.6736842105263158
Gr-based,1,10000,292,256,10,4,1,2.978009207173727,10975.923509399254,1.9439368201662985,1.1988574719772889,78,0.8205128205128205
mVST-RS,1,10000,294,256,10,4,2,60.757208351985355,10466.498976347726,1.615735328991713,1.2060906974869725,105,0.6095238095238096
Gr-based,1,10000,294,256,10,4,2,2.1244283017572343,10171.02012627674,1.662674142513096,1.256616055046547,81,0.7901234567901234
mVST-RS,1,10000,297,256,10,4,3,127.49963367100372,12208.87233495203,1.8586047321133141,1.1715981599508316,94,0.6808510638297872
Gr-based,1,10000,297,256,10,4,3,2.772578774550311,11620.675273150007,1.9526806628818405,1.2165904439449624,77,0.8181818181818182
mVST-RS,1,10000,290,256,10,4,4,143.56942171336186,11817.716837603037,1.7742963248348151,1.1733513217277094,96,0.6666666666666666
Gr-based,1,10000,290,256,10,4,4,3.3379570526622047,11190.877180573912,1.8736807861045843,1.2277744591226794,75,0.84
mVST-RS,1,10000,299,256,10,4,5,94.5616206426389,10641.406395310078,1.725177916051567,1.2128734366190703,90,0.7111111111111111
Gr-based,1,10000,299,256,10,4,5,2.743674311415816,10204.491496516493,1.7990430307267966,1.2624324348055784,79,0.810126582278481
mVST-RS,1,10000,299,256,10,4,6,106.03502113102513,10917.598330295657,1.7367948750497268,1.1850446649385231,96,0.6666666666666666
Gr-based,1,10000,299,256,10,4,6,3.1139239756803363,10581.118261735972,1.7920250354330742,1.2718496575769718,77,0.8051948051948052
mVST-RS,1,10000,292,256,10,4,7,89.17048627805798,10743.915747222152,1.703087827835966,1.1893610472048488,93,0.6881720430107527
Gr-based,1,10000,292,256,10,4,7,2.72311172797572,10208.395554891182,1.7924297735134396,1.2654485791059373,80,0.8
mVST-RS,1,10000,289,256,10,4,8,82.8255338416152,10787.797691244437,1.7519667912651917,1.1761083555624772,102,0.6274509803921569
Gr-based,1,10000,289,256,10,4,8,2.2248391586749676,10457.95342189277,1.8072238939582983,1.258912905753167,84,0.7619047619047619
mVST-RS,1,10000,295,256,10,4,9,86.99672159233069,11079.396377397914,1.7174498808344385,1.1758361503448145,101,0.6336633663366337
Gr-based,1,10000,295,256,10,4,9,2.1966657745288103,10507.15320453619,1.8109860604168768,1.2638654520246628,76,0.8289473684210527
mVST-RS,1,10000,293,256,10,4,10,152.08268495469474,12232.456189626526,1.9156230746857466,1.1628481672839033,100,0.64
Gr-based,1,10000,293,256,10,4,10,3.218492745659205,11462.894739089545,2.044228431848292,1.1990567188188195,79,0.7974683544303798
mVST-RS,2,10000,289,256,10,4,1,69.02036402365047,10212.42594702505,1.7081429014480554,1.1825643732760849,100,0.64
Gr-based,2,10000,289,256,10,4,1,2.1269898414757336,9897.040102855884,1.7625757505964903,1.2711438962517412,83,0.7710843373493976
mVST-RS,2,10000,291,256,10,4,2,133.29114786506761,12077.683860776098,1.9163962207811376,1.1427090333422403,96,0.6666666666666666
Gr-based,2,10000,291,256,10,4,2,2.745833994541499,11448.353144289871,2.0217429891324645,1.188174297623145,80,0.7875
mVST-RS,2,10000,294,256,10,4,3,81.07579023243761,10277.409062340828,1.7472031344629373,1.2011885289064854,94,0.6808510638297872
Gr-based,2,10000,294,256,10,4,3,2.1503646315668448,9904.08854374148,1.8130614693693115,1.2626207099346705,75,0.84
mVST-RS,2,10000,290,256,10,4,4,77.87938065135495,10565.004567185764,1.7228152770700005,1.1774488559429324,98,0.6530612244897959
Gr-based,2,10000,290,256,10,4,4,2.093146647654976,10031.771604343441,1.8143905173021746,1.205583200685004,82,0.7804878048780488
mVST-RS,2,10000,291,256,10,4,5,105.81063869934314,11185.212610194129,1.8113423209499826,1.179933244569232,96,0.6666666666666666
Gr-based,2,10000,291,256,10,4,5,2.4011551205931028,10632.05778358236,1.9055811567308438,1.2164378101165711,82,0.7682926829268293
mVST-RS,2,10000,295,256,10,4,6,111.7280386161292,11090.660814645787,1.8569065409576964,1.1636412259564235,97,0.6597938144329897
Gr-based,2,10000,295,256,10,4,6,2.4883670806020746,10547.981074626907,1.9524419378982834,1.2355497251693006,81,0.7777777777777778
mVST-RS,2,10000,289,256,10,4,7,80.22769834070368,10665.865894357483,1.7329612797995668,1.2074693974786388,98,0.6530612244897959
Gr-based,2,10000,289,256,10,4,7,2.2816809448131607,10432.662631142559,1.7716984881003504,1.2562058429462146,82,0.7682926829268293
mVST-RS,2,10000,293,256,10,4,8,93.33274318047734,11065.026634484984,1.8307196021271301,1.1669240280483255,92,0.6956521739130435
Gr-based,2,10000,293,256,10,4,8,2.309426024043205,10582.485238028592,1.914196968120138,1.2134681300135344,79,0.810126582278481
mVST-RS,2,10000,287,256,10,4,9,75.11780279973209,10796.626168345882,1.734958801989458,1.1766180380545603,92,0.6956521739130435
Gr-based,2,10000,287,256,10,4,9,2.1022073690546677,10193.62467230552,1.837589886299473,1.203308155500037,83,0.7590361445783133
mVST-RS,2,10000,293,256,10,4,10,141.4164971210812,12088.148105668897,1.9583664605104656,1.1295626361803988,93,0.6881720430107527
Gr-based,2,10000,293,256,10,4,10,2.8712018038550013,11466.10051245982,2.064609829130699,1.2058342969772022,80,0.8
mVST-RS,3,10000,307,256,10,4,1,133.5947236781958,11463.056767896296,1.8255909871748515,1.204310861667393,91,0.7032967032967034
Gr-based,3,10000,307,256,10,4,1,3.1060384282272935,10979.975515406722,1.905910727358301,1.2539284152211196,75,0.8533333333333334
mVST-RS,3,10000,310,256,10,4,2,161.76722121297462,11776.036997716434,1.828903713663972,1.1758449438079177,96,0.6666666666666666
Gr-based,3,10000,310,256,10,4,2,3.46957456097698,11189.144133867057,1.9248333509423188,1.2446731378957052,78,0.8205128205128205
mVST-RS,3,10000,305,256,10,4,3,114.05727759132424,10939.17854964486,1.7487635271058288,1.188104665428074,97,0.6597938144329897
Gr-based,3,10000,305,256,10,4,3,2.824295902247286,10522.673638354876,1.8179824939537113,1.237516147150565,84,0.7619047619047619
mVST-RS,3,10000,302,256,10,4,4,105.13202647042817,11137.271387497382,1.7876870231460271,1.2180872350427758,94,0.6808510638297872
Gr-based,3,10000,302,256,10,4,4,2.5302675385928524,10860.050120446387,1.8333207777006324,1.2406272554727615,82,0.7682926829268293
mVST-RS,3,10000,310,256,10,4,5,91.00633812324304,10723.575459519352,1.7076324773290268,1.2134639020140219,100,0.64
Gr-based,3,10000,310,256,10,4,5,2.584173955744518,10246.068836453705,1.7872147864762715,1.2427401357903851,86,0.7325581395348837
mVST-RS,3,10000,310,256,10,4,6,114.64547919227607,11075.138685963768,1.8248699192527427,1.16482360639218,95,0.6736842105263158
Gr-based,3,10000,310,256,10,4,6,2.728654822554745,10913.10331482637,1.8519651886837456,1.2639657442973948,80,0.8
mVST-RS,3,10000,309,256,10,4,7,100.73663392601338,10964.977372072848,1.8137521686214884,1.1755301268130312,93,0.6881720430107527
Gr-based,3,10000,309,256,10,4,7,2.7449075137719774,10669.362582421934,1.8640055892606264,1.2780531045970243,80,0.7875
mVST-RS,3,10000,310,256,10,4,8,103.13550935915373,11049.70726568773,1.7359278429014096,1.1915616312792243,101,0.6336633663366337
Gr-based,3,10000,310,256,10,4,8,2.5162104528499185,10895.559232227464,1.7604873774336696,1.2929791854848502,79,0.7974683544303798
mVST-RS,3,10000,307,256,10,4,9,123.89481581309519,11588.660231033607,1.867630233331953,1.168769999388832,90,0.7111111111111111
Gr-based,3,10000,307,256,10,4,9,2.6793065960537206,11223.158876293866,1.9284528045848286,1.2142099557938046,78,0.8205128205128205
mVST-RS,3,10000,304,256,10,4,10,113.24154423462096,11219.54022135524,1.7762413434122921,1.1705489058437177,98,0.6530612244897959
Gr-based,3,10000,304,256,10,4,10,2.5246581258325023,10698.58752203233,1.862732921912162,1.2683700848401247,81,0.7901234567901234
mVST-RS,4,10000,287,256,10,4,1,81.36596937836839,11054.270183743221,1.7296358296803285,1.1821824885744083,96,0.6666666666666666
Gr-based,4,10000,287,256,10,4,1,2.0686286584532354,10598.85017721762,1.8039562274281071,1.226972659341475,83,0.7710843373493976
mVST-RS,4,10000,291,256,10,4,2,66.66387498707081,10507.269452617624,1.6333091090854708,1.2055074362031926,98,0.6530612244897959
Gr-based,4,10000,291,256,10,4,2,2.0734805439042248,9905.983661045597,1.732449749141261,1.2532021009162722,87,0.735632183908046
mVST-RS,4,10000,283,256,10,4,3,83.41589236243453,11221.552114598342,1.719760791506766,1.179189455713535,95,0.6736842105263158
Gr-based,4,10000,283,256,10,4,3,2.2354145399440313,10672.585927488848,1.8082201893385725,1.2284123346335656,79,0.810126582278481
mVST-RS,4,10000,284,256,10,4,4,126.52222211695516,12059.102400187385,1.9162438135987085,1.1621084284321577,96,0.6666666666666666
Gr-based,4,10000,284,256,10,4,4,2.629440061391506,11368.673480554718,2.032618881300203,1.2122529553947938,81,0.7777777777777778
mVST-RS,4,10000,291,256,10,4,5,87.21563790589244,10656.28585789538,1.8141093972788582,1.1775776004182668,89,0.7191011235955056
Gr-based,4,10000,291,256,10,4,5,2.1507151705191063,10197.068383636863,1.8958064796269436,1.200319002479964,75,0.8266666666666667
mVST-RS,4,10000,288,256,10,4,6,131.53837098863733,12189.555937800837,1.8696743489183143,1.1637619306806661,92,0.6956521739130435
Gr-based,4,10000,288,256,10,4,6,2.6317339598808758,11363.859962965853,2.0055245432347846,1.2073734837191679,76,0.8157894736842105
mVST-RS,4,10000,286,256,10,4,7,146.27029237632996,11230.07375958797,1.8167779936749577,1.192679514734145,93,0.6881720430107527
Gr-based,4,10000,286,256,10,4,7,3.072857231958551,10839.655471570857,1.8822139621758043,1.2540542447770897,75,0.8533333333333334
mVST-RS,4,10000,286,256,10,4,8,218.13029588171958,11997.020216916015,1.9265386477434445,1.156890159173365,103,0.6213592233009708
Gr-based,4,10000,286,256,10,4,8,4.173016237691627,11623.732699905,1.9884080013158805,1.2448935947213773,83,0.7710843373493976
mVST-RS,4,10000,289,256,10,4,9,172.40524868922876,11612.741918922748,1.8304518180107858,1.1673275264777572,100,0.64
Gr-based,4,10000,289,256,10,4,9,3.5426133784312697,11016.968968211493,1.9294385432977232,1.1996180211213496,81,0.7901234567901234
mVST-RS,4,10000,291,256,10,4,10,127.87229842233864,10796.045217549121,1.7902632704635024,1.1694500788973152,89,0.7191011235955056
Gr-based,4,10000,291,256,10,4,10,3.3429538117561606,10491.349512037417,1.842257108779507,1.2338204136428264,76,0.8289473684210527
mVST-RS,0,10000,296,256,20,4,1,80.33428349916827,10083.917047129418,1.6809105967787907,1.1945921482601436,106,0.6037735849056604
Gr-based,0,10000,296,256,20,4,1,2.166399420189606,9684.779136299507,1.750185810436012,1.2846494190139957,91,0.6813186813186813
mVST-RS,0,10000,298,256,20,4,2,43.103648605226056,9440.26418658301,1.5894669989939083,1.1892930141706748,106,0.6037735849056604
Gr-based,0,10000,298,256,20,4,2,2.127945139074768,9147.498066333386,1.6403379675566578,1.2748837697164304,87,0.7126436781609196
mVST-RS,0,10000,300,256,20,4,3,45.10328780274449,8873.48957090146,1.5326569983885376,1.2132841188695587,104,0.6153846153846154
Gr-based,0,10000,300,256,20,4,3,2.1741341727320105,8783.371201816062,1.5483822302942025,1.298936948878976,97,0.6597938144329897
mVST-RS,0,10000,298,256,20,4,4,44.27968232012586,9092.980614088261,1.5645433188181341,1.1984510654498732,105,0.6095238095238096
Gr-based,0,10000,298,256,20,4,4,2.0506765638655224,8962.933474513933,1.5872439652003678,1.2959328117989009,87,0.735632183908046
mVST-RS,0,10000,305,256,20,4,5,47.515732409300085,9478.94872405705,1.6026115632879616,1.1859168067192438,113,0.5663716814159292
Gr-based,0,10000,305,256,20,4,5,2.051327508386521,9262.27434560458,1.640101800719867,1.3182600120710657,91,0.7032967032967034
mVST-RS,0,10000,299,256,20,4,6,42.181148899315644,9269.811703503907,1.5536185100390223,1.2111359049986583,106,0.6037735849056604
Gr-based,0,10000,299,256,20,4,6,2.787529971475351,8817.095308098493,1.6333895170569426,1.2768101093896929,94,0.6808510638297872
mVST-RS,0,10000,302,256,20,4,7,32.931045671909715,8753.102405896992,1.5327254876688516,1.196201456980816,117,0.5470085470085471
Gr-based,0,10000,302,256,20,4,7,2.007424872949514,8532.154029051828,1.5724168958990052,1.2651705802929958,102,0.6274509803921569
mVST-RS,0,10000,301,256,20,4,8,40.803539496029316,9243.607932661838,1.5861214338259904,1.1931286987631182,108,0.5925925925925926
Gr-based,0,10000,301,256,20,4,8,2.460610158839927,9056.930377514687,1.6188138869079118,1.3089892086902064,86,0.7441860465116279
mVST-RS,0,10000,301,256,20,4,9,58.66327812344798,9557.870967044943,1.6001726261506237,1.19751327266769,117,0.5470085470085471
Gr-based,0,10000,301,256,20,4,9,2.0227297668363917,9227.681112211903,1.6574308647819138,1.2606344641930016,96,0.6666666666666666
mVST-RS,0,10000,296,256,20,4,10,38.253782702165836,9506.758923340487,1.4759456488391192,1.2111369515620918,108,0.5925925925925926
Gr-based,0,10000,296,256,20,4,10,1.8697751734734993,9162.709424695764,1.5313657584347937,1.3147430765248074,90,0.7111111111111111
mVST-RS,1,10000,292,256,20,4,1,51.68719806477225,9340.783796527105,1.5813748021380354,1.1932818061212473,120,0.5333333333333333
Gr-based,1,10000,292,256,20,4,1,2.0200766448685954,9045.674540323502,1.6329661278658993,1.3280613299773993,90,0.6888888888888889
mVST-RS,1,10000,294,256,20,4,2,50.050379711057985,9302.737697266795,1.5062232789201695,1.1855863642051787,117,0.5470085470085471
Gr-based,1,10000,294,256,20,4,2,2.419435253323627,9011.59901411465,1.5548849938135065,1.288601426006987,98,0.6428571428571429
mVST-RS,1,10000,300,256,20,4,3,50.20345391399633,9535.610022305988,1.559550307974467,1.1938223708608418,111,0.5765765765765766
Gr-based,1,10000,300,256,20,4,3,2.426205628992193,9110.732027147335,1.632279766620253,1.2555526171345055,91,0.7032967032967034
mVST-RS,1,10000,296,256,20,4,4,39.737723438976445,9414.710976568746,1.4669600676816963,1.1958428001515835,120,0.5333333333333333
Gr-based,1,10000,296,256,20,4,4,2.905195397834177,9066.903092580707,1.5232328955508752,1.2978845364928429,94,0.6595744680851063
mVST-RS,1,10000,297,256,20,4,5,52.26607209259919,9554.13889355795,1.5309364504250083,1.1756548048381505,113,0.5663716814159292
Gr-based,1,10000,297,256,20,4,5,2.6079963935544583,9088.028349958931,1.6094557500623579,1.2869726642540382,88,0.7159090909090909
mVST-RS,1,10000,289,256,20,4,6,60.45476823769695,9365.526166028425,1.5359760759311722,1.1884753556924879,116,0.5517241379310345
Gr-based,1,10000,289,256,20,4,6,2.9813756443322745,9044.153662937953,1.5905550331897036,1.3356521515909878,90,0.6777777777777778
mVST-RS,1,10000,294,256,20,4,7,51.85057369173592,9673.533364315344,1.595479461467558,1.1667837486095065,113,0.5663716814159292
Gr-based,1,10000,294,256,20,4,7,2.21150880965979,9331.892047050527,1.6538900926810876,1.2442104448217404,93,0.6881720430107527
mVST-RS,1,10000,292,256,20,4,8,53.168008030816054,9650.135915375577,1.5877860685385505,1.1780117274690873,108,0.5925925925925926
Gr-based,1,10000,292,256,20,4,8,2.3306517892883676,9368.225471267786,1.6355660325352208,1.2617317082884503,91,0.6923076923076923
mVST-RS,1,10000,293,256,20,4,9,82.4447581399645,10022.657701676135,1.6350245045365688,1.2241899468261033,119,0.5378151260504201
Gr-based,1,10000,293,256,20,4,9,2.3541951380875616,9816.812337045727,1.6693087715430692,1.3380379224196133,97,0.6494845360824743
mVST-RS,1,10000,295,256,20,4,10,53.4609153014203,9474.266374706971,1.5669718610254715,1.2056247491967254,105,0.6095238095238096
Gr-based,1,10000,295,256,20,4,10,2.0307937417742323,9241.77647458324,1.6063912445680646,1.3086532204635892,86,0.7441860465116279
mVST-RS,2,10000,289,256,20,4,1,35.683904261811676,9308.954258944703,1.5015385209448675,1.181123295782679,115,0.5565217391304348
Gr-based,2,10000,289,256,20,4,1,2.0330422438914866,8902.661697860662,1.5700645361912553,1.2742310533069745,94,0.6702127659574468
mVST-RS,2,10000,289,256,20,4,2,50.19459214713788,9950.218528908274,1.5793429829604788,1.2110554956151611,104,0.6153846153846154
Gr-based,2,10000,289,256,20,4,2,2.291046019290661,9523.544902558187,1.6501006687471336,1.3067799735275372,86,0.7325581395348837
mVST-RS,2,10000,291,256,20,4,3,53.795543418275884,9357.625034185336,1.6136034856839034,1.1919932045230703,115,0.5565217391304348
Gr-based,2,10000,291,256,20,4,3,2.0246387830297863,9120.088982958963,1.6556303782888602,1.2910645154967517,94,0.6808510638297872
mVST-RS,2,10000,287,256,20,4,4,48.279736401023,9221.953475726792,1.5234249154738495,1.1958506615940092,121,0.5289256198347108
Gr-based,2,10000,287,256,20,4,4,2.1648800233060683,9020.050972575009,1.557524867318152,1.3007199246801846,102,0.6274509803921569
mVST-RS,2,10000,291,256,20,4,5,70.70719852268394,9979.200446503804,1.6565864333407552,1.1985479963958552,103,0.6213592233009708
Gr-based,2,10000,291,256,20,4,5,2.0912767118179545,9509.11400368534,1.7384803746026516,1.2504523559159322,86,0.7441860465116279
mVST-RS,2,10000,288,256,20,4,6,38.45004543584855,9061.33924794524,1.5410375571177264,1.1988015948329773,109,0.5871559633027523
Gr-based,2,10000,288,256,20,4,6,2.0948665780852025,8876.572773937502,1.573114360067863,1.2881359022263763,94,0.6808510638297872
mVST-RS,2,10000,290,256,20,4,7,35.47876436597835,8933.873004786668,1.4781736053958572,1.2163845973611707,111,0.5765765765765766
Gr-based,2,10000,290,256,20,4,7,1.9850448555644107,8443.138612963718,1.5640884124960153,1.2840518299555652,91,0.6923076923076923
mVST-RS,2,10000,291,256,20,4,8,83.63261425477776,9834.074665597398,1.6944883008480647,1.2010701698819968,105,0.6095238095238096
Gr-based,2,10000,291,256,20,4,8,2.302106154879766,9361.698602851064,1.7799894204505016,1.2649390274766583,88,0.7045454545454546
mVST-RS,2,10000,292,256,20,4,9,50.26964537932054,9201.438655844177,1.6000650030594796,1.1784694010464758,113,0.5663716814159292
Gr-based,2,10000,292,256,20,4,9,2.1444615240079656,9142.68260287069,1.6103479263725198,1.2988787495667216,93,0.6774193548387096
mVST-RS,2,10000,290,256,20,4,10,46.147307679250844,9508.421226128534,1.5820746201290736,1.2134155388121697,102,0.6274509803921569
Gr-based,2,10000,290,256,20,4,10,1.9137224157811943,9077.15176713024,1.6572414216789508,1.277960253956152,82,0.7682926829268293
mVST-RS,3,10000,307,256,20,4,1,43.023919151822156,9433.645496674146,1.5466854479061232,1.1938005109556988,109,0.5871559633027523
Gr-based,3,10000,307,256,20,4,1,2.201037247921704,9064.255654553503,1.6097165356408702,1.2840845819415756,89,0.7191011235955056
mVST-RS,3,10000,306,256,20,4,2,51.19589364142848,9744.643822179296,1.5710275249061063,1.2417933568776387,106,0.6037735849056604
Gr-based,3,10000,306,256,20,4,2,2.148493116725149,9311.828347662036,1.6440491698811917,1.3271586329051916,85,0.7294117647058823
mVST-RS,3,10000,305,256,20,4,3,57.66077184887945,9191.359156030763,1.505352277838956,1.1992406242693476,114,0.5614035087719298
Gr-based,3,10000,305,256,20,4,3,3.6327911032576594,9057.772342297836,1.5275536764547106,1.3409265485151527,89,0.7078651685393258
mVST-RS,3,10000,309,256,20,4,4,88.22533141326494,9828.022818529376,1.5915473414149182,1.2187293812110935,110,0.5818181818181818
Gr-based,3,10000,309,256,20,4,4,3.076036162356104,9555.325031081298,1.6369682388946982,1.3224891077010255,89,0.7078651685393258
mVST-RS,3,10000,304,256,20,4,5,79.46141268777319,9831.039423756727,1.5936358936510646,1.1909460554725815,107,0.5981308411214953
Gr-based,3,10000,304,256,20,4,5,2.95658211888167,9632.927199968299,1.6264108481634698,1.354661408964469,83,0.7590361445783133
mVST-RS,3,10000,308,256,20,4,6,44.26414768111408,9245.810583912891,1.5288056411331519,1.1733125840505645,105,0.6095238095238096
Gr-based,3,10000,308,256,20,4,6,2.654290825747921,9159.573087135926,1.5431993656327125,1.3153585667109373,83,0.7590361445783133
mVST-RS,3,10000,314,256,20,4,7,48.89052131616336,9135.628848105463,1.5650147492257551,1.1788558030965903,118,0.5423728813559322
Gr-based,3,10000,314,256,20,4,7,2.1472208340137513,8927.909493993146,1.6014268402201977,1.3199352372965802,95,0.6631578947368421
mVST-RS,3,10000,307,256,20,4,8,63.060122562313154,10168.937938329216,1.6594105708992162,1.185483357751578,108,0.5925925925925926
Gr-based,3,10000,307,256,20,4,8,2.220320837883264,9711.169416309562,1.7376324504587015,1.2177401600246522,93,0.6774193548387096
mVST-RS,3,10000,309,256,20,4,9,33.44094839734953,9026.13928195643,1.4568149773985726,1.214007973088763,112,0.5714285714285714
Gr-based,3,10000,309,256,20,4,9,1.9659558778830615,8767.466958037236,1.499796344482999,1.3314412687419523,91,0.6923076923076923
mVST-RS,3,10000,309,256,20,4,10,72.15453201865512,9638.24422535973,1.714037502235798,1.1646570170096244,109,0.5871559633027523
Gr-based,3,10000,309,256,20,4,10,2.2955651295851567,9417.164845113753,1.7542766140008714,1.2379443194668407,92,0.6956521739130435
mVST-RS,4,10000,286,256,20,4,1,47.2853422610242,9782.61710125205,1.5473201004550297,1.2052049934801086,110,0.5818181818181818
Gr-based,4,10000,286,256,20,4,1,2.0525113668572885,9601.214497621031,1.5765547243604427,1.337823920656933,91,0.6923076923076923
mVST-RS,4,10000,291,256,20,4,2,67.59839131042372,10149.289493698167,1.5855896710096962,1.199335011500232,112,0.5714285714285714
Gr-based,4,10000,291,256,20,4,2,2.223843201715681,9725.08579900774,1.654752350970208,1.2985044743728151,96,0.6666666666666666
mVST-RS,4,10000,283,256,20,4,3,53.417641504443964,9912.604693851707,1.6160736712337254,1.2056595387248572,113,0.5663716814159292
Gr-based,4,10000,283,256,20,4,3,2.1025464602271313,9449.175262134042,1.6953330861876377,1.3228921513464988,84,0.7261904761904762
mVST-RS,4,10000,284,256,20,4,4,52.546751948688325,9474.551770391958,1.6397974363270378,1.2007801154504805,111,0.5765765765765766
Gr-based,4,10000,284,256,20,4,4,2.1711695921676437,9360.916713723522,1.6597034434308717,1.2873426444412839,93,0.6881720430107527
mVST-RS,4,10000,282,256,20,4,5,35.577437133918465,9518.059382256462,1.520445821547793,1.1965479588870909,108,0.5925925925925926
Gr-based,4,10000,282,256,20,4,5,2.1236297203340655,9040.317052176433,1.600794920517924,1.277651000398801,86,0.7325581395348837
mVST-RS,4,10000,289,256,20,4,6,46.05753891653421,9528.527100912901,1.534101181712912,1.1990033297383091,113,0.5663716814159292
Gr-based,4,10000,289,256,20,4,6,2.1144047824882364,9186.88142331756,1.5911519929268063,1.298919473175835,94,0.6702127659574468
mVST-RS,4,10000,288,256,20,4,7,46.68244249858435,9552.5437641905,1.564197129784273,1.1954726992516873,108,0.5925925925925926
Gr-based,4,10000,288,256,20,4,7,1.8984396279538487,8953.09112450632,1.6689276731682265,1.2747810523632572,89,0.6853932584269663
mVST-RS,4,10000,286,256,20,4,8,47.044578844026546,9175.608518445946,1.5360427411482531,1.181099036055795,120,0.5333333333333333
Gr-based,4,10000,286,256,20,4,8,2.280334054148625,8814.2097205181,1.5990233165848156,1.281956433669771,100,0.62
mVST-RS,4,10000,287,256,20,4,9,47.248482379496636,9764.692916043055,1.577229976214848,1.1963947929636054,119,0.5378151260504201
Gr-based,4,10000,287,256,20,4,9,2.1227466621821804,9474.79217213742,1.6254885696602601,1.2944699872601393,94,0.648936170212766
mVST-RS,4,10000,287,256,20,4,10,43.51508580704103,9429.671590181619,1.5753240938504824,1.1626536755092338,116,0.5517241379310345
Gr-based,4,10000,287,256,20,4,10,2.015343974242569,9001.937813372064,1.6501767909398604,1.2680991923592304,96,0.6666666666666666
mVST-RS,0,10000,295,256,40,4,1,18.498994174263657,7812.05373485426,1.3676511412642633,1.1950628514577046,142,0.4507042253521127
Gr-based,0,10000,295,256,40,4,1,1.7001928753747393,7740.436352312169,1.3803051559101938,1.3728881605908365,113,0.5486725663716814
mVST-RS,0,10000,301,256,40,4,2,20.979732690362823,8078.880603636958,1.4338722394862775,1.1680423434614784,139,0.460431654676259
Gr-based,0,10000,301,256,40,4,2,2.0197268954170227,7751.1321500123895,1.4945020158972078,1.246520402440914,120,0.525
mVST-RS,0,10000,299,256,40,4,3,10.809357732107685,7793.408761538428,1.2883306760627926,1.2120623927645604,129,0.49612403100775193
Gr-based,0,10000,299,256,40,4,3,1.9701469500348026,7565.321638828415,1.3271725985917748,1.3100108029094204,109,0.5871559633027523
mVST-RS,0,10000,302,256,40,4,4,20.169352947724633,8036.193740138654,1.3998304884578303,1.1745335498641296,134,0.47761194029850745
Gr-based,0,10000,302,256,40,4,4,1.6243868528944176,7725.408392089334,1.4561442499427113,1.2679134705625956,106,0.5943396226415094
mVST-RS,0,10000,299,256,40,4,5,13.460526866363352,7542.978428957786,1.3562853537193131,1.195933760556108,134,0.47761194029850745
Gr-based,0,10000,299,256,40,4,5,1.5357344462156561,7456.311180350443,1.3720499210891752,1.2939229021005805,115,0.5565217391304348
mVST-RS,0,10000,296,256,40,4,6,13.592723474504282,7626.002051700703,1.3214619982558435,1.196599970801688,138,0.463768115942029
Gr-based,0,10000,296,256,40,4,6,1.6553100730210417,7258.635281360811,1.3883425078294196,1.292368931257132,115,0.5478260869565217
mVST-RS,0,10000,300,256,40,4,7,23.85690155145062,7820.251181723454,1.439866588208302,1.1720487557465615,132,0.48484848484848486
Gr-based,0,10000,300,256,40,4,7,1.6800199112441305,7730.905381095952,1.4565070755482237,1.2908746157604545,111,0.5765765765765766
mVST-RS,0,10000,300,256,40,4,8,9.241654370170863,7385.299037282949,1.284822384361207,1.2232997813649902,142,0.4507042253521127
Gr-based,0,10000,300,256,40,4,8,1.7023987443756141,7313.984099554837,1.2973500337360506,1.3142532314926794,119,0.5378151260504201
mVST-RS,0,10000,297,256,40,4,9,16.76254341274921,8170.149313932034,1.3639041307656476,1.2110023276867956,134,0.47761194029850745
Gr-based,0,10000,297,256,40,4,9,1.596940994978013,8043.293192995871,1.3854151689941687,1.3114906272530695,110,0.5818181818181818
mVST-RS,0,10000,297,256,40,4,10,29.364051282901528,8031.138098513685,1.4866357686831058,1.1807717386244319,120,0.5333333333333333
Gr-based,0,10000,297,256,40,4,10,2.0407087044980017,7961.8889823613135,1.4995658928345321,1.2557179392922806,110,0.5818181818181818
mVST-RS,1,10000,290,256,40,4,1,21.670027577310066,8179.219544635954,1.414761620662964,1.1829978107054302,141,0.45390070921985815
Gr-based,1,10000,290,256,40,4,1,1.5747149305118455,7756.452875021478,1.4918734227074526,1.2889902555818262,112,0.5625
mVST-RS,1,10000,293,256,40,4,2,9.747695640606025,7374.338878586544,1.3211864114990706,1.1773406266320277,134,0.47761194029850745
Gr-based,1,10000,293,256,40,4,2,1.5922063505975075,7250.510108079967,1.3437504637529403,1.3491368284997949,110,0.5727272727272728
mVST-RS,1,10000,296,256,40,4,3,12.59565963299201,8142.35519356241,1.2698732768575896,1.1966599054400016,135,0.4740740740740741
Gr-based,1,10000,296,256,40,4,3,2.1111666394290296,7971.943588093037,1.297018619954996,1.3067094525086054,113,0.5663716814159292
mVST-RS,1,10000,294,256,40,4,4,6.995456809890129,7714.761099996027,1.23622702828655,1.1601202852876715,150,0.4266666666666667
Gr-based,1,10000,294,256,40,4,4,1.7157918588118264,7634.346151630107,1.249248593024873,1.3623668938683826,118,0.5423728813559322
mVST-RS,1,10000,292,256,40,4,5,18.39190531342865,7957.216431787219,1.3489618919757325,1.236454666152311,133,0.48120300751879697
Gr-based,1,10000,292,256,40,4,5,1.6383570934003728,7918.819775939086,1.3555027183847155,1.3372276538873447,109,0.5688073394495413
mVST-RS,1,10000,295,256,40,4,6,14.322421624147864,8173.4533392665235,1.3789987209139887,1.1889858266574624,132,0.48484848484848486
Gr-based,1,10000,295,256,40,4,6,1.726782518212076,8032.139888613706,1.4032601344850377,1.3234136128909202,107,0.5887850467289719
mVST-RS,1,10000,296,256,40,4,7,12.017319308617516,7768.69104383593,1.326835501479266,1.1944107483765811,144,0.4444444444444444
Gr-based,1,10000,296,256,40,4,7,1.620640270451986,7655.344540648731,1.346480883029208,1.3506314908344357,116,0.5344827586206896
mVST-RS,1,10000,291,256,40,4,8,11.432471512789107,8041.222829970203,1.2763229438494166,1.2124602573580212,132,0.48484848484848486
Gr-based,1,10000,291,256,40,4,8,1.518039729327029,7739.060580280728,1.326155427785063,1.3411020729936955,106,0.6037735849056604
mVST-RS,1,10000,295,256,40,4,9,9.08791698542791,7576.844916862452,1.301200219663787,1.2329484619438487,128,0.5
Gr-based,1,10000,295,256,40,4,9,1.6871274043301128,7659.858578444816,1.287098471755538,1.3535044576885003,112,0.5714285714285714
mVST-RS,1,10000,292,256,40,4,10,13.865912534215113,7997.135523340216,1.3207949460753219,1.1733886579432269,144,0.4444444444444444
Gr-based,1,10000,292,256,40,4,10,1.8469510611303122,7792.269632279816,1.355519852463941,1.3632133638482486,116,0.5172413793103449
mVST-RS,2,10000,288,256,40,4,1,14.044603318593545,7704.2832161403485,1.3450726116222405,1.2019114578880097,145,0.4413793103448276
Gr-based,2,10000,288,256,40,4,1,1.9126032964873048,7463.08378553424,1.3885440179966406,1.3217079324888785,117,0.5384615384615384
mVST-RS,2,10000,284,256,40,4,2,15.068147851646245,7981.540321260699,1.3432695713931362,1.180409622635055,128,0.5
Gr-based,2,10000,284,256,40,4,2,1.9199567194923475,7798.460946880676,1.3748046338150035,1.360826772153582,102,0.5980392156862745
mVST-RS,2,10000,287,256,40,4,3,7.805050603140444,7514.953437535467,1.2735053930800218,1.16899314877164,147,0.43537414965986393
Gr-based,2,10000,287,256,40,4,3,1.874494422562293,7318.82917161974,1.307631795609822,1.3140765124380551,121,0.5289256198347108
mVST-RS,2,10000,284,256,40,4,4,15.087455916173894,7886.111028666405,1.3100053178230933,1.200840312277434,142,0.4507042253521127
Gr-based,2,10000,284,256,40,4,4,1.8755503816846613,7646.43067323135,1.3510679460761477,1.3385884096574032,117,0.5384615384615384
mVST-RS,2,10000,284,256,40,4,5,20.641789848739336,8275.824159864082,1.367661744649102,1.1855180673718377,139,0.460431654676259
Gr-based,2,10000,284,256,40,4,5,1.5479046218247277,7926.223062216684,1.4279850592198078,1.3077686984046468,109,0.5779816513761468
mVST-RS,2,10000,282,256,40,4,6,32.96835675391458,8430.998046016972,1.442724333623025,1.1688341378785845,134,0.47761194029850745
Gr-based,2,10000,282,256,40,4,6,2.487806928828377,8251.929773282554,1.4740316958463733,1.3219063086840253,108,0.5925925925925926
mVST-RS,2,10000,294,256,40,4,7,26.660903300987684,7869.7218576873565,1.373125853250088,1.1915827303033029,135,0.4740740740740741
Gr-based,2,10000,294,256,40,4,7,2.587081692155607,7661.378061951658,1.4104666880157943,1.3127168258671547,113,0.5663716814159292
mVST-RS,2,10000,288,256,40,4,8,22.061705908870863,7898.46679429838,1.3862927944501342,1.2114333884136699,124,0.5161290322580645
Gr-based,2,10000,288,256,40,4,8,2.0890325519631006,7680.136075284834,1.425702291835162,1.271918921211818,107,0.5887850467289719
mVST-RS,2,10000,295,256,40,4,9,21.324809868145167,7972.712974461117,1.3487828045310457,1.186214426510423,141,0.45390070921985815
Gr-based,2,10000,295,256,40,4,9,2.010876181589083,7750.680656281104,1.3874211365811058,1.2752908531755418,120,0.525
mVST-RS,2,10000,290,256,40,4,10,13.250712328312147,7419.563390246077,1.3388577618693316,1.2043572912560008,138,0.463768115942029
Gr-based,2,10000,290,256,40,4,10,1.9005827315349961,7315.0721489309435,1.3579825096002986,1.264648820031437,125,0.512
mVST-RS,3,10000,305,256,40,4,1,16.71892618233869,7655.210865478559,1.3171991573997077,1.191278696542484,133,0.48120300751879697
Gr-based,3,10000,305,256,40,4,1,1.9080151047555773,7480.634519469313,1.3479387711673394,1.3222356529982995,107,0.5887850467289719
mVST-RS,3,10000,307,256,40,4,2,15.499318659646633,7665.083487074515,1.3537716848834735,1.2040986145061352,138,0.463768115942029
Gr-based,3,10000,307,256,40,4,2,2.0694418456669155,7614.8155038296745,1.3627083915362923,1.3405288754704725,112,0.5714285714285714
mVST-RS,3,10000,309,256,40,4,3,9.525263279228966,7964.704129737843,1.2883169400059478,1.2294126260315856,141,0.45390070921985815
Gr-based,3,10000,309,256,40,4,3,1.8701758458128097,7703.09522002776,1.3320701561364856,1.3315136607909808,108,0.5833333333333334
mVST-RS,3,10000,306,256,40,4,4,16.466170227715338,7459.878309476635,1.317381559267747,1.1859202835222329,145,0.4413793103448276
Gr-based,3,10000,306,256,40,4,4,1.994823629167513,7356.635084794298,1.3358697293003987,1.3147208398878387,121,0.5206611570247934
mVST-RS,3,10000,307,256,40,4,5,25.19362066474514,7943.949470651345,1.442394323757946,1.1729422640696545,134,0.47761194029850745
Gr-based,3,10000,307,256,40,4,5,2.040247635243759,7879.912109758884,1.4541161709782129,1.3333319439477025,108,0.5925925925925926
mVST-RS,3,10000,311,256,40,4,6,20.42601141146406,7988.179881343137,1.3179267059700925,1.1908465964496269,133,0.48120300751879697
Gr-based,3,10000,311,256,40,4,6,2.808152557078756,7655.533161473491,1.3751929977518105,1.2815843563139468,109,0.5779816513761468
mVST-RS,3,10000,312,256,40,4,7,15.327095476863178,8471.241410356388,1.3121021535122286,1.192500028127335,134,0.47761194029850745
Gr-based,3,10000,312,256,40,4,7,1.9291125759009446,8023.346377095119,1.3853489024457222,1.318385100744719,111,0.5675675675675675
mVST-RS,3,10000,307,256,40,4,8,13.538532047076842,8054.74132696827,1.3037637988780626,1.213898596067267,129,0.49612403100775193
Gr-based,3,10000,307,256,40,4,8,2.279941276829959,7805.721961017165,1.3453566760222944,1.3551648211956904,104,0.5865384615384616
mVST-RS,3,10000,301,256,40,4,9,12.442073832661663,7683.59160180494,1.2985735482269811,1.1823570367203016,140,0.45714285714285713
Gr-based,3,10000,301,256,40,4,9,2.061697619098595,7548.141223406771,1.3218762757832376,1.3685362695698406,108,0.5648148148148148
mVST-RS,3,10000,310,256,40,4,10,16.23017579844327,7659.233430569718,1.3356782134972194,1.1707402984709803,147,0.43537414965986393
Gr-based,3,10000,310,256,40,4,10,1.6755671191303918,7589.374611066654,1.3479728896744654,1.3688680871363998,108,0.5833333333333334
mVST-RS,4,10000,286,256,40,4,1,28.983483220315975,8316.821271542694,1.3604063820561936,1.1886739435522555,148,0.43243243243243246
Gr-based,4,10000,286,256,40,4,1,2.669739803777702,8185.555521685239,1.3822222213573128,1.321542953008824,123,0.5040650406504065
mVST-RS,4,10000,289,256,40,4,2,12.465339671456604,7999.4463443121385,1.333441707293195,1.1626074421680814,137,0.46715328467153283
Gr-based,4,10000,289,256,40,4,2,1.8595274355948277,7835.531805446795,1.3613364932479712,1.3246930811442275,111,0.5765765765765766
mVST-RS,4,10000,285,256,40,4,3,18.872375398797885,7756.912499078815,1.392486601865054,1.2164951637392227,124,0.5161290322580645
Gr-based,4,10000,285,256,40,4,3,1.9879079851034476,7589.641190507461,1.4231762023633447,1.3120686842840517,107,0.5981308411214953
mVST-RS,4,10000,284,256,40,4,4,13.600577441870882,7864.85507013404,1.3477221009931535,1.1891017375104453,131,0.48854961832061067
Gr-based,4,10000,284,256,40,4,4,1.8136336757406752,7718.3644730348105,1.3733011749003343,1.3078211672616735,105,0.6
mVST-RS,4,10000,286,256,40,4,5,26.44491761939844,8468.128233885505,1.3995216021087964,1.214909546699795,131,0.48854961832061067
Gr-based,4,10000,286,256,40,4,5,2.1153352107694445,7949.939669453613,1.4907444440474222,1.3104350188617258,105,0.5904761904761905
mVST-RS,4,10000,284,256,40,4,6,23.853715515533622,8325.646883311365,1.4057020853682045,1.1729007818700183,136,0.47058823529411764
Gr-based,4,10000,284,256,40,4,6,2.0883733176697206,8043.849759542517,1.454947510926123,1.3148789828862562,107,0.5887850467289719
mVST-RS,4,10000,288,256,40,4,7,13.868164589091975,7706.17568110704,1.3093455078481206,1.2051620993043743,131,0.48854961832061067
Gr-based,4,10000,288,256,40,4,7,1.9589316772735401,7476.342390383094,1.3495966321345687,1.2947089493434385,109,0.5779816513761468
mVST-RS,4,10000,284,256,40,4,8,18.2715050516299,7908.718947349496,1.3074665030744304,1.185566016500539,145,0.4413793103448276
Gr-based,4,10000,284,256,40,4,8,1.5144727586230147,7635.742203539042,1.3542082524861743,1.2899635067859174,118,0.5423728813559322
mVST-RS,4,10000,290,256,40,4,9,13.653821466721638,8224.984310011618,1.3479170478831464,1.196595291998604,132,0.48484848484848486
Gr-based,4,10000,290,256,40,4,9,1.6559965451388052,7845.085800425529,1.4131899703932753,1.2975861142781209,112,0.5535714285714286
mVST-RS,4,10000,288,256,40,4,10,13.86970688153724,7719.30804869449,1.3479820681137131,1.1953677704178192,135,0.4740740740740741
Gr-based,4,10000,288,256,40,4,10,1.6629267949920177,7487.034108380044,1.3898011785787694,1.294976161102276,114,0.5614035087719298
eVST-RS,0,10000,293,256,80,4,1,2.8542140861394216,6408.03964650705,1.1630307354245186,1.1507876834739197,185,0.34594594594594597
Gr-based,0,10000,293,256,80,4,1,1.4407210207315302,6566.8816376576615,1.1348989480743685,1.4207813276469348,142,0.43661971830985913
mVST-RS,0,10000,294,256,80,4,2,4.332700547361867,6805.4556093731335,1.2330390218113256,1.142294814762713,167,0.38323353293413176
Gr-based,0,10000,294,256,80,4,2,1.512247152068369,6598.044625132297,1.271799874708121,1.2763818777003548,135,0.4740740740740741
mVST-RS,0,10000,298,256,80,4,3,2.9099067519013033,6370.108311199162,1.144133289033341,1.1093297390822192,181,0.35359116022099446
Gr-based,0,10000,298,256,80,4,3,1.3867048627806184,6257.835895427175,1.1646602907750756,1.2832993653331959,144,0.4375
mVST-RS,0,10000,303,256,80,4,4,4.750659431668964,6602.29063074091,1.1942798687588483,1.1179208118845747,176,0.36363636363636365
Gr-based,0,10000,303,256,80,4,4,1.7181157583839877,6425.665111115185,1.227107645922832,1.348987248524276,131,0.48854961832061067
mVST-RS,0,10000,302,256,80,4,5,3.712550162992784,6362.995653529172,1.1879938253057083,1.1529914665714163,169,0.378698224852071
Gr-based,0,10000,302,256,80,4,5,1.4609709613214363,6108.024585533491,1.2375849902017835,1.29371522685268,134,0.4701492537313433
mVST-RS,0,10000,301,256,80,4,6,3.4956897130238076,6346.312863709559,1.2312052746732816,1.1368631227653854,163,0.39263803680981596
Gr-based,0,10000,301,256,80,4,6,1.9354491201393103,6202.557343044029,1.2597406908762927,1.2784516419531076,132,0.4772727272727273
mVST-RS,0,10000,301,256,80,4,7,3.359806524603755,6282.6114082609765,1.1980467282370892,1.1491038713915973,169,0.378698224852071
Gr-based,0,10000,301,256,80,4,7,1.7841781401066328,6273.813458057071,1.1997267838408217,1.3050577195740247,143,0.4405594405594406
mVST-RS,0,10000,295,256,80,4,8,2.48380217918384,6215.834973723365,1.128017094164517,1.1402631570248363,179,0.3575418994413408
Gr-based,0,10000,295,256,80,4,8,1.715178020891699,6400.613795808506,1.0954524563655423,1.3769448086888727,136,0.47058823529411764
mVST-RS,0,10000,297,256,80,4,9,4.7038605076027125,6285.040679415794,1.187931279049731,1.1638370110694285,170,0.3764705882352941
Gr-based,0,10000,297,256,80,4,9,2.01338482466349,6338.663391664195,1.1778818264741093,1.363140620084717,142,0.4507042253521127
mVST-RS,0,10000,298,256,80,4,10,3.240318927287717,6750.856211488401,1.1683603302325711,1.1399710214460135,174,0.367816091954023
Gr-based,0,10000,298,256,80,4,10,1.4509308625074482,6362.138999134421,1.2397454053865042,1.3129818922251404,136,0.4632352941176471
mVST-RS,1,10000,288,256,80,4,1,5.629315714803397,6367.493964522182,1.2001922133704375,1.112041475605535,179,0.3575418994413408
Gr-based,1,10000,288,256,80,4,1,1.3607870862713298,6185.702671035209,1.2354645997919933,1.2801403933331152,146,0.4383561643835616
mVST-RS,1,10000,293,256,80,4,2,2.6529561723673396,6316.651546673216,1.1598704270497409,1.155412896739701,173,0.3699421965317919
Gr-based,1,10000,293,256,80,4,2,1.6465015975577444,6216.055038478749,1.1786410000573735,1.2705600939519228,151,0.41721854304635764
mVST-RS,1,10000,292,256,80,4,3,2.5017669058067895,6724.83842448714,1.1412563811871455,1.1308819492024802,179,0.3575418994413408
Gr-based,1,10000,292,256,80,4,3,1.3489741603841594,6455.457200704424,1.188880125107325,1.2760222163554245,144,0.4444444444444444
mVST-RS,1,10000,296,256,80,4,4,3.6010752229749414,6979.993667399258,1.170404663511196,1.1212415152513069,175,0.3657142857142857
Gr-based,1,10000,296,256,80,4,4,1.435419513808938,6849.175863640422,1.1927591439096967,1.3404012805747734,132,0.4772727272727273
mVST-RS,1,10000,294,256,80,4,5,2.4150775962184525,6290.363821857923,1.121341078971046,1.093890936957873,195,0.3282051282051282
Gr-based,1,10000,294,256,80,4,5,1.4455930384856401,6314.822320894619,1.1169979132719776,1.306178220652891,152,0.4144736842105263
mVST-RS,1,10000,286,256,80,4,6,4.138668157246684,6850.963428322279,1.178552322140236,1.1150696742087858,179,0.3575418994413408
Gr-based,1,10000,286,256,80,4,6,1.5358714248382057,6714.148989159848,1.2025677223402507,1.3269457315072826,141,0.44680851063829785
mVST-RS,1,10000,292,256,80,4,7,6.4588171994623735,6647.927488999133,1.191293252858683,1.147190385157999,172,0.37209302325581395
Gr-based,1,10000,292,256,80,4,7,1.4491971157908665,6639.404053124099,1.192822593680217,1.3491743724327647,141,0.44680851063829785
mVST-RS,1,10000,292,256,80,4,8,3.6036691322819934,6429.793079914408,1.1494747626994708,1.1066180182881824,183,0.34972677595628415
Gr-based,1,10000,292,256,80,4,8,1.525750796804914,6352.689473292787,1.1634261214581922,1.3192661790492797,140,0.44285714285714284
mVST-RS,1,10000,292,256,80,4,9,7.727490701638089,6464.052544848548,1.2106499155662176,1.143945859389981,175,0.3657142857142857
Gr-based,1,10000,292,256,80,4,9,1.3728447578241685,6575.277595685264,1.1901709933542215,1.3950004611654616,138,0.463768115942029
mVST-RS,1,10000,295,256,80,4,10,12.763212910570473,6755.338547050564,1.2768593249862232,1.11093721470335,177,0.3615819209039548
Gr-based,1,10000,295,256,80,4,10,1.3620250256394684,6758.162868505456,1.2763257093784603,1.2562500841147746,149,0.4228187919463087
mVST-RS,2,10000,288,256,80,4,1,4.209350310787613,6768.395393260279,1.244692551118892,1.1431462602546718,179,0.3575418994413408
Gr-based,2,10000,288,256,80,4,1,1.4133304279653203,6712.469129346216,1.2550629532413258,1.3649767886043391,139,0.460431654676259
mVST-RS,2,10000,287,256,80,4,2,3.0629576645260386,6083.611407434045,1.1613842793806042,1.1262991294195581,184,0.34782608695652173
Gr-based,2,10000,287,256,80,4,2,1.3027961797570242,6014.832199166635,1.1746646317803073,1.2735474900973764,152,0.4144736842105263
mVST-RS,2,10000,285,256,80,4,3,1.8074041090426363,6485.248259417943,1.1382193289308258,1.127406229218612,187,0.3422459893048128
Gr-based,2,10000,285,256,80,4,3,1.4252905960029238,6501.636694789049,1.1353502615273399,1.3889310889131958,138,0.45652173913043476
mVST-RS,2,10000,279,256,80,4,4,4.457903745477324,6553.809915770187,1.192015028706629,1.1601490378668984,169,0.378698224852071
Gr-based,2,10000,279,256,80,4,4,1.405836473578347,6446.280577589619,1.211898833886273,1.3285392116648502,141,0.45390070921985815
mVST-RS,2,10000,283,256,80,4,5,1.9573957008451544,6126.462645751176,1.1465092029875925,1.1302807463951163,188,0.3404255319148936
Gr-based,2,10000,283,256,80,4,5,1.2729826048994255,6081.341863979341,1.1550157781324328,1.3436712962858992,143,0.44755244755244755
mVST-RS,2,10000,288,256,80,4,6,3.506542604299284,6251.392237999864,1.1793801254211735,1.1184843314045507,185,0.34594594594594597
Gr-based,2,10000,288,256,80,4,6,1.7307304237019707,6304.188285490075,1.169503102989267,1.3275686780220686,151,0.423841059602649
mVST-RS,2,10000,288,256,80,4,7,2.686285400289762,6504.660848680491,1.1751128568133087,1.1420448086510773,174,0.367816091954023
Gr-based,2,10000,288,256,80,4,7,1.4794729441559866,6331.292732423547,1.2072906617237846,1.312966690089078,140,0.45714285714285713
mVST-RS,2,10000,289,256,80,4,8,4.718137864443634,6497.6171449527765,1.1835863334486754,1.1420012116069387,170,0.3764705882352941
Gr-based,2,10000,289,256,80,4,8,1.496811990327842,6380.9269264006625,1.2052309862582833,1.2825786030343078,142,0.4507042253521127
mVST-RS,2,10000,287,256,80,4,9,5.047704088278806,6548.985974210783,1.140290083470329,1.1214453885780056,179,0.3575418994413408
Gr-based,2,10000,287,256,80,4,9,1.5921814812800221,6491.5375788194015,1.1503813499508333,1.3252869262906721,140,0.45714285714285713
mVST-RS,2,10000,284,256,80,4,10,3.740426299579667,6370.097713278791,1.145925648978875,1.120170879718551,182,0.3516483516483517
Gr-based,2,10000,284,256,80,4,10,1.7405099868074103,6253.315802913183,1.1673260372916416,1.2667257799307747,146,0.4383561643835616
mVST-RS,3,10000,303,256,80,4,1,4.446380172126737,6414.0903802420735,1.1662468516464253,1.1261478063396522,182,0.3516483516483517
Gr-based,3,10000,303,256,80,4,1,2.137224552569023,6180.064816983593,1.2104100739487116,1.2817056558564546,147,0.43537414965986393
mVST-RS,3,10000,300,256,80,4,2,4.581447804828713,6372.010496049719,1.1464373843738054,1.136827066860149,186,0.34408602150537637
Gr-based,3,10000,300,256,80,4,2,2.2161996366703534,6307.59764845395,1.1581447412208077,1.308571037979933,141,0.45390070921985815
mVST-RS,3,10000,309,256,80,4,3,5.406442021725525,6407.118138646091,1.1751608591113096,1.1259959944495423,179,0.3575418994413408
Gr-based,3,10000,309,256,80,4,3,2.2688179810693327,6454.208002682013,1.1665868923205132,1.3270561751492267,146,0.4383561643835616
mVST-RS,3,10000,299,256,80,4,4,6.093739958519109,6390.4917740138735,1.1730039979160105,1.1442545248111298,176,0.36363636363636365
Gr-based,3,10000,299,256,80,4,4,1.6065681841682817,6392.906315840724,1.1725609651111948,1.3072295038140993,156,0.41025641025641024
mVST-RS,3,10000,304,256,80,4,5,6.241403308487861,6704.780616411991,1.2074769698855,1.1387806457204792,168,0.38095238095238093
Gr-based,3,10000,304,256,80,4,5,1.7707842361678559,6444.324381670404,1.256278812636941,1.283004593820137,140,0.45714285714285713
mVST-RS,3,10000,310,256,80,4,6,4.675883709492155,6523.370284957005,1.1468029365911572,1.1599835459641739,174,0.367816091954023
Gr-based,3,10000,310,256,80,4,6,2.4198157933587936,6320.031856930772,1.1836997611105764,1.3645269973497893,137,0.45255474452554745
mVST-RS,3,10000,303,256,80,4,7,2.557214431151806,6216.485956015003,1.148749090931597,1.12945554351467,178,0.3595505617977528
Gr-based,3,10000,303,256,80,4,7,1.5079885774830473,6205.917477914138,1.150705373730088,1.3201713159576183,145,0.4413793103448276
mVST-RS,3,10000,301,256,80,4,8,6.084772003621765,6589.952168443765,1.1741112759328896,1.126561012489271,183,0.34972677595628415
Gr-based,3,10000,301,256,80,4,8,1.4444431286074177,6687.9244080030785,1.156911573278156,1.4155339994972354,137,0.46715328467153283
mVST-RS,3,10000,308,256,80,4,9,6.131990153328843,6383.655834286961,1.2326130385183764,1.165353413968212,166,0.3855421686746988
Gr-based,3,10000,308,256,80,4,9,1.4501741246986057,6291.376952442445,1.2506924118894618,1.3023368679478347,136,0.47058823529411764
mVST-RS,3,10000,301,256,80,4,10,2.1114244118798524,6119.1064307342685,1.1355794558866061,1.1229304634720625,190,0.3368421052631579
Gr-based,3,10000,301,256,80,4,10,1.365884901640129,6220.371248164181,1.117092738343589,1.3605165855196508,144,0.4444444444444444
mVST-RS,4,10000,285,256,80,4,1,3.502282055958858,6772.655592633833,1.160654775309696,1.1432999876591348,177,0.3615819209039548
Gr-based,4,10000,285,256,80,4,1,1.3432810603962935,6624.216171145129,1.1866634258343498,1.2845975204487008,146,0.4315068493150685
mVST-RS,4,10000,278,256,80,4,2,2.9156176156875517,6587.487833601454,1.1164746486499237,1.109531785638789,197,0.3248730964467005
Gr-based,4,10000,278,256,80,4,2,1.3066943466119483,6336.6609316729155,1.1606685672171717,1.3439851731204082,142,0.44366197183098594
mVST-RS,4,10000,285,256,80,4,3,3.394462905635919,6300.569973961003,1.1855486388384053,1.1463075692367652,171,0.3742690058479532
Gr-based,4,10000,285,256,80,4,3,1.7225077588327622,6091.599983563279,1.2262184281125819,1.2793573308409758,141,0.45390070921985815
mVST-RS,4,10000,285,256,80,4,4,3.0240052075560016,6524.773813658368,1.1472207459013861,1.124242105149421,181,0.35359116022099446
Gr-based,4,10000,285,256,80,4,4,1.4225526025538784,6372.845603525349,1.1745704112464632,1.3458505644954821,141,0.45390070921985815
mVST-RS,4,10000,284,256,80,4,5,3.6915671696588106,6308.099046752846,1.2335856527681048,1.1221790113025307,172,0.37209302325581395
Gr-based,4,10000,284,256,80,4,5,1.3183746361382873,6288.194471962091,1.237490429885894,1.26781353729712,142,0.44366197183098594
mVST-RS,4,10000,285,256,80,4,6,2.9890294729048037,6118.2020932902515,1.1679810558794221,1.1293058434058783,178,0.3595505617977528
Gr-based,4,10000,285,256,80,4,6,1.2231140964813676,6004.605622694525,1.1900771824208742,1.2645530120677193,146,0.4383561643835616
mVST-RS,4,10000,289,256,80,4,7,5.716765314959957,6225.154133126747,1.1992202555269182,1.1190739285384619,177,0.3615819209039548
Gr-based,4,10000,289,256,80,4,7,1.7375742230706237,6158.211752588813,1.2122562896744178,1.288322175692576,142,0.4507042253521127
mVST-RS,4,10000,283,256,80,4,8,2.6046058765805356,6306.2275599462155,1.1382816552946342,1.1264414479914568,183,0.34972677595628415
Gr-based,4,10000,283,256,80,4,8,1.3139640823892478,6403.662835516125,1.1209620696748728,1.3356167928823364,146,0.4383561643835616
mVST-RS,4,10000,279,256,80,4,9,2.816486147001342,6540.18873914868,1.1620993166302374,1.1432459698106805,180,0.35555555555555557
Gr-based,4,10000,279,256,80,4,9,1.4110290292037462,6307.348658741662,1.204999006018759,1.2817129008418582,147,0.42857142857142855
mVST-RS,4,10000,288,256,80,4,10,1.835382880909492,6252.698433528131,1.1510248732689616,1.1024458645350985,183,0.34972677595628415
Gr-based,4,10000,288,256,80,4,10,1.3201814118037873,6237.328658028706,1.153861182667798,1.318372610567694,143,0.43356643356643354
mVST-RS,0,10000,290,256,160,4,1,1.0589615994050519,5159.580089565786,1.0596597081740824,1.0931409500401292,213,0.3004694835680751
Gr-based,0,10000,290,256,160,4,1,1.2156343531332539,5067.346640685154,1.0789471334194816,1.1953160385664225,184,0.3423913043478261
mVST-RS,0,10000,297,256,160,4,2,1.0664784493546335,5267.358834989862,1.0578654095908422,1.0702456966203986,218,0.29357798165137616
Gr-based,0,10000,297,256,160,4,2,1.1641339437763918,5257.504024660682,1.059848301646924,1.1853517972809204,186,0.34408602150537637
mVST-RS,0,10000,293,256,160,4,3,0.8894614095297584,4787.937174133445,1.0694780006896103,1.0523772677691017,220,0.2909090909090909
Gr-based,0,10000,293,256,160,4,3,1.0770230400412402,4854.990581404184,1.0547071905829932,1.2238604261737343,184,0.34782608695652173
mVST-RS,0,10000,295,256,160,4,4,1.0624172503062255,5293.301682659966,1.0652655573921221,1.067117881614774,217,0.29493087557603687
Gr-based,0,10000,295,256,160,4,4,1.1267806234067166,5222.435169812758,1.079720816836027,1.2559880133727201,174,0.367816091954023
mVST-RS,0,10000,289,256,160,4,5,0.9815118334529416,4755.354663073249,1.0584448258805799,1.0592153589596525,218,0.29357798165137616
Gr-based,0,10000,289,256,160,4,5,1.221424167134387,4747.680649660147,1.0601556654231294,1.1923971604599293,184,0.34782608695652173
mVST-RS,0,10000,297,256,160,4,6,3.3213277689224014,4893.730648996502,1.1188406930617025,1.044144457226221,219,0.2922374429223744
Gr-based,0,10000,297,256,160,4,6,1.0294760626895822,4846.34120726872,1.1297811600158238,1.1637015558301584,187,0.3422459893048128
mVST-RS,0,10000,297,256,160,4,7,0.8296526743201866,4877.802838159492,1.0624232382832486,1.084790545507085,214,0.29906542056074764
Gr-based,0,10000,297,256,160,4,7,1.1178564858785194,4843.567663940959,1.069932629537804,1.2186872558130315,182,0.3516483516483517
mVST-RS,0,10000,298,256,160,4,8,0.9903775478221633,5046.973352805362,1.069152559161909,1.078333316328966,221,0.2895927601809955
Gr-based,0,10000,298,256,160,4,8,1.028267729652498,5082.422552565346,1.0616953667990863,1.250986748964367,178,0.3595505617977528
mVST-RS,0,10000,299,256,160,4,9,1.2675816207056414,4767.37496033696,1.0706137884862894,1.0458791473033977,227,0.28193832599118945
Gr-based,0,10000,299,256,160,4,9,1.0008222664869209,4915.701446109657,1.038309064001518,1.1945956096975945,199,0.32160804020100503
mVST-RS,0,10000,296,256,160,4,10,1.3850769093517101,5103.437688407812,1.0585318933964871,1.0667039590084622,214,0.29906542056074764
Gr-based,0,10000,296,256,160,4,10,1.0745096599534918,4922.74899215753,1.0973851333365814,1.2168575834441884,179,0.3575418994413408
mVST-RS,1,10000,282,256,160,4,1,1.067007415793796,4834.538285178217,1.0711481965110794,1.0837559516656525,212,0.3018867924528302
Gr-based,1,10000,282,256,160,4,1,1.1361835939878802,4803.74679144143,1.0780141397874412,1.2121741543958904,182,0.3516483516483517
mVST-RS,1,10000,290,256,160,4,2,1.053628512396699,4953.231426330434,1.0653781188163192,1.054719818406215,222,0.2882882882882883
Gr-based,1,10000,290,256,160,4,2,1.2494357033401684,4950.764906178612,1.0659089007559122,1.2394878880932834,184,0.34782608695652173
mVST-RS,1,10000,293,256,160,4,3,1.0672059755834198,4954.855736003884,1.0889037595141517,1.0770505332392377,210,0.3047619047619048
Gr-based,1,10000,293,256,160,4,3,1.1864819863239973,5014.4009656071585,1.075973197155685,1.2611256433026474,172,0.36627906976744184
mVST-RS,1,10000,288,256,160,4,4,1.028746562705237,4988.09798456142,1.0668009284683373,1.0680913827063938,216,0.2962962962962963
Gr-based,1,10000,288,256,160,4,4,1.0465802319713475,4994.659648262048,1.0653994337878014,1.2536259226721975,179,0.3575418994413408
mVST-RS,1,10000,295,256,160,4,5,0.990196357079185,4949.401926548333,1.079604816071976,1.0567958273008173,221,0.2895927601809955
Gr-based,1,10000,295,256,160,4,5,1.1244583028387751,4918.608242226529,1.086363843882528,1.2501106608361758,174,0.3620689655172414
mVST-RS,1,10000,294,256,160,4,6,1.187316095343249,5138.72350626679,1.0774047136602005,1.0941611277495396,217,0.29493087557603687
Gr-based,1,10000,294,256,160,4,6,1.0713895474655146,5078.232148826648,1.09023864321121,1.2390840184084488,184,0.34782608695652173
mVST-RS,1,10000,293,256,160,4,7,1.4517164171443255,5273.233557399466,1.0762924758817123,1.0547704141595176,216,0.2962962962962963
Gr-based,1,10000,293,256,160,4,7,1.1328890015242905,5271.050261966713,1.076738281618731,1.2323732896641568,177,0.3615819209039548
mVST-RS,1,10000,283,256,160,4,8,1.2115609168017727,5407.919377264589,1.0564975172127908,1.0812210527798103,219,0.2922374429223744
Gr-based,1,10000,283,256,160,4,8,1.1438200535121723,5377.494752377335,1.0624749364638841,1.3233519176226076,170,0.3764705882352941
mVST-RS,1,10000,290,256,160,4,9,0.9930610656224417,5197.9464675447925,1.0647302154061815,1.0567290657426225,221,0.2895927601809955
Gr-based,1,10000,290,256,160,4,9,1.165341882062421,5138.401398185982,1.0770685731193732,1.226676989016919,183,0.34972677595628415
mVST-RS,1,10000,287,256,160,4,10,1.0598683426219395,4853.139569971983,1.0805569246879616,1.0774907601199473,219,0.2922374429223744
Gr-based,1,10000,287,256,160,4,10,1.0536521974609059,4947.289944563247,1.0599931735501582,1.320933067722348,168,0.38095238095238093
mVST-RS,2,10000,287,256,160,4,1,0.7471947014932994,5000.243560238128,1.0497417839698322,1.0503420110898016,224,0.2857142857142857
Gr-based,2,10000,287,256,160,4,1,1.048528723272284,5041.772188683801,1.0410951543961622,1.2388029851876792,186,0.34408602150537637
mVST-RS,2,10000,286,256,160,4,2,0.8830988117197194,4931.345081068325,1.0660416037679632,1.0448920795021561,219,0.2922374429223744
Gr-based,2,10000,286,256,160,4,2,1.0352496918967518,4901.4736368819085,1.0725384666762396,1.178660336202352,181,0.34806629834254144
mVST-RS,2,10000,291,256,160,4,3,1.0785325681481481,5292.773185187715,1.0918651386378393,1.0783476368809009,208,0.3076923076923077
Gr-based,2,10000,291,256,160,4,3,1.1290255727635667,5235.042396876288,1.1039059647486156,1.2402152474836106,171,0.3742690058479532
mVST-RS,2,10000,287,256,160,4,4,0.9958949835827298,5181.966253605976,1.0487268142814226,1.0636823712411834,227,0.28193832599118945
Gr-based,2,10000,287,256,160,4,4,1.091295265118788,5152.711092752147,1.0546810917658875,1.207158308485919,186,0.34408602150537637
mVST-RS,2,10000,285,256,160,4,5,1.1650245021992305,4888.844620817554,1.0709353824856331,1.0712978964813729,222,0.2882882882882883
Gr-based,2,10000,285,256,160,4,5,1.2653552246492836,4851.40411661729,1.0792002805898386,1.2233775984544955,188,0.3404255319148936
mVST-RS,2,10000,286,256,160,4,6,1.0162436119408085,5300.413690599057,1.0707864807351297,1.0691290914428764,211,0.3033175355450237
Gr-based,2,10000,286,256,160,4,6,1.3635653443288902,5277.68316389068,1.075398265858164,1.261840396149258,170,0.3764705882352941
mVST-RS,2,10000,282,256,160,4,7,1.6834072702095,5474.023967654186,1.081433068807236,1.1026837023880736,207,0.30917874396135264
Gr-based,2,10000,282,256,160,4,7,1.0584689500656168,5315.3916592972055,1.1137073084182354,1.2575824912896607,173,0.3583815028901734
mVST-RS,2,10000,289,256,160,4,8,1.2706500208032594,5199.824416029255,1.0937899662660064,1.0856221877570027,210,0.3047619047619048
Gr-based,2,10000,289,256,160,4,8,1.238850848043512,5118.929679612778,1.1110751912161505,1.240031749738125,173,0.3699421965317919
mVST-RS,2,10000,284,256,160,4,9,0.9465270195260018,4928.376719756555,1.059151259558829,1.0631516112276693,221,0.2895927601809955
Gr-based,2,10000,284,256,160,4,9,1.0199661145679784,4994.94734669052,1.0450353222980595,1.2322903845219852,183,0.3442622950819672
mVST-RS,2,10000,288,256,160,4,10,1.3040818840045176,5071.717535996539,1.093506837973389,1.0550752952168039,215,0.29767441860465116
Gr-based,2,10000,288,256,160,4,10,1.2360812745091607,5037.157443967991,1.1010094219951496,1.2110485852802733,180,0.35555555555555557
mVST-RS,3,10000,303,256,160,4,1,2.282589661785096,5128.286612675128,1.0956125086241595,1.077457940225833,207,0.30917874396135264
Gr-based,3,10000,303,256,160,4,1,1.3628003167486895,5125.506848311465,1.0962067024664446,1.2930107248246556,168,0.38095238095238093
mVST-RS,3,10000,306,256,160,4,2,1.0887897800521387,4993.790241452936,1.0753964059248027,1.0697272244107827,216,0.2962962962962963
Gr-based,3,10000,306,256,160,4,2,1.2485676457290538,4978.964695533737,1.0785985452795328,1.2060134710417112,183,0.34972677595628415
mVST-RS,3,10000,303,256,160,4,3,1.6805307191343672,4982.737997904951,1.0997194010240878,1.074532003506012,214,0.29906542056074764
Gr-based,3,10000,303,256,160,4,3,1.1186704625924904,5079.509112276673,1.078768346585364,1.2274504448905192,183,0.34972677595628415
mVST-RS,3,10000,300,256,160,4,4,0.9330308750604672,4939.391580212078,1.0522659089458473,1.0650268369207847,225,0.28444444444444444
Gr-based,3,10000,300,256,160,4,4,1.0526783465611516,4900.522968978264,1.0606119803321712,1.2351041953460489,183,0.34972677595628415
mVST-RS,3,10000,306,256,160,4,5,1.2624163029040574,5150.251129860745,1.0645620783704177,1.0907103271953824,216,0.2962962962962963
Gr-based,3,10000,306,256,160,4,5,1.2438961615198423,5100.066295158771,1.0750374072859894,1.2628347925564545,176,0.36363636363636365
mVST-RS,3,10000,307,256,160,4,6,1.378199161390512,5063.8067251387,1.0644755093213576,1.0595152124681266,220,0.2909090909090909
Gr-based,3,10000,307,256,160,4,6,1.1302335110494823,5100.0042638423065,1.056920340452014,1.2398600434232614,181,0.35359116022099446
mVST-RS,3,10000,306,256,160,4,7,1.0079498918776153,4739.67871803387,1.0715911874665325,1.0543595829355987,226,0.2831858407079646
Gr-based,3,10000,306,256,160,4,7,1.1403813769074986,4729.205041433663,1.0739644192141147,1.2364891373311342,182,0.3516483516483517
mVST-RS,3,10000,307,256,160,4,8,0.9098609607772232,4881.708033887692,1.0678412000630317,1.0740905360758932,213,0.3004694835680751
Gr-based,3,10000,307,256,160,4,8,1.0785365156580156,4850.524054338904,1.0747063424210688,1.2212146756233373,177,0.3615819209039548
mVST-RS,3,10000,302,256,160,4,9,0.8573144610745658,4710.566686328193,1.0554828045829785,1.0516841485850559,222,0.2882882882882883
Gr-based,3,10000,302,256,160,4,9,1.2125260831771811,4689.466995191631,1.0602318221577878,1.2243919834003703,187,0.3422459893048128
mVST-RS,3,10000,301,256,160,4,10,0.9790604292838907,5448.051997968596,1.0597286584401535,1.0620430057209003,217,0.29493087557603687
Gr-based,3,10000,301,256,160,4,10,1.1839259731204947,5394.508451556234,1.0702470645409599,1.23705732021239,174,0.3620689655172414
mVST-RS,4,10000,283,256,160,4,1,1.237371321018145,5051.795133597413,1.1030146581650986,1.0435646968735903,224,0.2857142857142857
Gr-based,4,10000,283,256,160,4,1,1.0750346788818206,5230.617520005677,1.065305207481317,1.270054246826353,183,0.34972677595628415
mVST-RS,4,10000,285,256,160,4,2,1.0058770539890247,5058.131512677392,1.051640775554492,1.0528534441226138,225,0.28444444444444444
Gr-based,4,10000,285,256,160,4,2,1.0945669620195986,5001.1458636148245,1.0636237158265678,1.197612568318585,187,0.3422459893048128
mVST-RS,4,10000,280,256,160,4,3,1.0779945224339826,5267.085762406387,1.0701857985154613,1.0734364546629749,221,0.2895927601809955
Gr-based,4,10000,280,256,160,4,3,1.1116549465068601,5289.1207757848615,1.0657272959802755,1.2540347485218393,177,0.3615819209039548
mVST-RS,4,10000,282,256,160,4,4,0.8659997742033738,4907.38633248145,1.0655362550921135,1.0577594106785124,217,0.29493087557603687
Gr-based,4,10000,282,256,160,4,4,1.040754100871709,4764.948604202126,1.0973881335028761,1.2122559499000132,179,0.3575418994413408
mVST-RS,4,10000,288,256,160,4,5,0.9547173148075672,5332.412409511236,1.0457082409136893,1.0646771739365888,225,0.28444444444444444
Gr-based,4,10000,288,256,160,4,5,1.138439201624351,5374.3439848933185,1.0375494416156186,1.3142259535876388,171,0.3742690058479532
mVST-RS,4,10000,281,256,160,4,6,0.8326046228521591,5260.546569449699,1.0384572387958384,1.0310639156923063,228,0.2807017543859649
Gr-based,4,10000,281,256,160,4,6,1.079871958541844,5258.138072827583,1.0389329054134149,1.26241152748998,181,0.35359116022099446
mVST-RS,4,10000,281,256,160,4,7,1.1610517273911682,4986.982455987789,1.113553839533323,1.0761421158772024,213,0.3004694835680751
Gr-based,4,10000,281,256,160,4,7,1.0269070227004704,4982.05029913947,1.114656241529661,1.2363727332945051,176,0.36363636363636365
mVST-RS,4,10000,277,256,160,4,8,0.9747683008572494,5015.719081877454,1.0496466878911328,1.054551450654009,229,0.2794759825327511
Gr-based,4,10000,277,256,160,4,8,0.9876845559956564,4843.650051733508,1.0869350315266508,1.2195073778782053,184,0.3423913043478261
mVST-RS,4,10000,283,256,160,4,9,1.7011390936986572,5294.646501627555,1.055630898987087,1.0913559650115316,213,0.3004694835680751
Gr-based,4,10000,283,256,160,4,9,1.2803687922423705,5381.099475884607,1.0386710878287777,1.2970956537068856,177,0.3615819209039548
mVST-RS,4,10000,283,256,160,4,10,0.952376835692121,4902.458601854458,1.0526846436146597,1.0376933214531943,227,0.28193832599118945
Gr-based,4,10000,283,256,160,4,10,1.1187494128080289,4871.765799889581,1.0593167032466444,1.1984148962424084,188,0.3404255319148936
mVST-RS,0,10000,287,256,320,4,1,0.6255959754338392,3839.344350213336,1.0209306272620073,1.029040782936332,241,0.26556016597510373
Gr-based,0,10000,287,256,320,4,1,1.0133781138951576,3866.5785407760964,1.0137397170138396,1.1007007918620872,227,0.28193832599118945
mVST-RS,0,10000,287,256,320,4,2,0.5431198440575145,3773.7046559043374,1.0257518664940464,1.0315406877275708,238,0.2689075630252101
Gr-based,0,10000,287,256,320,4,2,0.849304172282018,3893.648250629648,0.9941536433767947,1.1473680825530068,215,0.29767441860465116
mVST-RS,0,10000,292,256,320,4,3,0.6070841238222329,3823.91327759617,1.0247534512063416,1.015048840013014,245,0.2612244897959184
Gr-based,0,10000,292,256,320,4,3,0.7971543974085762,3786.7226009188826,1.0348178996210475,1.0894116510074106,220,0.2909090909090909
mVST-RS,0,10000,290,256,320,4,4,0.7451648914711768,3902.5687122399277,1.0286751901112317,1.0213919682210788,240,0.26666666666666666
Gr-based,0,10000,290,256,320,4,4,0.8016821922262807,3947.6693858748163,1.0169229536672386,1.1108665006731646,218,0.29357798165137616
mVST-RS,0,10000,289,256,320,4,5,0.5169521901184453,3691.303256651789,1.017010501792846,1.0309940221614244,240,0.26666666666666666
Gr-based,0,10000,289,256,320,4,5,0.7878919582101389,3688.850533705633,1.0176867137920682,1.117701210797572,219,0.2922374429223744
mVST-RS,0,10000,295,256,320,4,6,0.5151430459466155,3521.37468314362,1.0287523299167338,1.0287394972989514,240,0.26666666666666666
Gr-based,0,10000,295,256,320,4,6,0.7933079429442387,3674.8505049149385,0.9857876952950095,1.1778654110067803,214,0.29906542056074764
mVST-RS,0,10000,289,256,320,4,7,0.6635832660281267,4017.6897752283485,1.0172949614910243,1.0344023632010946,242,0.2644628099173554
Gr-based,0,10000,289,256,320,4,7,0.8182648953397802,4067.740564295317,1.004777836878064,1.179228156597021,211,0.3033175355450237
mVST-RS,0,10000,288,256,320,4,8,0.49286250583236324,3555.165268225092,1.0246932396440023,1.0128257289489198,242,0.2644628099173554
Gr-based,0,10000,288,256,320,4,8,0.7785608323247288,3641.876803262065,1.0002957301862538,1.1202463809101295,223,0.28699551569506726
mVST-RS,0,10000,286,256,320,4,9,0.7045892180849478,3945.6228428548234,1.0325897235996961,1.045338801169563,239,0.26778242677824265
Gr-based,0,10000,286,256,320,4,9,0.8347891752941905,3987.876220748987,1.0216489618042628,1.1756792665607825,211,0.3033175355450237
mVST-RS,0,10000,289,256,320,4,10,0.6800234640036251,3933.7579766087524,1.0213803470725626,1.0369234444098883,243,0.26337448559670784
Gr-based,0,10000,289,256,320,4,10,0.810858970442041,3997.427803872437,1.0051121082301664,1.1448864356228257,216,0.2962962962962963
mVST-RS,1,10000,277,256,320,4,1,0.550741303041832,3673.273903731322,1.0160723942029004,1.029955809775746,239,0.26778242677824265
Gr-based,1,10000,277,256,320,4,1,0.7819371382602185,3649.2527970781666,1.0227606629268478,1.111730788198556,216,0.2962962962962963
mVST-RS,1,10000,290,256,320,4,2,0.5757278617675183,3790.4814486267987,1.0191699410050492,1.0274717962269246,242,0.2644628099173554
Gr-based,1,10000,290,256,320,4,2,0.8510544985433626,3886.4023303821978,0.9940156540606534,1.145350442531812,218,0.29357798165137616
mVST-RS,1,10000,285,256,320,4,3,0.635677523110644,3718.392508914788,1.0117158757850864,1.0140838461657031,249,0.2570281124497992
Gr-based,1,10000,285,256,320,4,3,0.8546869979263647,3708.6440888064794,1.0143752389246137,1.1125941048804777,228,0.2807017543859649
mVST-RS,1,10000,282,256,320,4,4,0.5928951912210323,3878.325080403946,1.0241010662089336,1.0232706839076917,241,0.26556016597510373
Gr-based,1,10000,282,256,320,4,4,0.8856133760609737,3873.7226216370595,1.0253178241936234,1.1510292025416362,210,0.3
mVST-RS,1,10000,291,256,320,4,5,0.6166517056008161,3873.4951358857443,1.0343921948150074,1.018335590130453,241,0.26556016597510373
Gr-based,1,10000,291,256,320,4,5,0.8517583397087947,3863.224507635533,1.037142192304635,1.144228701390397,215,0.29767441860465116
mVST-RS,1,10000,284,256,320,4,6,0.7566549109797052,3888.6353485495247,1.0322028498455174,1.0196564424667434,240,0.26666666666666666
Gr-based,1,10000,284,256,320,4,6,1.0388987708238346,3956.1943658929586,1.014576160207655,1.1326127986739098,215,0.29767441860465116
mVST-RS,1,10000,286,256,320,4,7,0.625372151574993,3964.723686857848,1.0159372482527878,1.0162726596070248,243,0.26337448559670784
Gr-based,1,10000,286,256,320,4,7,0.8208007762386842,4037.910703196635,0.9975234146015887,1.1487367571183411,214,0.29906542056074764
mVST-RS,1,10000,279,256,320,4,8,0.5676780978683382,3663.568390702808,1.0328837133550488,1.0099961029394664,245,0.2612244897959184
Gr-based,1,10000,279,256,320,4,8,0.753871915909258,3701.4742560954783,1.0223062114474661,1.1047951186371285,223,0.28699551569506726
mVST-RS,1,10000,285,256,320,4,9,0.5445283158896927,3814.5473348193746,1.008970995647059,1.0183959416363213,244,0.26229508196721313
Gr-based,1,10000,285,256,320,4,9,0.8315648485222482,3869.2028236712595,0.994718498293576,1.1761854770630553,208,0.3076923076923077
mVST-RS,1,10000,280,256,320,4,10,0.6122754951957177,3844.695409523926,1.0230510973285787,1.0326529315339332,242,0.2644628099173554
Gr-based,1,10000,280,256,320,4,10,0.8207368265648256,3953.753490679844,0.994831839384926,1.1580398797078666,220,0.2909090909090909
mVST-RS,2,10000,284,256,320,4,1,0.5230787267864798,3654.146624354759,1.022186959779169,1.0194910253708636,245,0.2612244897959184
Gr-based,2,10000,284,256,320,4,1,0.8144152828672304,3805.421411382832,0.9815525338044446,1.1737067256561886,219,0.2922374429223744
mVST-RS,2,10000,281,256,320,4,2,0.5523968890456672,3776.339637555879,1.0131115091397496,1.0172190151461193,246,0.2601626016260163
Gr-based,2,10000,281,256,320,4,2,0.7975775705599517,3851.8310090084433,0.9932557114475697,1.1345402969711504,221,0.2895927601809955
mVST-RS,2,10000,281,256,320,4,3,0.5840989530415754,3858.878156429349,1.0124284801012662,1.0239245777070662,246,0.2601626016260163
Gr-based,2,10000,281,256,320,4,3,0.8056987844038304,3882.0596224682613,1.006382829413044,1.1638607481069498,213,0.3004694835680751
mVST-RS,2,10000,276,256,320,4,4,0.5666043749470191,3789.7938536826364,1.0265207198177702,1.033779572908886,240,0.26666666666666666
Gr-based,2,10000,276,256,320,4,4,0.7778783077174012,3867.3988605208947,1.0059220822440025,1.1578310625010102,213,0.3004694835680751
mVST-RS,2,10000,274,256,320,4,5,0.6234485295917693,3674.3852045183785,1.0191218546772451,1.030936799271345,244,0.26229508196721313
Gr-based,2,10000,274,256,320,4,5,0.9171314860559505,3683.631354294,1.0165637937852476,1.132076331900342,221,0.2895927601809955
mVST-RS,2,10000,283,256,320,4,6,0.5599753201631756,3870.3602575533405,1.0116778994165816,1.0194324589966872,248,0.25806451612903225
Gr-based,2,10000,283,256,320,4,6,0.810095916616774,3931.625967317727,0.9959131331148203,1.153984245500082,215,0.29767441860465116
mVST-RS,2,10000,290,256,320,4,7,0.5744003139061533,3977.4179535410585,1.0140160807928846,1.014973965194133,245,0.2612244897959184
Gr-based,2,10000,290,256,320,4,7,0.7996654089902222,3994.0382542380726,1.0097964787005655,1.1594199652042676,212,0.3018867924528302
mVST-RS,2,10000,280,256,320,4,8,0.6910307029484102,3951.70525507707,1.022253859672115,1.0242692026684377,241,0.26556016597510373
Gr-based,2,10000,280,256,320,4,8,0.8071704164067341,3937.344237058998,1.025982415067302,1.136505457925876,212,0.3018867924528302
mVST-RS,2,10000,277,256,320,4,9,0.5429078627312265,3691.1518949553238,1.02249795361516,1.0296525452798613,240,0.26666666666666666
Gr-based,2,10000,277,256,320,4,9,0.7361578562176874,3659.325546695072,1.0313909519428277,1.1160660041470984,218,0.29357798165137616
mVST-RS,2,10000,283,256,320,4,10,0.5972271895061567,3904.1887639534475,1.0326836105561699,1.0296533429638355,240,0.26666666666666666
Gr-based,2,10000,283,256,320,4,10,0.7615016646650474,3907.0924084945623,1.0319161482555672,1.1355795122426555,215,0.29767441860465116
mVST-RS,3,10000,298,256,320,4,1,0.6656687359518401,3823.7337380618865,1.0332182284849025,1.0221799687464106,242,0.2644628099173554
Gr-based,3,10000,298,256,320,4,1,0.9010726176184107,3932.6727055925403,1.0045970500977637,1.172660196441412,214,0.29906542056074764
mVST-RS,3,10000,301,256,320,4,2,0.5535827212715958,3744.888045610232,1.021311272024186,1.034398700027145,242,0.2644628099173554
Gr-based,3,10000,301,256,320,4,2,0.8384958878796169,3736.323813132042,1.0236522755355704,1.151008851234174,214,0.29906542056074764
mVST-RS,3,10000,303,256,320,4,3,0.5471510420247796,3847.82452656002,1.0162114369097108,1.0124687314844185,246,0.2601626016260163
Gr-based,3,10000,303,256,320,4,3,0.8400176532686601,3872.8660090756825,1.009640736846771,1.151702000387733,211,0.3033175355450237
mVST-RS,3,10000,299,256,320,4,4,0.651638098532203,4008.0622908340683,1.0139333823901757,1.0278763154248454,246,0.2601626016260163
Gr-based,3,10000,299,256,320,4,4,0.8487104666673986,4062.1939606062792,1.0004219874250828,1.1415566860312423,221,0.2895927601809955
mVST-RS,3,10000,300,256,320,4,5,0.6549875613945915,3788.243297791064,1.0322085979115745,1.0377819766422935,234,0.27350427350427353
Gr-based,3,10000,300,256,320,4,5,0.8368359596115624,3849.81974835309,1.0156988011279224,1.127134770926642,216,0.2916666666666667
mVST-RS,3,10000,298,256,320,4,6,0.5909660427241761,3910.92020775703,1.0151437399184973,1.0359336555914034,241,0.26556016597510373
Gr-based,3,10000,298,256,320,4,6,0.8928448209844646,3925.472224593844,1.0113805267431426,1.1875756790234153,208,0.3076923076923077
mVST-RS,3,10000,295,256,320,4,7,0.7490563475566887,3718.477057791316,1.02238750435182,1.026157115058654,243,0.26337448559670784
Gr-based,3,10000,295,256,320,4,7,0.9606227908734581,3777.19579978685,1.0064938861044208,1.1752540104921798,214,0.29906542056074764
mVST-RS,3,10000,296,256,320,4,8,0.5041539655521774,3632.5166149152215,1.0156471469291966,1.0128118780963158,246,0.2601626016260163
Gr-based,3,10000,296,256,320,4,8,0.7233663424176484,3669.2871438339794,1.005469180113443,1.1152767256636849,223,0.28699551569506726
mVST-RS,3,10000,296,256,320,4,9,0.6615017436142807,3901.8290761836133,1.0363044248067035,1.0231923659364348,239,0.26778242677824265
Gr-based,3,10000,296,256,320,4,9,0.8626937339577125,3854.6211676495645,1.0489961427141046,1.14196766550749,207,0.30917874396135264
mVST-RS,3,10000,288,256,320,4,10,0.640765469703183,4052.5403614567485,1.0247313995628684,1.0298888424998047,240,0.26666666666666666
Gr-based,3,10000,288,256,320,4,10,0.9726575668646547,4137.9999708928635,1.0035682420472654,1.1318213678978297,219,0.2922374429223744
mVST-RS,4,10000,277,256,320,4,1,0.5618803888446564,3685.964703162037,1.0251013789458998,1.013007774974005,246,0.2601626016260163
Gr-based,4,10000,277,256,320,4,1,0.7128087249457167,3743.9321637250873,1.0092296907959597,1.1408979166924171,221,0.2895927601809955
mVST-RS,4,10000,275,256,320,4,2,0.5694019758066133,3797.421379423953,1.0244944285886182,1.0200807819634656,243,0.26337448559670784
Gr-based,4,10000,275,256,320,4,2,0.8371746560351312,3848.4319011279445,1.0109148729078172,1.103940111906066,226,0.2831858407079646
mVST-RS,4,10000,275,256,320,4,3,0.6088127387738496,3843.7547558855117,1.0290374723280817,1.015567506357125,245,0.2612244897959184
Gr-based,4,10000,275,256,320,4,3,0.783160077085995,3850.922323612529,1.027122166030854,1.1077297858252921,220,0.2909090909090909
mVST-RS,4,10000,288,256,320,4,4,0.5183811890055949,3559.9283235167964,1.025328596716591,1.0129979121817434,243,0.26337448559670784
Gr-based,4,10000,288,256,320,4,4,0.788029726334571,3719.770646620498,0.9812691854212369,1.1669881295405284,215,0.29767441860465116
mVST-RS,4,10000,269,256,320,4,5,0.49790939831291325,3535.5457612864598,1.0218108195190174,1.013066538946248,247,0.2591093117408907
Gr-based,4,10000,269,256,320,4,5,0.702440193239454,3619.6805909665777,0.9980601384561402,1.1295923543408193,223,0.28699551569506726
mVST-RS,4,10000,270,256,320,4,6,0.7697180135182862,3946.3095408320137,1.0521146968682151,1.0328578418868783,234,0.27350427350427353
Gr-based,4,10000,270,256,320,4,6,0.7924730444228771,3916.720867672677,1.0600628450624636,1.145699693889797,206,0.3106796116504854
mVST-RS,4,10000,279,256,320,4,7,0.48585330576497654,3520.0767475358693,1.0220123013042959,1.0260879870788877,243,0.26337448559670784
Gr-based,4,10000,279,256,320,4,7,0.7656812890363653,3570.939304720404,1.0074553025197819,1.143933768518959,217,0.29493087557603687
mVST-RS,4,10000,274,256,320,4,8,0.7674742484123271,4102.299542083603,1.028303446719372,1.0400032743049146,238,0.2689075630252101
Gr-based,4,10000,274,256,320,4,8,1.0126924312808114,4149.612400052927,1.0165789842314106,1.208492794036822,204,0.3137254901960784
mVST-RS,4,10000,287,256,320,4,9,0.6828111960894603,3814.755536005808,1.01826629354753,1.0234154547224397,242,0.2644628099173554
Gr-based,4,10000,287,256,320,4,9,1.1677131517644739,3969.662305192587,0.9785308375872296,1.1352040028043977,223,0.28699551569506726
mVST-RS,4,10000,272,256,320,4,10,0.6084598313154856,3750.488081219284,1.0222305922058177,1.005924219257598,248,0.25806451612903225
Gr-based,4,10000,272,256,320,4,10,0.8070618598612782,3764.532245212286,1.0184170044502976,1.1056208832787087,223,0.28699551569506726
mVST-RS,0,10000,276,256,640,4,1,0.4354712261994109,2832.552410374836,1.0050842225039753,1.016374991573218,252,0.25396825396825395
Gr-based,0,10000,276,256,640,4,1,0.5759887922274629,2854.9792820586317,0.9971889305727322,1.06307407883718,240,0.26666666666666666
mVST-RS,0,10000,275,256,640,4,2,0.4185439053985647,2766.122923436005,1.0187346237567234,1.0125099467113818,245,0.2612244897959184
Gr-based,0,10000,275,256,640,4,2,0.5771375178526341,2782.754280395471,1.0126460735408354,1.0520601658253412,235,0.2723404255319149
mVST-RS,0,10000,268,256,640,4,3,0.6390376442520846,2760.7254832873637,1.0045244817650898,1.001042109709412,254,0.25196850393700787
Gr-based,0,10000,268,256,640,4,3,0.7923013277056725,2779.349386768292,0.9977933499823471,1.0318486901338106,244,0.26229508196721313
mVST-RS,0,10000,277,256,640,4,4,0.3989575413638704,2698.6343205398553,1.0033252982691265,1.00218160292063,253,0.25296442687747034
Gr-based,0,10000,277,256,640,4,4,0.5868041821504448,2689.603414131155,1.0066941729584369,1.043948796465393,240,0.26666666666666666
mVST-RS,0,10000,285,256,640,4,5,0.43851988874348535,2726.4579671691135,1.0154943618274221,1.014579762481083,249,0.2570281124497992
Gr-based,0,10000,285,256,640,4,5,0.5975836497264027,2746.8982106920525,1.0079378561035734,1.0497210708584301,240,0.26666666666666666
mVST-RS,0,10000,281,256,640,4,6,0.40703099032771206,2739.125831081077,1.004639616291833,1.0072567694029795,253,0.25296442687747034
Gr-based,0,10000,281,256,640,4,6,0.5829099628067524,2747.9799965151174,1.0014026038770705,1.0425528196064027,244,0.26229508196721313
mVST-RS,0,10000,279,256,640,4,7,0.4204892386906067,2865.0258453322213,1.004972126569333,1.0019875950371744,253,0.25296442687747034
Gr-based,0,10000,279,256,640,4,7,0.5506406415179299,2915.650437517468,0.9875227425792442,1.0463762071045721,246,0.2601626016260163
mVST-RS,0,10000,278,256,640,4,8,0.42787424178186484,2889.1010805303354,1.0063195043597368,1.010236288076396,252,0.25396825396825395
Gr-based,0,10000,278,256,640,4,8,0.559380825045082,2892.2636718572858,1.0052191284266583,1.0302635903261208,246,0.2601626016260163
mVST-RS,0,10000,272,256,640,4,9,0.5621835576703234,2789.3489433429654,1.013635850391047,1.009191734020694,247,0.2591093117408907
Gr-based,0,10000,272,256,640,4,9,0.6503519995330862,2786.871419866952,1.0145369707648002,1.054993851795917,236,0.2711864406779661
mVST-RS,0,10000,281,256,640,4,10,0.4279610870180477,2898.5989832329838,0.9999999999999996,1.0,256,0.25
Gr-based,0,10000,281,256,640,4,10,0.6002659832738573,2937.1633815156656,0.9868701896103639,1.059433235555662,240,0.26666666666666666
mVST-RS,1,10000,269,256,640,4,1,0.44175882130457467,2756.111455941547,1.0170005000903724,1.0037573572111262,249,0.2570281124497992
Gr-based,1,10000,269,256,640,4,1,0.6158562821865416,2786.1861687705264,1.0060227706299452,1.0738248042150915,232,0.27155172413793105
mVST-RS,1,10000,279,256,640,4,2,0.4752866090175303,2954.961045130117,1.0040671537008454,1.0050647682747316,253,0.25296442687747034
Gr-based,1,10000,279,256,640,4,2,0.61599286605815,2996.5361905409545,0.9901363231475117,1.063751285614502,239,0.26778242677824265
mVST-RS,1,10000,278,256,640,4,3,0.4760247935255393,2943.886714380743,1.0080861479923768,1.0004080569100888,252,0.25396825396825395
Gr-based,1,10000,278,256,640,4,3,0.6109132092396976,2926.8275739613587,1.0139618214712087,1.0541655117012567,236,0.2711864406779661
mVST-RS,1,10000,267,256,640,4,4,0.435220559267691,2733.9923818929433,1.007865588479425,1.0039245607451113,253,0.25296442687747034
Gr-based,1,10000,267,256,640,4,4,0.5871815641767171,2773.5262529154147,0.9934994622741837,1.072285867790345,238,0.2689075630252101
mVST-RS,1,10000,278,256,640,4,5,0.5348048074356484,2854.7920594509833,1.004062284457664,1.0013873102953432,255,0.25098039215686274
Gr-based,1,10000,278,256,640,4,5,0.679275805470752,2851.530097094985,1.0052108654873066,1.07620306904509,238,0.2689075630252101
mVST-RS,1,10000,267,256,640,4,6,0.3993041328067193,2648.205836682693,1.0111461629158862,1.0081932943870926,252,0.25396825396825395
Gr-based,1,10000,267,256,640,4,6,0.5661650170004577,2676.7264088266356,1.0003723808093485,1.0522048163825164,241,0.26556016597510373
mVST-RS,1,10000,279,256,640,4,7,0.469338105083807,2941.761337841836,1.0102607416736344,1.0122128424688452,248,0.25806451612903225
Gr-based,1,10000,279,256,640,4,7,0.6505908239323617,2990.4656574968767,0.9938070960769829,1.0858842966469675,234,0.27350427350427353
mVST-RS,1,10000,275,256,640,4,8,0.40593121383608377,2706.223617522304,1.0066100057275136,1.0106487553780608,251,0.2549800796812749
Gr-based,1,10000,275,256,640,4,8,0.5836134092205612,2736.2011623469325,0.9955816877138872,1.0611131102515332,240,0.26666666666666666
mVST-RS,1,10000,276,256,640,4,9,0.4830683369364124,2574.557489550996,1.0001059845974718,1.0019211578713612,255,0.25098039215686274
Gr-based,1,10000,276,256,640,4,9,0.5717290333886922,2612.1101856101254,0.9857280780782898,1.0623406592945055,241,0.26556016597510373
mVST-RS,1,10000,273,256,640,4,10,0.3961244129077386,2686.541220126012,0.9999999999999997,1.0,256,0.25
Gr-based,1,10000,273,256,640,4,10,0.5635324220893381,2729.944879814621,0.9841009025458576,1.0674918379391365,244,0.26229508196721313
mVST-RS,2,10000,275,256,640,4,1,0.40257346120051807,2703.3842360156323,1.0081413334839677,1.0079595542710011,253,0.25296442687747034
Gr-based,2,10000,275,256,640,4,1,0.5732736943409691,2712.0592091996004,1.0049166254820343,1.0708586852398796,239,0.26778242677824265
mVST-RS,2,10000,273,256,640,4,2,0.4231688089803356,2845.528330195798,1.0044599911318632,1.0033221351964583,254,0.25196850393700787
Gr-based,2,10000,273,256,640,4,2,0.5793662824144121,2850.064956310144,1.002861129528202,1.0526403720247308,239,0.26778242677824265
mVST-RS,2,10000,271,256,640,4,3,0.3981790922462096,2637.512769148075,1.0044607200098064,1.0,252,0.25396825396825395
Gr-based,2,10000,271,256,640,4,3,0.5556433218771417,2657.9421620390704,0.9967402650707456,1.0367937078427414,244,0.26229508196721313
mVST-RS,2,10000,271,256,640,4,4,0.4220785065135715,2758.354759273184,1.0060736753526995,1.006208849942705,252,0.25396825396825395
Gr-based,2,10000,271,256,640,4,4,0.5868124719236221,2796.7825100858104,0.9922502377574713,1.073021062246259,238,0.2689075630252101
mVST-RS,2,10000,267,256,640,4,5,0.4527644812442304,2851.597905719357,1.0131887834963724,1.0129070036031462,249,0.2570281124497992
Gr-based,2,10000,267,256,640,4,5,0.5815488611024193,2878.077543294679,1.0038669805293639,1.0616157269982893,240,0.26666666666666666
mVST-RS,2,10000,276,256,640,4,6,0.4691975737005123,2798.050846355895,1.0094134130723629,1.0042275395924727,253,0.25296442687747034
Gr-based,2,10000,276,256,640,4,6,0.5926930786718003,2807.7075218073865,1.0059416918725181,1.0835823564626896,235,0.2723404255319149
mVST-RS,2,10000,272,256,640,4,7,0.41255790011382487,2703.4370053127477,1.0087677774631343,1.0035047427410746,252,0.25396825396825395
Gr-based,2,10000,272,256,640,4,7,0.5899752175282629,2743.5837847001085,0.994006508774809,1.0700143990195197,239,0.26778242677824265
mVST-RS,2,10000,272,256,640,4,8,0.5221439562446903,2831.3109200006706,1.0086393676673342,1.0014505023158402,253,0.25296442687747034
Gr-based,2,10000,272,256,640,4,8,0.7385334681785025,2837.9997840299443,1.0062621118187383,1.0587700862163134,236,0.2711864406779661
mVST-RS,2,10000,277,256,640,4,9,0.4026547799221589,2702.2884496687116,1.0058021985062096,1.016521388372217,252,0.25396825396825395
Gr-based,2,10000,277,256,640,4,9,0.5603534916881472,2708.8763406707726,1.0033561233000776,1.0430794945907227,245,0.2612244897959184
mVST-RS,2,10000,271,256,640,4,10,0.4266228808774031,2780.484075480672,1.0044328600136156,1.0090630037128385,253,0.25296442687747034
Gr-based,2,10000,271,256,640,4,10,0.5990015955831041,2810.334775667032,0.9937640157103679,1.087866618987854,236,0.2711864406779661
mVST-RS,3,10000,290,256,640,4,1,0.4506012453639414,2886.589818796352,1.00104904238361,1.0002773857267686,254,0.25196850393700787
Gr-based,3,10000,290,256,640,4,1,0.6308256376614736,2911.646429516284,0.9924343644775657,1.0678318057410063,237,0.270042194092827
mVST-RS,3,10000,288,256,640,4,2,0.44097326666815206,2827.578253288616,1.0036665957323894,1.0016005522610651,253,0.25296442687747034
Gr-based,3,10000,288,256,640,4,2,0.5882975254644407,2850.9471513976696,0.9954396517851357,1.0596884902022343,240,0.26666666666666666
mVST-RS,3,10000,291,256,640,4,3,0.43886411168205086,2866.2100454450974,1.0049737561022767,1.004864503262025,253,0.25296442687747034
Gr-based,3,10000,291,256,640,4,3,0.617696611694555,2898.141506655121,0.9939010460788422,1.0610560177855044,240,0.26666666666666666
mVST-RS,3,10000,292,256,640,4,4,0.5285262916077045,2728.2655630418317,1.0046429088127398,1.0086170632848195,252,0.25396825396825395
Gr-based,3,10000,292,256,640,4,4,0.7315830860243295,2785.2201427208724,0.9840991055702926,1.0810538174151507,239,0.26778242677824265
mVST-RS,3,10000,293,256,640,4,5,0.45280948287108913,2836.019541536077,1.0138592907667916,1.0132044955596715,249,0.2570281124497992
Gr-based,3,10000,293,256,640,4,5,0.6440936160070123,2852.492364466089,1.008004367268732,1.0513876363946562,238,0.2689075630252101
mVST-RS,3,10000,292,256,640,4,6,0.4641060743488197,2826.6453240841834,1.0232634215941476,1.0061082120726257,249,0.2570281124497992
Gr-based,3,10000,292,256,640,4,6,0.6282317283548764,2809.2521040283546,1.0295988607814481,1.0326545033730774,240,0.26666666666666666
mVST-RS,3,10000,284,256,640,4,7,0.4125101352328784,2761.522773357318,1.0039292927939856,1.0051066821420114,253,0.25296442687747034
Gr-based,3,10000,284,256,640,4,7,0.5811627945549844,2779.2800472290396,0.9975150246752472,1.0398514306549937,243,0.26337448559670784
mVST-RS,3,10000,289,256,640,4,8,0.45420611216832185,2850.48626370861,1.007608568921026,1.004976870995486,250,0.256
Gr-based,3,10000,289,256,640,4,8,0.6359897712100064,2832.9359115351363,1.0138508157595685,1.0484409502420184,236,0.2711864406779661
mVST-RS,3,10000,286,256,640,4,9,0.3948805522704788,2683.081788856316,1.0036281817138553,1.0037124671456172,252,0.25396825396825395
Gr-based,3,10000,286,256,640,4,9,0.5879848826116358,2708.8575516990927,0.994078295276321,1.0399666885603778,245,0.2612244897959184
mVST-RS,3,10000,283,256,640,4,10,0.5147021089978807,2872.7931350953454,1.0040820455041461,1.0063816795350742,253,0.25296442687747034
Gr-based,3,10000,283,256,640,4,10,0.7803715554982773,2945.842553058825,0.9791833594099089,1.0976818536475077,236,0.2711864406779661
mVST-RS,4,10000,268,256,640,4,1,0.42408857898408314,2713.4128559038477,1.0100195503267706,1.0146033169552018,250,0.256
Gr-based,4,10000,268,256,640,4,1,0.5714073112612823,2697.726554015099,1.0158924478435274,1.0622944867770916,236,0.2711864406779661
mVST-RS,4,10000,264,256,640,4,2,0.42419989878544584,2735.9058513657396,1.005034870998062,1.0017419846726967,254,0.25196850393700787
Gr-based,4,10000,264,256,640,4,2,0.5635529491446505,2752.544257202735,0.9989596996287952,1.0514447766255273,242,0.2644628099173554
mVST-RS,4,10000,261,256,640,4,3,0.5082708244990499,2999.624044840068,1.0122845405544751,1.0061015493293484,250,0.256
Gr-based,4,10000,261,256,640,4,3,0.6219532125251135,3008.845720700171,1.009182035215978,1.0714454709309909,232,0.27586206896551724
mVST-RS,4,10000,270,256,640,4,4,0.41871522736619227,2789.697909127405,1.0104857160792708,1.0083600220506417,249,0.2570281124497992
Gr-based,4,10000,270,256,640,4,4,0.5612097067714785,2823.76838803112,0.9982935928094906,1.0601133887334133,240,0.26666666666666666
mVST-RS,4,10000,261,256,640,4,5,0.43523871781872003,2806.8161292854,1.0101096904768254,1.0171406583285572,247,0.2591093117408907
Gr-based,4,10000,261,256,640,4,5,0.5808165978633042,2846.2412113186692,0.9961180241165458,1.0520707435687802,239,0.26778242677824265
mVST-RS,4,10000,277,256,640,4,6,0.453597800762509,2596.4528656053435,1.0017451251782445,1.000981346342504,254,0.25196850393700787
Gr-based,4,10000,277,256,640,4,6,0.652156011939951,2639.0089455884704,0.9855912027972477,1.0540657665510254,245,0.2612244897959184
mVST-RS,4,10000,275,256,640,4,7,0.5647727299619874,2744.276675522966,1.0084191665226334,1.006603363185579,252,0.25396825396825395
Gr-based,4,10000,275,256,640,4,7,0.5689997244626284,2771.812520279112,0.9984012907047938,1.051980216637358,242,0.2644628099173554
mVST-RS,4,10000,276,256,640,4,8,0.4086163106439926,2702.284794059876,1.0067084516341642,1.00158628412557,253,0.25296442687747034
Gr-based,4,10000,276,256,640,4,8,0.5602733572231955,2702.805165639103,1.0065146298694814,1.0230204313515325,245,0.2612244897959184
mVST-RS,4,10000,273,256,640,4,9,0.4360799323549145,2765.418139030128,1.00111089397161,1.0035274463738495,255,0.25098039215686274
Gr-based,4,10000,273,256,640,4,9,0.5683270686349715,2797.40271447124,0.9896645238270788,1.0701881206019908,239,0.26778242677824265
mVST-RS,4,10000,269,256,640,4,10,0.43331391158062615,2809.663245841947,1.0039578681014583,1.008386351318303,253,0.25296442687747034
Gr-based,4,10000,269,256,640,4,10,0.6216441224314622,2886.681600251165,0.9771716846544742,1.0894955674635096,236,0.2711864406779661
