VST-NCA,N/A,Quito,369,2,False,0,5,5,N/A,35,0.9297084957377199,0.130123353754357,0.0048958103597969245,2.0,2.0,0,2.7156073361857946,1.0,4.0,0.9956857691603109
VST-CA,mixed,Quito,369,2,False,0,5,5,N/A,35,0.9297084957377199,0.130123353754357,0.0048958103597969245,2.0,2.0,2,2.790132521412209,1.0,4.0,0.9956857691603109
VST-CA,pure,Quito,369,2,False,0,5,5,N/A,35,0.6033247385814849,0.12864570232950387,0.003671857769847693,1.5,1.5,3,2.967780137064981,1.0,4.0,0.9774871458047962
VST-NCA,N/A,Quito,250,2,False,1,4,5,N/A,16,0.803479038677358,0.18670154754370158,0.007925382461733526,1.0,2.0,0,2.7237253631795646,1.0,4.0,1.1254482096103426
VST-CA,mixed,Quito,250,2,False,1,4,5,N/A,16,0.8136270110037834,0.19465658664149366,0.007427363393134126,1.0,1.5,3,2.979920268461356,1.0,4.0,1.168529149140246
VST-CA,pure,Quito,250,2,False,1,4,5,N/A,16,0.8136270110037834,0.19465658664149366,0.007427363393134126,1.0,1.5,3,2.995786047257063,1.0,4.0,1.168529149140246
VST-NCA,N/A,Quito,271,2,False,2,5,5,N/A,12,1.7740917259977644,0.12521028178961185,0.004684819454495684,1.5,2.0,0,2.8033834783841023,1.0,4.0,1.2023550076516474
VST-CA,mixed,Quito,271,2,False,2,5,5,N/A,12,1.7740917259977644,0.12521028178961185,0.004684819454495684,1.5,2.0,2,3.0105291579871043,1.0,4.0,1.2023550076516474
VST-CA,pure,Quito,271,2,False,2,5,5,N/A,12,1.7740917259977644,0.12521028178961185,0.004684819454495684,1.5,2.0,2,3.158324224484666,1.0,4.0,1.2023550076516474
VST-NCA,N/A,Quito,430,2,False,3,4,5,N/A,8,0.8946936739035855,0.1404117387051676,0.006432909857452534,0.5,2.0,0,2.9575813845528884,1.0,4.0,1.1263568451903472
VST-CA,mixed,Quito,430,2,False,3,4,5,N/A,8,0.6005943170265559,0.13063320327341765,0.006432909857452534,0.5,1.5,3,3.4286618262461985,1.0,4.0,1.0583490789875172
VST-CA,pure,Quito,430,2,False,3,4,5,N/A,8,0.6005943170265559,0.13063320327341765,0.006432909857452534,0.5,1.5,3,4.144166527517406,1.0,4.0,1.0583490789875172
VST-NCA,N/A,Quito,286,1,False,4,2,5,N/A,4,1.596412409465262,0.18270816114598387,0.011618076405471578,2.0,3.0,0,2.6504448236673,1.0,4.0,0.7941728219231677
VST-CA,mixed,Quito,286,1,False,4,2,5,N/A,4,1.596412409465262,0.18270816114598387,0.011618076405471578,2.0,3.0,2,3.8642921684428444,1.0,4.0,0.7941728219231677
VST-CA,pure,Quito,286,1,False,4,2,5,N/A,4,1.596412409465262,0.18270816114598387,0.011618076405471578,2.0,3.0,2,2.8400494068688857,1.0,4.0,0.7941728219231677
VST-NCA,N/A,Quito,127,1,False,5,2,5,N/A,2,1.3357682846119947,0.320798218020836,0.0272822930912012,1.0,2.0,0,2.595801205644449,1.0,4.0,1.1389057093433372
VST-CA,mixed,Quito,127,1,False,5,2,5,N/A,2,1.3357682846119947,0.320798218020836,0.0272822930912012,1.0,2.0,2,2.623341705973857,1.0,4.0,1.1389057093433372
VST-CA,pure,Quito,127,1,False,5,2,5,N/A,2,1.3357682846119947,0.320798218020836,0.0272822930912012,1.0,2.0,2,2.618204433749355,1.0,4.0,1.1389057093433372
VST-NCA,N/A,Quito,190,1,False,6,1,5,N/A,1,0.429088597372492,0.13196262208521894,0.015031309452528157,1.0,2.0,0,0.05963088537220074,1.0,4.0,0.6631160726595278
VST-CA,mixed,Quito,190,1,False,6,1,5,N/A,1,0.2819782007663755,0.1835982042205777,0.015031309452528157,1.0,1.0,4,0.2923006839827451,1.0,4.0,0.7283846722688454
VST-CA,pure,Quito,190,1,False,6,1,5,N/A,1,0.2819782007663755,0.1835982042205777,0.015031309452528157,1.0,1.0,4,0.29137302225480255,1.0,4.0,0.7283846722688454
VST-NCA,N/A,Quito,57,1,False,7,1,5,N/A,1,0.37637765233011916,0.3266171697824747,0.048796031455769565,1.0,2.0,0,0.024976206463549033,1.0,4.0,0.9992889743797904
VST-CA,mixed,Quito,57,1,False,7,1,5,N/A,1,0.37637765233011916,0.3266171697824747,0.048796031455769565,1.0,2.0,2,0.05450782413586808,1.0,4.0,0.9992889743797904
VST-CA,pure,Quito,57,1,False,7,1,5,N/A,1,0.37637765233011916,0.3266171697824747,0.048796031455769565,1.0,2.0,2,0.05398004382510635,1.0,4.0,0.9992889743797904
VST-NCA,N/A,Quito,341,3,False,8,8,5,N/A,76,0.7390227167558696,0.12941271823016326,0.0085213487340984,0.6666666666666666,1.3333333333333333,0,2.9654866414737313,1.0,4.0,1.2720441039879842
VST-CA,mixed,Quito,341,3,False,8,8,5,N/A,76,0.6699561630403397,0.12195493283957211,0.0085213487340984,0.6666666666666666,1.3333333333333333,3,3.3889571147904434,1.0,4.0,1.2598218182661747
VST-CA,pure,Quito,341,3,False,8,8,5,N/A,76,0.6699561630403397,0.12195493283957211,0.0085213487340984,0.6666666666666666,1.3333333333333333,3,3.7700871330949752,1.0,4.0,1.2598218182661747
VST-NCA,N/A,Quito,85,1,False,9,1,5,N/A,1,0.16716008113585712,0.15265330938954774,0.01755971051731468,1.0,1.0,0,0.010441523560047017,1.0,4.0,0.7101234912653349
VST-CA,mixed,Quito,85,1,False,9,1,5,N/A,1,0.16716008113585712,0.15265330938954774,0.01755971051731468,1.0,1.0,2,0.02763602974991386,1.0,4.0,0.7101234912653349
VST-CA,pure,Quito,85,1,False,9,1,5,N/A,1,0.16716008113585712,0.15265330938954774,0.01755971051731468,1.0,1.0,2,0.027938802747925706,1.0,4.0,0.7101234912653349
VST-NCA,N/A,Quito,317,3,False,10,7,5,N/A,18,1.2630025185864562,0.22341356633266723,0.0073860795300109494,1.0,1.6666666666666667,0,2.8974033761360403,1.0,4.0,1.672325843025677
VST-CA,mixed,Quito,317,3,False,10,7,5,N/A,18,1.1489195439498794,0.21719234026635081,0.0073860795300109494,1.0,1.6666666666666667,3,3.659814601869286,1.0,4.0,1.6408167382167504
VST-CA,pure,Quito,317,3,False,10,7,5,N/A,18,1.1489195439498794,0.21719234026635081,0.0073860795300109494,1.0,1.6666666666666667,3,4.0588938877355645,1.0,4.0,1.6408167382167504
VST-NCA,N/A,Quito,339,1,False,11,1,5,N/A,1,0.23912851697158044,0.08830758497008627,0.005422756472510764,1.0,1.0,0,0.12125723033366853,1.0,4.0,0.46154834905169007
VST-CA,mixed,Quito,339,1,False,11,1,5,N/A,1,0.23912851697158044,0.08830758497008627,0.005422756472510764,1.0,1.0,2,0.3131221501540864,1.0,4.0,0.46154834905169007
VST-CA,pure,Quito,339,1,False,11,1,5,N/A,1,0.23912851697158044,0.08830758497008627,0.005422756472510764,1.0,1.0,2,0.29531893997081227,1.0,4.0,0.46154834905169007
VST-NCA,N/A,Quito,205,1,False,12,2,5,N/A,6,1.3262607253180898,0.20371057447293545,0.024721966870320595,2.0,2.0,0,3.6680332900292996,1.0,4.0,0.7888730211408737
VST-CA,mixed,Quito,205,1,False,12,2,5,N/A,6,1.3262607253180898,0.20371057447293545,0.024721966870320595,2.0,2.0,2,2.741062768750524,1.0,4.0,0.7888730211408737
VST-CA,pure,Quito,205,1,False,12,2,5,N/A,6,1.3262607253180898,0.20371057447293545,0.024721966870320595,2.0,2.0,2,2.6746836377445504,1.0,4.0,0.7888730211408737
VST-NCA,N/A,Quito,359,2,False,13,4,5,N/A,23,0.5022135942927218,0.08973898498182976,0.0059034610698677666,1.5,1.5,0,2.758948086865473,1.0,4.0,0.7550741033043584
VST-NCA,N/A,Quito,287,2,False,13,6,5,N/A,35,1.8882007441799353,0.2415411988751125,0.011101195783481621,2.0,2.0,0,2.750721108962381,1.0,4.0,1.28942844686209
VST-CA,mixed,Quito,287,2,False,13,6,5,N/A,35,1.8882007441799353,0.2415411988751125,0.011101195783481621,2.0,2.0,2,3.311539203971506,1.0,4.0,1.28942844686209
VST-CA,pure,Quito,287,2,False,13,6,5,N/A,35,1.8882007441799353,0.2415411988751125,0.011101195783481621,2.0,2.0,2,3.122965706911799,1.0,4.0,1.28942844686209
VST-NCA,N/A,Quito,314,3,False,14,7,5,N/A,38,1.1324580758149436,0.17569414260761199,0.011414104053323972,1.3333333333333333,1.6666666666666667,0,3.0944900446106374,1.0,4.0,1.3695196897953237
VST-CA,mixed,Quito,314,3,False,14,7,5,N/A,38,0.9437630498956077,0.1755630783648791,0.008560578039992979,1.0,1.3333333333333333,3,4.196851397670429,1.0,4.0,1.36145162376855
VST-CA,pure,Quito,314,3,False,14,7,5,N/A,38,0.9437630498956077,0.1755630783648791,0.008560578039992979,1.0,1.3333333333333333,3,4.147831383467349,1.0,4.0,1.36145162376855
VST-NCA,N/A,Quito,303,3,False,15,8,5,N/A,76,0.7357373890866896,0.15509630233043406,0.008374355263264003,1.0,1.3333333333333333,0,2.921626400226444,1.0,4.0,1.3417010038014343
VST-CA,mixed,Quito,303,3,False,15,8,5,N/A,76,0.7357373890866896,0.15509630233043406,0.008374355263264003,1.0,1.3333333333333333,2,3.1491601108614873,1.0,4.0,1.3417010038014343
VST-CA,pure,Quito,303,3,False,15,8,5,N/A,76,0.7357373890866896,0.15509630233043406,0.008374355263264003,1.0,1.3333333333333333,2,3.321103593761535,1.0,4.0,1.3417010038014343
VST-NCA,N/A,Quito,389,2,False,16,4,5,N/A,45,0.34047579547055623,0.09088703584543494,0.00491985775444275,0.5,1.5,0,4.234990531929128,1.0,4.0,0.7897728226128263
VST-CA,mixed,Quito,389,2,False,16,4,5,N/A,45,0.34047579547055623,0.09088703584543494,0.00491985775444275,0.5,1.5,2,3.14000152373373,1.0,4.0,0.7897728226128263
VST-CA,pure,Quito,389,2,False,16,4,5,N/A,45,0.34047579547055623,0.09088703584543494,0.00491985775444275,0.5,1.5,2,3.167325701243186,1.0,4.0,0.7897728226128263
VST-NCA,N/A,Quito,79,1,False,17,2,5,N/A,3,1.213064654027017,0.45135773242523636,0.033503278910077254,2.0,2.0,0,3.002697324505135,1.0,4.0,1.3076269455281704
VST-CA,mixed,Quito,79,1,False,17,2,5,N/A,3,1.213064654027017,0.45135773242523636,0.033503278910077254,2.0,2.0,2,2.709875176206367,1.0,4.0,1.3076269455281704
VST-CA,pure,Quito,79,1,False,17,2,5,N/A,3,1.213064654027017,0.45135773242523636,0.033503278910077254,2.0,2.0,2,2.560165968551871,1.0,4.0,1.3076269455281704
VST-NCA,N/A,Quito,315,1,False,18,2,5,N/A,12,0.4301557981476023,0.09116944272018258,0.007298838584180006,1.0,2.0,0,2.5044948171342014,1.0,4.0,0.5417508891405632
VST-CA,mixed,Quito,315,1,False,18,2,5,N/A,12,0.4301557981476023,0.09116944272018258,0.007298838584180006,1.0,2.0,2,2.5863777414871265,1.0,4.0,0.5417508891405632
VST-CA,pure,Quito,315,1,False,18,2,5,N/A,12,0.4301557981476023,0.09116944272018258,0.007298838584180006,1.0,2.0,2,2.5530284997420267,1.0,4.0,0.5417508891405632
VST-NCA,N/A,Quito,160,1,False,19,2,5,N/A,5,1.4975400777820804,0.2676826506044222,0.03105962310349062,2.0,2.0,0,2.5329148197316442,1.0,4.0,0.9394387138850504
VST-CA,mixed,Quito,160,1,False,19,2,5,N/A,5,1.4975400777820804,0.2676826506044222,0.03105962310349062,2.0,2.0,2,2.5060469728424266,1.0,4.0,0.9394387138850504
VST-CA,pure,Quito,160,1,False,19,2,5,N/A,5,1.4975400777820804,0.2676826506044222,0.03105962310349062,2.0,2.0,2,2.5150741083295713,1.0,4.0,0.9394387138850504
VST-NCA,N/A,Quito,244,1,False,20,2,5,N/A,4,2.932489339198533,0.2131170303151314,0.011229647462535294,1.0,3.0,0,2.6523360693433062,1.0,4.0,0.858893469762834
VST-CA,mixed,Quito,244,1,False,20,2,5,N/A,4,2.932489339198533,0.2131170303151314,0.011229647462535294,1.0,3.0,2,2.6611583297509753,1.0,4.0,0.858893469762834
VST-CA,pure,Quito,244,1,False,20,2,5,N/A,4,2.932489339198533,0.2131170303151314,0.011229647462535294,1.0,3.0,2,2.7912200567570835,1.0,4.0,0.858893469762834
VST-NCA,N/A,Quito,283,2,False,21,5,5,N/A,33,1.0749059527852722,0.15606676821349297,0.014952929978846376,1.0,1.5,0,4.139174128422326,1.0,4.0,1.096481431172524
VST-CA,mixed,Quito,283,2,False,21,5,5,N/A,33,1.0749059527852722,0.15606676821349297,0.014952929978846376,1.0,1.5,2,2.855066079121258,1.0,4.0,1.096481431172524
VST-CA,pure,Quito,283,2,False,21,5,5,N/A,33,1.0749059527852722,0.15606676821349297,0.014952929978846376,1.0,1.5,2,2.9385402393998845,1.0,4.0,1.096481431172524
VST-NCA,N/A,Quito,230,1,False,22,3,5,N/A,13,2.3217826282321177,0.27398927186332417,0.03653064205224403,2.0,3.0,0,2.7217141136034684,1.0,4.0,0.8744024872717968
VST-CA,mixed,Quito,230,1,False,22,3,5,N/A,13,2.3217826282321177,0.27398927186332417,0.03653064205224403,2.0,3.0,2,2.6597174934501595,1.0,4.0,0.8744024872717968
VST-CA,pure,Quito,230,1,False,22,3,5,N/A,13,2.3217826282321177,0.27398927186332417,0.03653064205224403,2.0,3.0,2,2.659516171117673,1.0,4.0,0.8744024872717968
VST-NCA,N/A,Quito,129,1,False,23,3,5,N/A,8,0.37582354327372564,0.25647947033925583,0.026494612129499506,1.0,2.0,0,2.659620779780596,1.0,4.0,0.9219085499404481
VST-NCA,N/A,Quito,239,2,False,23,4,5,N/A,12,2.074692750924967,0.26666791060288236,0.029249878304040494,1.5,2.0,0,2.785223809247441,1.0,4.0,1.3988970583339757
VST-CA,mixed,Quito,239,2,False,23,4,5,N/A,12,0.9007152567240937,0.26034438257538417,0.01949991886936033,1.0,1.5,3,3.0941406911514377,1.0,4.0,1.3742879656294187
VST-CA,pure,Quito,239,2,False,23,4,5,N/A,12,0.9115877039818008,0.2596446688917619,0.01949991886936033,1.0,1.5,4,3.3407194944362004,1.0,4.0,1.3610747708575233
VST-NCA,N/A,Quito,251,1,False,24,3,5,N/A,13,2.4034063648700927,0.2885278128641533,0.016999312313157995,2.0,2.0,0,2.7280593198226484,1.0,4.0,0.9751564172957013
VST-CA,mixed,Quito,251,1,False,24,3,5,N/A,13,2.4034063648700927,0.2885278128641533,0.016999312313157995,2.0,2.0,2,2.816658515085919,1.0,4.0,0.9751564172957013
VST-CA,pure,Quito,251,1,False,24,3,5,N/A,13,2.4034063648700927,0.2885278128641533,0.016999312313157995,2.0,2.0,2,2.935615539083983,1.0,4.0,0.9751564172957013
VST-NCA,N/A,Quito,236,2,False,25,6,5,N/A,23,1.0578139544368872,0.19391112963561702,0.008387878822610318,1.0,2.5,0,2.8144558119191743,1.0,4.0,1.3699847825198115
VST-CA,mixed,Quito,236,2,False,25,6,5,N/A,23,1.0578139544368872,0.19391112963561702,0.008387878822610318,1.0,2.5,2,2.896630061529663,1.0,4.0,1.3699847825198115
VST-CA,pure,Quito,236,2,False,25,6,5,N/A,23,1.0578139544368872,0.19391112963561702,0.008387878822610318,1.0,2.5,2,4.404430907162407,1.0,4.0,1.3699847825198115
VST-NCA,N/A,Quito,93,1,False,26,1,5,N/A,1,0.3284426387802997,0.23826173089837313,0.03346977338420904,1.0,2.0,0,0.02710903893853356,1.0,4.0,0.8674182965051893
VST-CA,mixed,Quito,93,1,False,26,1,5,N/A,1,0.3284426387802997,0.23826173089837313,0.03346977338420904,1.0,2.0,2,0.08223622530891816,1.0,4.0,0.8674182965051893
VST-CA,pure,Quito,93,1,False,26,1,5,N/A,1,0.3284426387802997,0.23826173089837313,0.03346977338420904,1.0,2.0,2,0.09047859844918094,1.0,4.0,0.8674182965051893
VST-NCA,N/A,Quito,111,1,False,27,1,5,N/A,2,0.11651869936286544,0.08474608205099902,0.013963535044209175,1.0,2.0,0,0.014418626500116716,1.0,4.0,0.5634598584399723
VST-CA,mixed,Quito,111,1,False,27,1,5,N/A,2,0.11651869936286544,0.08474608205099902,0.013963535044209175,1.0,2.0,2,0.04643558810397508,1.0,4.0,0.5634598584399723
VST-CA,pure,Quito,111,1,False,27,1,5,N/A,2,0.11651869936286544,0.08474608205099902,0.013963535044209175,1.0,2.0,2,0.0465701977419144,1.0,4.0,0.5634598584399723
VST-NCA,N/A,Quito,246,1,False,28,2,5,N/A,2,1.0134385213833423,0.16182441217965934,0.009787979719625474,2.0,2.0,0,2.842884104259724,1.0,4.0,0.835445120079359
VST-CA,mixed,Quito,246,1,False,28,2,5,N/A,2,1.0134385213833423,0.16182441217965934,0.009787979719625474,2.0,2.0,2,2.872926133257238,1.0,4.0,0.835445120079359
VST-CA,pure,Quito,246,1,False,28,2,5,N/A,2,1.0134385213833423,0.16182441217965934,0.009787979719625474,2.0,2.0,2,2.9653082146222687,1.0,4.0,0.835445120079359
VST-NCA,N/A,Quito,297,3,False,29,8,5,N/A,22,4.59038753153678,0.1837316070620205,0.008354446390485038,2.0,2.3333333333333335,0,3.18649553478906,1.0,4.0,1.5366298093364215
VST-CA,mixed,Quito,297,3,False,29,8,5,N/A,22,4.59038753153678,0.1837316070620205,0.008354446390485038,2.0,2.3333333333333335,2,3.5853924463071394,1.0,4.0,1.5366298093364215
VST-CA,pure,Quito,297,3,False,29,8,5,N/A,22,4.59038753153678,0.1837316070620205,0.008354446390485038,2.0,2.3333333333333335,2,3.801406966779041,1.0,4.0,1.5366298093364215
VST-NCA,N/A,Quito,100,1,False,30,1,5,N/A,2,0.7711424384956381,0.25726153829718235,0.04140040649162352,2.0,2.0,0,0.030186112627575312,1.0,4.0,0.8470812392057883
VST-CA,mixed,Quito,100,1,False,30,1,5,N/A,2,0.7711424384956381,0.25726153829718235,0.04140040649162352,2.0,2.0,2,0.06520080323662114,1.0,4.0,0.8470812392057883
VST-CA,pure,Quito,100,1,False,30,1,5,N/A,2,0.7711424384956381,0.25726153829718235,0.04140040649162352,2.0,2.0,2,0.07227945434544836,1.0,4.0,0.8470812392057883
VST-NCA,N/A,Quito,113,1,False,31,2,5,N/A,3,0.4850989202455556,0.34335138619415273,0.022821848484654503,1.0,2.0,0,2.6666741669104113,1.0,4.0,0.9882300583905519
VST-CA,mixed,Quito,113,1,False,31,2,5,N/A,3,0.4850989202455556,0.34335138619415273,0.022821848484654503,1.0,2.0,2,2.643857635899451,1.0,4.0,0.9882300583905519
VST-CA,pure,Quito,113,1,False,31,2,5,N/A,3,0.4850989202455556,0.34335138619415273,0.022821848484654503,1.0,2.0,2,3.7420370109396686,1.0,4.0,0.9882300583905519
VST-NCA,N/A,Quito,205,1,False,32,2,5,N/A,3,1.217345997987275,0.22531144153904137,0.011269132353713627,1.0,2.0,0,2.881918136023671,1.0,4.0,0.9906193219464916
VST-CA,mixed,Quito,205,1,False,32,2,5,N/A,3,1.217345997987275,0.22531144153904137,0.011269132353713627,1.0,2.0,2,2.8132522201708525,1.0,4.0,0.9906193219464916
VST-CA,pure,Quito,205,1,False,32,2,5,N/A,3,1.217345997987275,0.22531144153904137,0.011269132353713627,1.0,2.0,2,2.8305256762949966,1.0,4.0,0.9906193219464916
VST-NCA,N/A,Quito,68,1,False,33,1,5,N/A,1,0.6235435376342398,0.27254444236418884,0.06976426314430348,2.0,2.0,0,0.021548200316487964,1.0,4.0,0.7567267832986448
VST-CA,mixed,Quito,68,1,False,33,1,5,N/A,1,0.6235435376342398,0.27254444236418884,0.06976426314430348,2.0,2.0,2,0.04395419166911552,1.0,4.0,0.7567267832986448
VST-CA,pure,Quito,68,1,False,33,1,5,N/A,1,0.6235435376342398,0.27254444236418884,0.06976426314430348,2.0,2.0,2,0.046767177828030526,1.0,4.0,0.7567267832986448
VST-NCA,N/A,Quito,136,1,False,34,1,5,N/A,1,0.20743308397428817,0.128373028982486,0.012316445509619894,1.0,2.0,0,0.015603270264193725,1.0,4.0,0.6297334740442141
VST-CA,mixed,Quito,136,1,False,34,1,5,N/A,1,0.20147503751250148,0.15290664881095775,0.012316445509619894,1.0,1.0,3,0.07386911127241547,1.0,4.0,0.662763123158257
VST-CA,pure,Quito,136,1,False,34,1,5,N/A,1,0.20147503751250148,0.15290664881095775,0.012316445509619894,1.0,1.0,3,0.07217563518179304,1.0,4.0,0.662763123158257
VST-NCA,N/A,Quito,211,2,False,35,4,5,N/A,4,3.437749356327362,0.19556232023892808,0.009332179318828553,2.5,2.5,0,2.8549827869405817,1.0,4.0,1.2500581561591333
VST-CA,mixed,Quito,211,2,False,35,4,5,N/A,4,3.437749356327362,0.19556232023892808,0.009332179318828553,2.5,2.5,2,3.0268832421264165,1.0,4.0,1.2500581561591333
VST-CA,pure,Quito,211,2,False,35,4,5,N/A,4,3.437749356327362,0.19556232023892808,0.009332179318828553,2.5,2.5,2,3.0181703273777316,1.0,4.0,1.2500581561591333
VST-NCA,N/A,Quito,98,1,False,36,1,5,N/A,2,0.15725142078109916,0.15545402646066547,0.02798289053927581,1.0,1.0,0,0.007904072671806261,1.0,4.0,0.5225593745369408
VST-CA,mixed,Quito,98,1,False,36,1,5,N/A,2,0.15725142078109916,0.15545402646066547,0.02798289053927581,1.0,1.0,2,0.01881811158864366,1.0,4.0,0.5225593745369408
VST-CA,pure,Quito,98,1,False,36,1,5,N/A,2,0.15725142078109916,0.15545402646066547,0.02798289053927581,1.0,1.0,2,0.01930562743285691,1.0,4.0,0.5225593745369408
VST-NCA,N/A,Quito,210,3,False,37,7,5,N/A,65,0.5180107546761538,0.16920330870236983,0.009434233282686775,0.6666666666666666,1.3333333333333333,0,3.0465090115428666,1.0,4.0,1.431519905463412
VST-CA,mixed,Quito,210,3,False,37,7,5,N/A,65,0.5180107546761538,0.16920330870236983,0.009434233282686775,0.6666666666666666,1.3333333333333333,2,3.1964412527617583,1.0,4.0,1.431519905463412
VST-CA,pure,Quito,210,3,False,37,7,5,N/A,65,0.5180107546761538,0.16920330870236983,0.009434233282686775,0.6666666666666666,1.3333333333333333,2,3.269927062103193,1.0,4.0,1.431519905463412
VST-NCA,N/A,Quito,391,3,False,38,8,5,N/A,100,0.6836202154573854,0.10176592806433994,0.0039009886251869627,1.3333333333333333,1.3333333333333333,0,3.0621588622682907,1.0,4.0,1.1265291367526131
VST-CA,mixed,Quito,391,3,False,38,8,5,N/A,100,0.631754095094008,0.1015875198805328,0.002925741468890222,1.0,1.3333333333333333,3,3.3481257877722896,1.0,4.0,1.1318356791007909
VST-CA,pure,Quito,391,3,False,38,8,5,N/A,100,0.551592453929806,0.0948003885445216,0.0028809844013246073,0.6666666666666666,1.3333333333333333,5,5.244805193010848,1.0,4.0,1.086236735699142
VST-NCA,N/A,Quito,246,1,False,39,3,5,N/A,35,0.6214935842668969,0.12516614179753802,0.006108424131534254,2.0,2.0,0,2.732513280365822,1.0,4.0,0.6491170632168876
VST-CA,mixed,Quito,246,1,False,39,3,5,N/A,35,0.6214935842668969,0.12516614179753802,0.006108424131534254,2.0,2.0,2,2.874247360407651,1.0,4.0,0.6491170632168876
VST-CA,pure,Quito,246,1,False,39,3,5,N/A,35,0.4681643552818838,0.14623104198697073,0.007702084115494177,1.0,2.0,3,2.920742160962334,1.0,4.0,0.7041990557462852
VST-NCA,N/A,Quito,170,1,False,40,1,5,N/A,1,0.24452034425975305,0.14182544656298743,0.012103663283632764,1.0,1.0,0,0.01568577294546003,1.0,4.0,0.5997842096206369
VST-CA,mixed,Quito,170,1,False,40,1,5,N/A,1,0.24452034425975305,0.14182544656298743,0.012103663283632764,1.0,1.0,2,0.03276935447769347,1.0,4.0,0.5997842096206369
VST-CA,pure,Quito,170,1,False,40,1,5,N/A,1,0.24452034425975305,0.14182544656298743,0.012103663283632764,1.0,1.0,2,0.03274093250132637,1.0,4.0,0.5997842096206369
VST-NCA,N/A,Quito,283,1,False,41,1,5,N/A,3,0.25829779815956794,0.07462226981620801,0.015633450281989262,1.0,2.0,0,0.06665071877995388,1.0,4.0,0.4296952239177949
VST-CA,mixed,Quito,283,1,False,41,1,5,N/A,3,0.21815332243412755,0.09396158968262606,0.015633450281989262,1.0,1.0,3,0.1682573104678795,1.0,4.0,0.4403306730010965
VST-CA,pure,Quito,283,1,False,41,1,5,N/A,3,0.21815332243412755,0.09396158968262606,0.015633450281989262,1.0,1.0,3,0.13100794196861898,1.0,4.0,0.4403306730010965
VST-NCA,N/A,Quito,336,1,False,42,1,5,N/A,1,0.28144454492246557,0.061789489145520855,0.004699397920537451,2.0,2.0,0,0.17623796457593244,1.0,4.0,0.400971064113171
VST-CA,mixed,Quito,336,1,False,42,1,5,N/A,1,0.2707856225112579,0.06934707641592512,0.005088820483539497,1.0,2.0,3,0.6496892727960812,1.0,4.0,0.4164549408595343
VST-CA,pure,Quito,336,1,False,42,1,5,N/A,1,0.2707856225112579,0.06934707641592512,0.005088820483539497,1.0,2.0,3,0.6636902541438303,1.0,4.0,0.4164549408595343
VST-NCA,N/A,Quito,321,2,False,43,6,5,N/A,76,0.7501148683778923,0.13466332456170654,0.005988475604650605,1.0,1.5,0,2.961417956609921,1.0,4.0,1.0428799115115825
VST-CA,mixed,Quito,321,2,False,43,6,5,N/A,76,0.7501148683778923,0.13466332456170654,0.005988475604650605,1.0,1.5,2,3.019398393605684,1.0,4.0,1.0428799115115825
VST-CA,pure,Quito,321,2,False,43,6,5,N/A,76,0.7501148683778923,0.13466332456170654,0.005988475604650605,1.0,1.5,2,3.1835905719567563,1.0,4.0,1.0428799115115825
VST-NCA,N/A,Quito,327,1,False,44,2,5,N/A,4,0.5859289070765877,0.1377275032935986,0.008278271986572893,1.0,2.0,0,2.620645565717723,1.0,4.0,0.7090776191028846
VST-CA,mixed,Quito,327,1,False,44,2,5,N/A,4,0.5859289070765877,0.1377275032935986,0.008278271986572893,1.0,2.0,2,2.642920894929091,1.0,4.0,0.7090776191028846
VST-CA,pure,Quito,327,1,False,44,2,5,N/A,4,0.5859289070765877,0.1377275032935986,0.008278271986572893,1.0,2.0,2,2.891417392117887,1.0,4.0,0.7090776191028846
VST-NCA,N/A,Quito,170,1,False,45,3,5,N/A,8,2.372961233604524,0.2838569026043502,0.024562224460793553,2.0,3.0,0,2.626852609551918,1.0,4.0,0.9253930618102919
VST-CA,mixed,Quito,170,1,False,45,3,5,N/A,8,0.5446503565584623,0.24883965078631148,0.018108892018346142,1.0,2.0,3,3.830842265531544,1.0,4.0,0.8182372681246121
VST-CA,pure,Quito,170,1,False,45,3,5,N/A,8,0.532547649599648,0.24047387006253618,0.018108892018346142,1.0,2.0,4,2.8523016471719416,1.0,4.0,0.8100281367217588
VST-NCA,N/A,Quito,334,2,False,46,4,5,N/A,13,0.5053932442662628,0.11910123273729906,0.003596905600267553,1.0,1.5,0,2.8862805146430333,1.0,4.0,0.9771637778742237
VST-CA,mixed,Quito,334,2,False,46,4,5,N/A,13,0.5053932442662628,0.11910123273729906,0.003596905600267553,1.0,1.5,2,2.900891384233148,1.0,4.0,0.9771637778742237
VST-CA,pure,Quito,334,2,False,46,4,5,N/A,13,0.5053932442662628,0.11910123273729906,0.003596905600267553,1.0,1.5,2,3.098924267670327,1.0,4.0,0.9771637778742237
VST-NCA,N/A,Quito,133,1,False,47,1,5,N/A,3,0.2312554039636847,0.18905974270303408,0.01821635748716535,1.0,1.0,0,0.014518892916612458,1.0,4.0,0.7512865767183431
VST-CA,mixed,Quito,133,1,False,47,1,5,N/A,3,0.2312554039636847,0.18905974270303408,0.01821635748716535,1.0,1.0,2,0.033212658358706904,1.0,4.0,0.7512865767183431
VST-CA,pure,Quito,133,1,False,47,1,5,N/A,3,0.2312554039636847,0.18905974270303408,0.01821635748716535,1.0,1.0,2,0.03266711431274416,1.0,4.0,0.7512865767183431
VST-NCA,N/A,Quito,63,1,False,48,1,5,N/A,1,0.09435614812726952,0.10865421655345962,0.021005764859947873,1.0,1.0,0,0.006590740514866411,1.0,4.0,0.5524951143251111
VST-CA,mixed,Quito,63,1,False,48,1,5,N/A,1,0.09435614812726952,0.10865421655345962,0.021005764859947873,1.0,1.0,2,0.018616394506580036,1.0,4.0,0.5524951143251111
VST-CA,pure,Quito,63,1,False,48,1,5,N/A,1,0.09435614812726952,0.10865421655345962,0.021005764859947873,1.0,1.0,2,0.0187987688548219,1.0,4.0,0.5524951143251111
VST-NCA,N/A,Quito,306,2,False,49,5,5,N/A,44,0.44230507567026967,0.1301260435913541,0.006724335545227381,1.0,1.5,0,2.7564726116755764,1.0,4.0,1.0391543696062886
VST-CA,mixed,Quito,306,2,False,49,5,5,N/A,44,0.44230507567026967,0.1301260435913541,0.006724335545227381,1.0,1.5,2,2.8427656793583083,1.0,4.0,1.0391543696062886
VST-CA,pure,Quito,306,2,False,49,5,5,N/A,44,0.44230507567026967,0.1301260435913541,0.006724335545227381,1.0,1.5,2,2.8754896376237866,1.0,4.0,1.0391543696062886
VST-NCA,N/A,Quito,199,1,False,50,1,5,N/A,2,0.245508861712242,0.07589945039144277,0.01007087764139663,1.0,2.0,0,0.05700224730981063,1.0,4.0,0.5214577792231404
VST-CA,mixed,Quito,199,1,False,50,1,5,N/A,2,0.23451117773095384,0.087768360443029,0.007960053053103783,1.0,1.0,3,0.20567207907936336,1.0,4.0,0.5511997008420132
VST-CA,pure,Quito,199,1,False,50,1,5,N/A,2,0.23451117773095384,0.087768360443029,0.007960053053103783,1.0,1.0,3,0.20324831609661942,1.0,4.0,0.5511997008420132
VST-NCA,N/A,Quito,276,2,False,51,5,5,N/A,35,1.2814517741428062,0.1510431560008561,0.005283466604850172,1.5,2.0,0,3.0545871688198076,1.0,4.0,1.1598237337163058
VST-CA,mixed,Quito,276,2,False,51,5,5,N/A,35,0.842778316516823,0.14898839571278813,0.005283466604850172,1.5,2.0,3,3.059480485747372,1.0,4.0,1.14439134606872
VST-CA,pure,Quito,276,2,False,51,5,5,N/A,35,0.842778316516823,0.14898839571278813,0.005283466604850172,1.5,2.0,3,3.15043673129901,1.0,4.0,1.14439134606872
VST-NCA,N/A,Quito,287,1,False,52,3,5,N/A,12,5.975792804417006,0.3227411688477224,0.026620305409279264,3.0,3.0,0,2.7276104894461923,1.0,4.0,1.0981983255285526
VST-NCA,N/A,Quito,217,1,False,52,2,5,N/A,4,0.49567000202066386,0.14997080576286012,0.009534271974601036,1.0,2.0,0,2.5956989654796416,1.0,4.0,0.7193320538411481
VST-CA,mixed,Quito,217,1,False,52,2,5,N/A,4,0.49567000202066386,0.14997080576286012,0.009534271974601036,1.0,2.0,2,2.646112051273235,1.0,4.0,0.7193320538411481
VST-CA,pure,Quito,217,1,False,52,2,5,N/A,4,0.49567000202066386,0.14997080576286012,0.009534271974601036,1.0,2.0,2,2.5937133746319887,1.0,4.0,0.7193320538411481
VST-NCA,N/A,Quito,284,2,False,53,4,5,N/A,26,0.5925785255921739,0.1316659162819623,0.01703697652732038,1.5,1.5,0,2.752210499472767,1.0,4.0,1.0233252965178292
VST-CA,mixed,Quito,284,2,False,53,4,5,N/A,26,0.5925785255921739,0.1316659162819623,0.01703697652732038,1.5,1.5,2,2.8399874311704707,1.0,4.0,1.0233252965178292
VST-CA,pure,Quito,284,2,False,53,4,5,N/A,26,0.5925785255921739,0.1316659162819623,0.01703697652732038,1.5,1.5,2,2.8234837369055867,1.0,4.0,1.0233252965178292
VST-NCA,N/A,Quito,91,1,False,54,1,5,N/A,1,0.3944472934941055,0.30121045145132463,0.04324415900458631,1.0,2.0,0,0.021548200316487964,1.0,4.0,0.9134872536567733
VST-CA,mixed,Quito,91,1,False,54,1,5,N/A,1,0.3944472934941055,0.30121045145132463,0.04324415900458631,1.0,2.0,2,0.045805172878658595,1.0,4.0,0.9134872536567733
VST-CA,pure,Quito,91,1,False,54,1,5,N/A,1,0.3944472934941055,0.30121045145132463,0.04324415900458631,1.0,2.0,2,0.04663572618733269,1.0,4.0,0.9134872536567733
VST-NCA,N/A,Quito,313,2,False,55,6,5,N/A,38,0.7701481852161286,0.18959215959967343,0.006917998448621425,0.5,1.5,0,2.8300061857273704,1.0,4.0,1.1795678992180587
VST-CA,mixed,Quito,313,2,False,55,6,5,N/A,38,0.7701481852161286,0.18959215959967343,0.006917998448621425,0.5,1.5,2,3.051062843753016,1.0,4.0,1.1795678992180587
VST-CA,pure,Quito,313,2,False,55,6,5,N/A,38,0.7701481852161286,0.18959215959967343,0.006917998448621425,0.5,1.5,2,3.0345113847778293,1.0,4.0,1.1795678992180587
VST-NCA,N/A,Quito,148,1,False,56,1,5,N/A,1,1.0680728249247047,0.1559414340839607,0.01739791974753334,2.0,2.0,0,0.0752661303597506,1.0,4.0,0.5451442597275757
VST-CA,mixed,Quito,148,1,False,56,1,5,N/A,1,1.0680728249247047,0.1559414340839607,0.01739791974753334,2.0,2.0,2,0.23671479849406296,1.0,4.0,0.5451442597275757
VST-CA,pure,Quito,148,1,False,56,1,5,N/A,1,1.0680728249247047,0.1559414340839607,0.01739791974753334,2.0,2.0,2,0.23320350016638258,1.0,4.0,0.5451442597275757
VST-NCA,N/A,Quito,431,3,False,57,8,5,N/A,55,0.8596294744204555,0.1348628876295834,0.002336792336170035,1.0,1.3333333333333333,0,3.0095576790455425,1.0,4.0,1.3051981976816365
VST-CA,mixed,Quito,431,3,False,57,8,5,N/A,55,0.8310187514827175,0.13354316043145903,0.0024368705503534913,1.0,1.0,4,3.9320864770210164,1.0,4.0,1.2972549569035141
VST-CA,pure,Quito,431,3,False,57,8,5,N/A,55,0.8288781543667315,0.13341178414314778,0.0024368705503534913,1.0,1.0,3,3.940138186070044,1.0,4.0,1.2924196749214671
VST-NCA,N/A,Quito,195,2,False,58,5,5,N/A,6,2.7025802615191523,0.3191711767023095,0.02881884861723367,1.5,2.0,0,2.8729008692782827,1.0,4.0,1.6120758468721805
VST-CA,mixed,Quito,195,2,False,58,5,5,N/A,6,2.7025802615191523,0.3191711767023095,0.02881884861723367,1.5,2.0,2,2.9005897954841657,1.0,4.0,1.6120758468721805
VST-CA,pure,Quito,195,2,False,58,5,5,N/A,6,2.7025802615191523,0.3191711767023095,0.02881884861723367,1.5,2.0,2,3.1732607625538094,1.0,4.0,1.6120758468721805
VST-NCA,N/A,Quito,320,2,False,59,4,5,N/A,24,1.4660084746566688,0.18567350575490285,0.006115523289234064,1.0,2.0,0,2.8523924395964286,1.0,4.0,1.2229315286807922
VST-CA,mixed,Quito,320,2,False,59,4,5,N/A,24,1.4660084746566688,0.18567350575490285,0.006115523289234064,1.0,2.0,2,3.0810594765382575,1.0,4.0,1.2229315286807922
VST-CA,pure,Quito,320,2,False,59,4,5,N/A,24,1.4660084746566688,0.18567350575490285,0.006115523289234064,1.0,2.0,2,3.1734857698664882,1.0,4.0,1.2229315286807922
VST-NCA,N/A,Quito,333,1,False,60,3,5,N/A,6,3.7794126701172064,0.3015972181428081,0.012900433720486992,2.0,2.0,0,3.023841301158086,1.0,4.0,1.1041401793009693
VST-CA,mixed,Quito,333,1,False,60,3,5,N/A,6,3.7794126701172064,0.3015972181428081,0.012900433720486992,2.0,2.0,2,4.411180731794843,1.0,4.0,1.1041401793009693
VST-CA,pure,Quito,333,1,False,60,3,5,N/A,6,3.7794126701172064,0.3015972181428081,0.012900433720486992,2.0,2.0,2,3.455571516600571,1.0,4.0,1.1041401793009693
VST-NCA,N/A,Quito,292,1,False,61,3,5,N/A,9,2.1376105060879294,0.21364852427360276,0.02605026449647255,2.0,2.0,0,2.7410663214975557,1.0,4.0,0.7323836812239083
VST-NCA,N/A,Quito,297,1,False,61,3,5,N/A,3,6.648710779369959,0.19533263861933456,0.011408340473766843,3.0,4.0,0,2.750942958277733,1.0,4.0,0.8527719867278083
VST-CA,mixed,Quito,297,1,False,61,3,5,N/A,3,1.331156882430105,0.21082369520609606,0.007605560315844562,2.0,2.0,3,3.2206003274054638,1.0,4.0,0.9010375283387281
VST-CA,pure,Quito,297,1,False,61,3,5,N/A,3,1.331156882430105,0.21082369520609606,0.007605560315844562,2.0,2.0,3,3.2891233438771224,1.0,4.0,0.9010375283387281
VST-NCA,N/A,Quito,134,1,False,62,1,5,N/A,1,0.2354727813627999,0.18421357404606817,0.02805688351557254,1.0,1.0,0,0.022416649593765214,1.0,4.0,0.7311867136980619
VST-CA,mixed,Quito,134,1,False,62,1,5,N/A,1,0.2354727813627999,0.18421357404606817,0.02805688351557254,1.0,1.0,2,0.042949159005502224,1.0,4.0,0.7311867136980619
VST-CA,pure,Quito,134,1,False,62,1,5,N/A,1,0.2354727813627999,0.18421357404606817,0.02805688351557254,1.0,1.0,2,0.04317890331435592,1.0,4.0,0.7311867136980619
VST-NCA,N/A,Quito,84,1,False,63,1,5,N/A,2,0.09494413141234642,0.1102294861467879,0.02760130480486979,1.0,1.0,0,0.009055952213202545,1.0,4.0,0.6061112071230007
VST-CA,mixed,Quito,84,1,False,63,1,5,N/A,2,0.09494413141234642,0.1102294861467879,0.02760130480486979,1.0,1.0,2,0.016932392408079977,1.0,4.0,0.6061112071230007
VST-CA,pure,Quito,84,1,False,63,1,5,N/A,2,0.09494413141234642,0.1102294861467879,0.02760130480486979,1.0,1.0,2,0.016600013184643103,1.0,4.0,0.6061112071230007
VST-NCA,N/A,Quito,104,1,False,64,1,5,N/A,3,0.010596901383283723,0.010528781545287103,0.005561317324335055,1.0,1.0,0,0.008008286585095448,1.0,4.0,0.16132067110180365
VST-CA,mixed,Quito,104,1,False,64,1,5,N/A,3,0.010596901383283723,0.010528781545287103,0.005561317324335055,1.0,1.0,2,0.0156786674514251,1.0,4.0,0.16132067110180365
VST-CA,pure,Quito,104,1,False,64,1,5,N/A,3,0.010596901383283723,0.010528781545287103,0.005561317324335055,1.0,1.0,2,0.01564906122598586,1.0,4.0,0.16132067110180365
VST-NCA,N/A,Quito,119,1,False,65,1,5,N/A,1,0.2596453594115691,0.19795800663034432,0.024405597359424207,1.0,1.0,0,0.019971964878436665,1.0,4.0,0.7522121733341474
VST-CA,mixed,Quito,119,1,False,65,1,5,N/A,1,0.2596453594115691,0.19795800663034432,0.024405597359424207,1.0,1.0,2,0.04307547890039132,1.0,4.0,0.7522121733341474
VST-CA,pure,Quito,119,1,False,65,1,5,N/A,1,0.2596453594115691,0.19795800663034432,0.024405597359424207,1.0,1.0,2,0.04230729603978034,1.0,4.0,0.7522121733341474
VST-NCA,N/A,Quito,324,1,False,66,2,5,N/A,7,2.189925087861427,0.13740501330726618,0.010248348868081385,3.0,3.0,0,3.9336011315104997,1.0,4.0,0.651444633985466
VST-CA,mixed,Quito,324,1,False,66,2,5,N/A,7,2.189925087861427,0.13740501330726618,0.010248348868081385,3.0,3.0,2,2.731736807762104,1.0,4.0,0.651444633985466
VST-CA,pure,Quito,324,1,False,66,2,5,N/A,7,0.4175382243349541,0.11845968887270601,0.009591548637005596,1.0,2.0,3,2.9702169267868612,1.0,4.0,0.6157067850311354
VST-NCA,N/A,Quito,123,1,False,67,2,5,N/A,4,1.7930076202774603,0.35518510115503343,0.04961898895267297,1.0,2.0,0,2.770999004836085,1.0,4.0,0.912733679906667
VST-CA,mixed,Quito,123,1,False,67,2,5,N/A,4,1.7930076202774603,0.35518510115503343,0.04961898895267297,1.0,2.0,2,2.7645239259749133,1.0,4.0,0.912733679906667
VST-CA,pure,Quito,123,1,False,67,2,5,N/A,4,1.7930076202774603,0.35518510115503343,0.04961898895267297,1.0,2.0,2,2.784133510654783,1.0,4.0,0.912733679906667
VST-NCA,N/A,Quito,344,2,False,68,5,5,N/A,21,0.5169800391892453,0.1372469826934349,0.0037437493436876723,0.5,1.5,0,3.024597246778967,1.0,4.0,1.0384988172274194
VST-CA,mixed,Quito,344,2,False,68,5,5,N/A,21,0.5169800391892453,0.1372469826934349,0.0037437493436876723,0.5,1.5,2,3.2965730596771436,1.0,4.0,1.0384988172274194
VST-CA,pure,Quito,344,2,False,68,5,5,N/A,21,0.5169800391892453,0.1372469826934349,0.0037437493436876723,0.5,1.5,2,3.0989554528943017,1.0,4.0,1.0384988172274194
VST-NCA,N/A,Quito,466,2,False,69,6,5,N/A,68,0.7398799930635931,0.10554327137296535,0.0038429396126445515,1.0,1.5,0,3.037485428802711,1.0,4.0,0.9254691173280106
VST-CA,mixed,Quito,466,2,False,69,6,5,N/A,68,0.7398799930635931,0.10554327137296535,0.0038429396126445515,1.0,1.5,2,3.1085952398715335,1.0,4.0,0.9254691173280106
VST-CA,pure,Quito,466,2,False,69,6,5,N/A,68,0.7398799930635931,0.10554327137296535,0.0038429396126445515,1.0,1.5,2,3.217167979011947,1.0,4.0,0.9254691173280106
VST-NCA,N/A,Quito,321,1,False,70,3,5,N/A,12,6.25868733147812,0.24766521966515284,0.017930412192171966,3.0,4.0,0,2.8299355255361434,1.0,4.0,0.9256687607074335
VST-CA,mixed,Quito,321,1,False,70,3,5,N/A,12,6.25868733147812,0.24766521966515284,0.017930412192171966,3.0,4.0,2,2.8735522062362406,1.0,4.0,0.9256687607074335
VST-CA,pure,Quito,321,1,False,70,3,5,N/A,12,6.25868733147812,0.24766521966515284,0.017930412192171966,3.0,4.0,2,2.883921490606326,1.0,4.0,0.9256687607074335
VST-NCA,N/A,Quito,228,1,False,71,3,5,N/A,14,3.8447362689452986,0.2330919305839902,0.011920398583982968,1.0,3.0,0,4.001137668553156,1.0,4.0,1.0320247464658667
VST-CA,mixed,Quito,228,1,False,71,3,5,N/A,14,3.8447362689452986,0.2330919305839902,0.011920398583982968,1.0,3.0,2,2.839759660609957,1.0,4.0,1.0320247464658667
VST-CA,pure,Quito,228,1,False,71,3,5,N/A,14,3.8447362689452986,0.2330919305839902,0.011920398583982968,1.0,3.0,2,2.867365689384883,1.0,4.0,1.0320247464658667
VST-NCA,N/A,Quito,285,1,False,72,3,5,N/A,17,1.862036299507778,0.21961322514149653,0.012610413043931656,2.0,2.0,0,2.929144012969914,1.0,4.0,0.883755674715246
VST-CA,mixed,Quito,285,1,False,72,3,5,N/A,17,1.862036299507778,0.21961322514149653,0.012610413043931656,2.0,2.0,2,2.8328037766490297,1.0,4.0,0.883755674715246
VST-CA,pure,Quito,285,1,False,72,3,5,N/A,17,1.862036299507778,0.21961322514149653,0.012610413043931656,2.0,2.0,2,2.9403446401481688,1.0,4.0,0.883755674715246
VST-NCA,N/A,Quito,346,3,False,73,7,5,N/A,36,1.0429326131854768,0.1588735342751891,0.009381685269962237,1.3333333333333333,1.3333333333333333,0,3.2846109603825653,1.0,4.0,1.254009725612064
VST-CA,mixed,Quito,346,3,False,73,7,5,N/A,36,1.0429326131854768,0.1588735342751891,0.009381685269962237,1.3333333333333333,1.3333333333333333,2,3.8800446540828943,1.0,4.0,1.254009725612064
VST-CA,pure,Quito,346,3,False,73,7,5,N/A,36,1.0429326131854768,0.1588735342751891,0.009381685269962237,1.3333333333333333,1.3333333333333333,2,3.914132472463166,1.0,4.0,1.254009725612064
VST-NCA,N/A,Quito,25,1,False,74,1,5,N/A,1,0.06462606557622436,0.30061909075853455,0.10371314310724214,1.0,1.0,0,0.003711436411208524,1.0,4.0,0.8935711016541907
VST-CA,mixed,Quito,25,1,False,74,1,5,N/A,1,0.06462606557622436,0.30061909075853455,0.10371314310724214,1.0,1.0,2,0.00821750391094156,1.0,4.0,0.8935711016541907
VST-CA,pure,Quito,25,1,False,74,1,5,N/A,1,0.06462606557622436,0.30061909075853455,0.10371314310724214,1.0,1.0,2,0.007939994891899005,1.0,4.0,0.8935711016541907
VST-NCA,N/A,Quito,128,1,False,75,1,5,N/A,1,0.257231075199332,0.1635865535629832,0.04178639124544451,1.0,1.0,0,0.029483063462635073,1.0,4.0,0.5310917331669388
VST-CA,mixed,Quito,128,1,False,75,1,5,N/A,1,0.257231075199332,0.1635865535629832,0.04178639124544451,1.0,1.0,2,0.060988824242031114,1.0,4.0,0.5310917331669388
VST-CA,pure,Quito,128,1,False,75,1,5,N/A,1,0.257231075199332,0.1635865535629832,0.04178639124544451,1.0,1.0,2,0.061140013366184576,1.0,4.0,0.5310917331669388
VST-NCA,N/A,Quito,50,1,False,76,1,5,N/A,2,0.1044623203688364,0.1649797947709344,0.015857893529792517,1.0,1.0,0,0.00607480269422922,1.0,4.0,0.8918107543797082
VST-CA,mixed,Quito,50,1,False,76,1,5,N/A,2,0.1044623203688364,0.1649797947709344,0.015857893529792517,1.0,1.0,2,0.013584520444283044,1.0,4.0,0.8918107543797082
VST-CA,pure,Quito,50,1,False,76,1,5,N/A,2,0.1044623203688364,0.1649797947709344,0.015857893529792517,1.0,1.0,2,0.014565868127533577,1.0,4.0,0.8918107543797082
VST-NCA,N/A,Quito,376,2,False,77,4,5,N/A,8,0.7046538794381584,0.12773409971907443,0.00384523940161499,1.0,2.0,0,3.150139484796455,1.0,4.0,1.0239575282384807
VST-CA,mixed,Quito,376,2,False,77,4,5,N/A,8,0.5792676122286589,0.13786900620182177,0.005212930367402282,0.5,1.0,3,3.720544075577209,1.0,4.0,1.0206737231625018
VST-CA,pure,Quito,376,2,False,77,4,5,N/A,8,0.5395743353478955,0.13882107579675027,0.0032754764388271975,1.0,1.0,4,4.6897792599312424,1.0,4.0,1.027996304877263
VST-NCA,N/A,Quito,214,1,False,78,1,5,N/A,3,0.35107485000412464,0.19404884929401323,0.010863905488131901,1.0,1.0,0,0.01703029032660197,1.0,4.0,0.7263997735417456
VST-CA,mixed,Quito,214,1,False,78,1,5,N/A,3,0.33919228857669065,0.18748102658716911,0.010824542810697039,1.0,1.0,3,0.0554303541181298,1.0,4.0,0.7619416197561091
VST-CA,pure,Quito,214,1,False,78,1,5,N/A,3,0.33919228857669065,0.18748102658716911,0.010824542810697039,1.0,1.0,3,0.05659447089931291,1.0,4.0,0.7619416197561091
VST-NCA,N/A,Quito,106,2,False,79,4,5,N/A,5,2.7060146130074467,0.5018608652279775,0.06999428941593791,1.0,2.0,0,2.910475116757084,1.0,4.0,1.850404849423962
VST-CA,mixed,Quito,106,2,False,79,4,5,N/A,5,2.7060146130074467,0.5018608652279775,0.06999428941593791,1.0,2.0,2,2.9768467475192892,1.0,4.0,1.850404849423962
VST-CA,pure,Quito,106,2,False,79,4,5,N/A,5,2.7060146130074467,0.5018608652279775,0.06999428941593791,1.0,2.0,2,3.049672140660391,1.0,4.0,1.850404849423962
VST-NCA,N/A,Quito,351,2,False,80,5,5,N/A,31,1.81261278909059,0.17036170235044146,0.005893420736258258,1.0,2.0,0,2.892826648445066,1.0,4.0,1.161281542542957
VST-CA,mixed,Quito,351,2,False,80,5,5,N/A,31,1.81261278909059,0.17036170235044146,0.005893420736258258,1.0,2.0,2,3.271543167258187,1.0,4.0,1.161281542542957
VST-CA,pure,Quito,351,2,False,80,5,5,N/A,31,0.8538409863032691,0.16714380663419387,0.005893420736258258,1.0,1.5,3,3.2713880306372403,1.0,4.0,1.1631447676747035
VST-NCA,N/A,Quito,88,1,False,81,1,5,N/A,2,0.11574016091317221,0.13876284562344068,0.027023560921920018,1.0,1.0,0,0.007413793579871708,1.0,4.0,0.5547781633412736
VST-CA,mixed,Quito,88,1,False,81,1,5,N/A,2,0.1129917230523986,0.13546769676956746,0.011702778431128106,1.0,1.0,3,0.03460020345403336,1.0,4.0,0.7088356733321961
VST-CA,pure,Quito,88,1,False,81,1,5,N/A,2,0.1129917230523986,0.13546769676956746,0.011702778431128106,1.0,1.0,3,0.03416518931601331,1.0,4.0,0.7088356733321961
VST-NCA,N/A,Quito,297,2,False,82,4,5,N/A,10,0.872956430336708,0.1453649971298392,0.008854217515246064,1.0,1.5,0,3.051835763609688,1.0,4.0,1.0168100469308483
VST-CA,mixed,Quito,297,2,False,82,4,5,N/A,10,0.872956430336708,0.1453649971298392,0.008854217515246064,1.0,1.5,2,3.120232854936262,1.0,4.0,1.0168100469308483
VST-CA,pure,Quito,297,2,False,82,4,5,N/A,10,0.872956430336708,0.1453649971298392,0.008854217515246064,1.0,1.5,2,3.2679256812689346,1.0,4.0,1.0168100469308483
VST-NCA,N/A,Quito,324,2,False,83,5,5,N/A,34,0.5866718480044246,0.1239601386426883,0.006356867692732478,1.0,2.0,0,3.0048696319472583,1.0,4.0,0.994192388819935
VST-CA,mixed,Quito,324,2,False,83,5,5,N/A,34,0.4182293245734016,0.11947707346578113,0.003986370200671604,0.5,1.5,3,3.4732831448600336,1.0,4.0,0.9415489250099233
VST-CA,pure,Quito,324,2,False,83,5,5,N/A,34,0.4182293245734016,0.11947707346578113,0.003986370200671604,0.5,1.5,3,3.5418610315362002,1.0,4.0,0.9415489250099233
VST-NCA,N/A,Quito,254,1,False,84,1,5,N/A,1,1.161075365250842,0.16221448500610053,0.011224579665496021,2.0,2.0,0,0.17017105687511958,1.0,4.0,0.7282461281757502
VST-CA,mixed,Quito,254,1,False,84,1,5,N/A,1,1.161075365250842,0.16221448500610053,0.011224579665496021,2.0,2.0,2,0.37811413081453793,1.0,4.0,0.7282461281757502
VST-CA,pure,Quito,254,1,False,84,1,5,N/A,1,1.161075365250842,0.16221448500610053,0.011224579665496021,2.0,2.0,2,0.3904922962627779,1.0,4.0,0.7282461281757502
VST-NCA,N/A,Quito,340,1,False,85,1,5,N/A,1,0.1721701045805038,0.06279830546182351,0.004186982518949013,1.0,1.0,0,0.05629682964695348,1.0,4.0,0.4804867424705146
VST-CA,mixed,Quito,340,1,False,85,1,5,N/A,1,0.1721701045805038,0.06279830546182351,0.004186982518949013,1.0,1.0,2,0.1471828097571688,1.0,4.0,0.4804867424705146
VST-CA,pure,Quito,340,1,False,85,1,5,N/A,1,0.1721701045805038,0.06279830546182351,0.004186982518949013,1.0,1.0,2,0.13846515801230908,1.0,4.0,0.4804867424705146
VST-NCA,N/A,Quito,414,3,False,86,7,5,N/A,33,1.055113699971927,0.1284261726141447,0.004265008493049304,0.6666666666666666,2.0,0,3.2711460490887703,1.0,4.0,1.2598494678739447
VST-CA,mixed,Quito,414,3,False,86,7,5,N/A,33,0.8304862884086989,0.12768906660119125,0.004265008493049304,0.6666666666666666,1.3333333333333333,3,4.439166509753704,1.0,4.0,1.2770189657741715
VST-CA,pure,Quito,414,3,False,86,7,5,N/A,33,0.8304862884086989,0.12768906660119125,0.004265008493049304,0.6666666666666666,1.3333333333333333,3,4.5611374474933655,1.0,4.0,1.2770189657741715
VST-NCA,N/A,Quito,269,3,False,87,7,5,N/A,15,2.451030856692859,0.1865813132541402,0.01153096052494783,1.3333333333333333,2.0,0,3.1277990218892455,1.0,4.0,1.6627729876701032
VST-CA,mixed,Quito,269,3,False,87,7,5,N/A,15,2.451030856692859,0.1865813132541402,0.01153096052494783,1.3333333333333333,2.0,2,4.35852625736652,1.0,4.0,1.6627729876701032
VST-CA,pure,Quito,269,3,False,87,7,5,N/A,15,2.451030856692859,0.1865813132541402,0.01153096052494783,1.3333333333333333,2.0,2,3.353174241320744,1.0,4.0,1.6627729876701032
VST-NCA,N/A,Quito,177,2,False,88,4,5,N/A,19,0.3249189390394095,0.0905271646759077,0.00861353142979919,1.0,1.5,0,2.7843277274932916,1.0,4.0,1.0042620873255492
VST-CA,mixed,Quito,177,2,False,88,4,5,N/A,19,0.3249189390394095,0.0905271646759077,0.00861353142979919,1.0,1.5,2,2.947012356848859,1.0,4.0,1.0042620873255492
VST-CA,pure,Quito,177,2,False,88,4,5,N/A,19,0.3002123807210069,0.08497598056828162,0.00861353142979919,1.0,1.5,3,2.906251295272341,1.0,4.0,0.9418025557261318
VST-NCA,N/A,Quito,391,2,False,89,5,5,N/A,114,0.3987920623208813,0.06818482885536215,0.0028516511492991184,1.5,1.5,0,3.127617831790076,1.0,4.0,0.8069246823814425
VST-CA,mixed,Quito,391,2,False,89,5,5,N/A,114,0.3135789662644004,0.06814905564750617,0.0019514871170315772,0.5,1.0,3,3.1284641750855826,1.0,4.0,0.8044714649585935
VST-CA,pure,Quito,391,2,False,89,5,5,N/A,114,0.3135789662644004,0.06814905564750617,0.0019514871170315772,0.5,1.0,3,3.2149506701071004,1.0,4.0,0.8044714649585935
VST-NCA,N/A,Quito,369,2,False,90,5,5,N/A,16,1.0486064024575248,0.10764071923941049,0.002422306341615512,1.0,1.5,0,3.2135702305063205,1.0,4.0,1.1530447833287387
VST-CA,mixed,Quito,369,2,False,90,5,5,N/A,16,1.0106155945453386,0.11068014321906047,0.0025286194450237238,0.5,1.5,3,3.8204907448964605,1.0,4.0,1.1551493980999508
VST-CA,pure,Quito,369,2,False,90,5,5,N/A,16,0.9786301583607717,0.11189175257926642,0.002422306341615512,1.0,1.5,4,4.628195547934183,1.0,4.0,1.1400737728182058
VST-NCA,N/A,Quito,216,2,False,91,5,5,N/A,40,0.4608884128847928,0.15811922631262731,0.007879792525261024,1.0,1.5,0,2.883271732647245,1.0,4.0,1.1141395628258126
VST-CA,mixed,Quito,216,2,False,91,5,5,N/A,40,0.4608884128847928,0.15811922631262731,0.007879792525261024,1.0,1.5,2,4.092700249600284,1.0,4.0,1.1141395628258126
VST-CA,pure,Quito,216,2,False,91,5,5,N/A,40,0.4608884128847928,0.15811922631262731,0.007879792525261024,1.0,1.5,2,3.043380225646615,1.0,4.0,1.1141395628258126
VST-NCA,N/A,Quito,182,1,False,92,3,5,N/A,10,1.932223066794263,0.32570117192163006,0.019680369460339655,2.0,2.0,0,2.947300129359519,1.0,4.0,1.066586564089114
VST-CA,mixed,Quito,182,1,False,92,3,5,N/A,10,1.932223066794263,0.32570117192163006,0.019680369460339655,2.0,2.0,2,2.9347463003073244,1.0,4.0,1.066586564089114
VST-CA,pure,Quito,182,1,False,92,3,5,N/A,10,1.932223066794263,0.32570117192163006,0.019680369460339655,2.0,2.0,2,3.066075173758918,1.0,4.0,1.066586564089114
VST-NCA,N/A,Quito,72,1,False,93,1,5,N/A,2,0.1937231096498726,0.2194485552701547,0.03402400738933754,1.0,1.0,0,0.007589457183712511,1.0,4.0,0.7985237652450763
VST-CA,mixed,Quito,72,1,False,93,1,5,N/A,2,0.1937231096498726,0.2194485552701547,0.03402400738933754,1.0,1.0,2,0.01803058599398355,1.0,4.0,0.7985237652450763
VST-CA,pure,Quito,72,1,False,93,1,5,N/A,2,0.1937231096498726,0.2194485552701547,0.03402400738933754,1.0,1.0,2,0.01810993067806521,1.0,4.0,0.7985237652450763
VST-NCA,N/A,Quito,284,2,False,94,5,5,N/A,44,0.27190642545293225,0.06990252118763596,0.0033226283334258306,0.5,1.5,0,2.8675405634892286,1.0,4.0,0.8538472139476482
VST-CA,mixed,Quito,284,2,False,94,5,5,N/A,44,0.27190642545293225,0.06990252118763596,0.0033226283334258306,0.5,1.5,2,3.105534350919015,1.0,4.0,0.8538472139476482
VST-CA,pure,Quito,284,2,False,94,5,5,N/A,44,0.27190642545293225,0.06990252118763596,0.0033226283334258306,0.5,1.5,2,3.405786082784516,1.0,4.0,0.8538472139476482
VST-NCA,N/A,Quito,124,1,False,95,1,5,N/A,1,0.16265863114431212,0.15394495330346986,0.030942908576662976,1.0,1.0,0,0.014335729068989167,1.0,4.0,0.5799402447459107
VST-CA,mixed,Quito,124,1,False,95,1,5,N/A,1,0.16265863114431212,0.15394495330346986,0.030942908576662976,1.0,1.0,2,0.03381465160782682,1.0,4.0,0.5799402447459107
VST-CA,pure,Quito,124,1,False,95,1,5,N/A,1,0.16265863114431212,0.15394495330346986,0.030942908576662976,1.0,1.0,2,0.03448888404659556,1.0,4.0,0.5799402447459107
VST-NCA,N/A,Quito,336,2,False,96,5,5,N/A,32,0.874262193938778,0.1623608130199015,0.006621464896233837,1.5,2.0,0,2.9521744983028384,1.0,4.0,1.0378983825882744
VST-CA,mixed,Quito,336,2,False,96,5,5,N/A,32,0.874262193938778,0.1623608130199015,0.006621464896233837,1.5,2.0,2,3.039049427001146,1.0,4.0,1.0378983825882744
VST-CA,pure,Quito,336,2,False,96,5,5,N/A,32,0.874262193938778,0.1623608130199015,0.006621464896233837,1.5,2.0,2,4.458290157587953,1.0,4.0,1.0378983825882744
VST-NCA,N/A,Quito,414,3,False,97,8,5,N/A,54,0.7805153846881161,0.11345717505529986,0.003128828248534694,0.6666666666666666,1.3333333333333333,0,3.0892307947376594,1.0,4.0,1.1951238821088852
VST-CA,mixed,Quito,414,3,False,97,8,5,N/A,54,0.6665376783841779,0.11197958341531186,0.003128828248534694,0.6666666666666666,1.0,4,3.6334930885254835,1.0,4.0,1.167543063096188
VST-CA,pure,Quito,414,3,False,97,8,5,N/A,54,0.6664295277348375,0.11195944222333103,0.003128828248534694,0.6666666666666666,1.0,5,4.597679029831625,1.0,4.0,1.167543063096188
VST-NCA,N/A,Quito,166,1,False,98,2,5,N/A,3,2.1949864187905415,0.2483334923192426,0.026160315195643928,2.0,2.0,0,2.792884321372185,1.0,4.0,0.8049255363026726
VST-CA,mixed,Quito,166,1,False,98,2,5,N/A,3,2.1949864187905415,0.2483334923192426,0.026160315195643928,2.0,2.0,2,2.8225094947165417,1.0,4.0,0.8049255363026726
VST-CA,pure,Quito,166,1,False,98,2,5,N/A,3,2.1949864187905415,0.2483334923192426,0.026160315195643928,2.0,2.0,2,2.9758914533142615,1.0,4.0,0.8049255363026726
VST-NCA,N/A,Quito,98,1,False,99,1,5,N/A,2,0.14759708983927292,0.1335609799118727,0.019736510671432173,1.0,1.0,0,0.013581757196561739,1.0,4.0,0.6756073580863722
VST-CA,mixed,Quito,98,1,False,99,1,5,N/A,2,0.14759708983927292,0.1335609799118727,0.019736510671432173,1.0,1.0,2,0.02809867636483432,1.0,4.0,0.6756073580863722
VST-CA,pure,Quito,98,1,False,99,1,5,N/A,2,0.14759708983927292,0.1335609799118727,0.019736510671432173,1.0,1.0,2,0.028456714316916987,1.0,4.0,0.6756073580863722
