VST-NCA,N/A,uniform,1,2,1,36.00251195777339,0.00138119847422173,0.2,0,0.06761336990350592
VST-CA,mixed,uniform,1,2,1,36.00251195777339,0.00138119847422173,0.2,2,0.09322196484147399
VST-NCA,N/A,uniform,1,2,1,36.00251195777339,0.00138119847422173,0.2,0,0.06981452795897067
VST-CA,mixed,uniform,1,2,1,36.00251195777339,0.00138119847422173,0.2,2,0.09402055572135298
VST-NCA,N/A,uniform,1,2,1,36.00251195777339,0.00138119847422173,0.2,0,0.07375932215700853
VST-CA,mixed,uniform,1,2,1,36.003668534864104,0.0015008393538293871,0.2,3,0.18495925331160595
VST-NCA,N/A,uniform,1,2,1,36.00251195777339,0.00138119847422173,0.2,0,0.06443598088118963
VST-CA,mixed,uniform,1,2,1,36.00251195777339,0.00138119847422173,0.2,2,0.08959100146375432
VST-NCA,N/A,uniform,1,2,1,36.00251195777339,0.00138119847422173,0.2,0,0.0644490078209009
VST-CA,mixed,uniform,1,2,1,36.00251195777339,0.00138119847422173,0.2,2,0.0947721706671214
VST-NCA,N/A,uniform,1,2,1,36.00251195777339,0.00138119847422173,0.2,0,0.07410749672747496
VST-CA,mixed,uniform,1,2,1,36.00251195777339,0.00138119847422173,0.2,2,0.11347490853509301
VST-NCA,N/A,uniform,1,2,1,36.00251195777339,0.00138119847422173,0.2,0,0.06431676464504354
VST-CA,mixed,uniform,1,2,1,36.003668534864104,0.0015008393538293871,0.2,3,0.17882080141733114
VST-NCA,N/A,uniform,1,2,1,36.00251195777339,0.00138119847422173,0.2,0,0.06629409619092286
VST-CA,mixed,uniform,1,2,1,36.00251195777339,0.00138119847422173,0.2,2,0.0941279292850341
VST-NCA,N/A,uniform,1,2,1,36.00251195777339,0.00138119847422173,0.2,0,0.0685422301804981
VST-CA,mixed,uniform,1,2,1,36.00251195777339,0.00138119847422173,0.2,2,0.1263163130444669
VST-NCA,N/A,uniform,1,2,1,36.00251195777339,0.00138119847422173,0.2,0,0.092609303919293
VST-CA,mixed,uniform,1,2,1,36.00251195777339,0.00138119847422173,0.2,2,0.10976065169437055
VST-NCA,N/A,uniform,1,4,2,61.00538965524388,0.0024719190001582015,0.2,0,0.23576905525475156
VST-CA,mixed,uniform,1,4,2,61.00538965524388,0.0024719190001582015,0.2,2,0.2373816324887139
VST-NCA,N/A,uniform,1,4,2,61.00538965524388,0.0024719190001582015,0.2,0,0.19262540995384558
VST-CA,mixed,uniform,1,4,2,61.00538965524388,0.0024719190001582015,0.2,2,0.22751392303526075
VST-NCA,N/A,uniform,1,4,2,61.00538965524388,0.0024719190001582015,0.2,0,0.18497504354155891
VST-CA,mixed,uniform,1,4,2,62.006847226412596,0.002559699590430487,0.25,3,0.41373205242987954
VST-NCA,N/A,uniform,1,4,2,61.00538965524388,0.0024719190001582015,0.2,0,0.21975026172306134
VST-CA,mixed,uniform,1,4,2,61.00538965524388,0.0024719190001582015,0.2,2,0.2109878683663271
VST-NCA,N/A,uniform,1,4,2,61.00538965524388,0.0024719190001582015,0.2,0,0.1966558661493787
VST-CA,mixed,uniform,1,4,2,61.00538965524388,0.0024719190001582015,0.2,2,0.22600200851725027
VST-NCA,N/A,uniform,1,4,2,61.00538965524388,0.0024719190001582015,0.2,0,0.22743220859525426
VST-CA,mixed,uniform,1,4,2,61.00538965524388,0.0024719190001582015,0.2,2,0.2353719309714304
VST-NCA,N/A,uniform,1,4,2,61.00538965524388,0.0024719190001582015,0.2,0,0.17598763940799245
VST-CA,mixed,uniform,1,4,2,62.006847226412596,0.002559699590430487,0.25,3,0.4050541368033942
VST-NCA,N/A,uniform,1,4,2,61.00538965524388,0.0024719190001582015,0.2,0,0.18985264557407788
VST-CA,mixed,uniform,1,4,2,61.00538965524388,0.0024719190001582015,0.2,2,0.20772600161376076
VST-NCA,N/A,uniform,1,4,2,61.00538965524388,0.0024719190001582015,0.2,0,0.17715216886703544
VST-CA,mixed,uniform,1,4,2,61.00538965524388,0.0024719190001582015,0.2,2,0.233860411209168
VST-NCA,N/A,uniform,1,4,2,61.00538965524388,0.0024719190001582015,0.2,0,0.18575192285525244
VST-CA,mixed,uniform,1,4,2,61.00538965524388,0.0024719190001582015,0.2,2,0.2175052857794766
VST-NCA,N/A,uniform,1,8,4,97.02844470200021,0.004065482782260189,0.4,0,2.004069931770416
VST-CA,mixed,uniform,1,8,4,97.02844470200021,0.004065482782260189,0.4,2,1.9164961321831733
VST-NCA,N/A,uniform,1,8,4,97.02844470200021,0.004065482782260189,0.4,0,1.8710660615850543
VST-CA,mixed,uniform,1,8,4,97.02844470200021,0.004065482782260189,0.4,2,1.9976365973317662
VST-NCA,N/A,uniform,1,8,4,97.02844470200021,0.004065482782260189,0.4,0,1.9087518139026667
VST-CA,mixed,uniform,1,8,4,97.00962923299765,0.0040564740107929455,0.2,3,4.2183978285275785
VST-NCA,N/A,uniform,1,8,4,97.02844470200021,0.004065482782260189,0.4,0,1.9585155131114185
VST-CA,mixed,uniform,1,8,4,97.02844470200021,0.004065482782260189,0.4,2,2.2587801573654325
VST-NCA,N/A,uniform,1,8,4,97.02844470200021,0.004065482782260189,0.4,0,1.9790787348236165
VST-CA,mixed,uniform,1,8,4,97.02844470200021,0.004065482782260189,0.4,2,1.963693129513043
VST-NCA,N/A,uniform,1,8,4,97.02844470200021,0.004065482782260189,0.4,0,2.1410604402631925
VST-CA,mixed,uniform,1,8,4,97.02844470200021,0.004065482782260189,0.4,2,2.024633153482611
VST-NCA,N/A,uniform,1,8,4,97.02844470200021,0.004065482782260189,0.4,0,2.1562802481592556
VST-CA,mixed,uniform,1,8,4,97.00962923299765,0.0040564740107929455,0.2,3,3.9419736682125333
VST-NCA,N/A,uniform,1,8,4,97.02844470200021,0.004065482782260189,0.4,0,2.0219638151090393
VST-CA,mixed,uniform,1,8,4,97.02844470200021,0.004065482782260189,0.4,2,1.9175122334806574
VST-NCA,N/A,uniform,1,8,4,97.02844470200021,0.004065482782260189,0.4,0,1.931697386559044
VST-CA,mixed,uniform,1,8,4,97.02844470200021,0.004065482782260189,0.4,2,2.073055472656847
VST-NCA,N/A,uniform,1,8,4,97.02844470200021,0.004065482782260189,0.4,0,1.8756748349526262
VST-CA,mixed,uniform,1,8,4,97.02844470200021,0.004065482782260189,0.4,2,1.9983550527946363
VST-NCA,N/A,uniform,1,16,8,98.01433575708323,0.004017472622123784,0.3333333333333333,0,0.9914484062131379
VST-CA,mixed,uniform,1,16,8,98.01204118376621,0.004022965775457468,0.2857142857142857,3,2.067221772200668
VST-NCA,N/A,uniform,1,16,8,98.01433575708323,0.004017472622123784,0.3333333333333333,0,0.9688798252968951
VST-CA,mixed,uniform,1,16,8,98.01204118376621,0.004022965775457468,0.2857142857142857,3,2.1791958193787195
VST-NCA,N/A,uniform,1,16,8,98.01433575708323,0.004017472622123784,0.3333333333333333,0,1.0066709773994447
VST-CA,mixed,uniform,1,16,8,98.01204118376621,0.004022965775457468,0.2857142857142857,3,2.0403100885358185
VST-NCA,N/A,uniform,1,16,8,98.01433575708323,0.004017472622123784,0.3333333333333333,0,1.0283126718174387
VST-CA,mixed,uniform,1,16,8,98.01204118376621,0.004022965775457468,0.2857142857142857,3,2.1268444962364015
VST-NCA,N/A,uniform,1,16,8,98.01433575708323,0.004017472622123784,0.3333333333333333,0,0.9797525828868601
VST-CA,mixed,uniform,1,16,8,98.01204118376621,0.004022965775457468,0.2857142857142857,3,2.060373944225759
VST-NCA,N/A,uniform,1,16,8,98.01433575708323,0.004017472622123784,0.3333333333333333,0,1.0902151103026512
VST-CA,mixed,uniform,1,16,8,98.01204118376621,0.004022965775457468,0.2857142857142857,3,2.086841922428917
VST-NCA,N/A,uniform,1,16,8,98.01433575708323,0.004017472622123784,0.3333333333333333,0,0.9798248231889062
VST-CA,mixed,uniform,1,16,8,98.01204118376621,0.004022965775457468,0.2857142857142857,3,2.1953855421496513
VST-NCA,N/A,uniform,1,16,8,98.01433575708323,0.004017472622123784,0.3333333333333333,0,1.0029713265214326
VST-CA,mixed,uniform,1,16,8,98.01204118376621,0.004022965775457468,0.2857142857142857,3,2.0500467390806563
VST-NCA,N/A,uniform,1,16,8,98.01433575708323,0.004017472622123784,0.3333333333333333,0,0.9910950998179402
VST-CA,mixed,uniform,1,16,8,98.01204118376621,0.004022965775457468,0.2857142857142857,3,2.146901246322841
VST-NCA,N/A,uniform,1,16,8,98.01433575708323,0.004017472622123784,0.3333333333333333,0,0.9620750256985957
VST-CA,mixed,uniform,1,16,8,98.01204118376621,0.004022965775457468,0.2857142857142857,3,2.1368507649576998
VST-NCA,N/A,uniform,2,2,1,63.005070639739316,0.002496198737893089,0.2,0,2.7355969417482697
VST-CA,mixed,uniform,2,2,1,63.005070639739316,0.002496198737893089,0.2,2,2.6427014399110647
VST-NCA,N/A,uniform,2,2,1,96.00812026975811,0.003873661867847912,0.2,0,2.869402955615243
VST-CA,mixed,uniform,2,2,1,96.00768183432682,0.0038077440278436944,0.2,5,3.4494886334029644
VST-NCA,N/A,uniform,2,2,1,94.00895885995628,0.003873332278647892,0.2,0,2.7756453072226037
VST-CA,mixed,uniform,2,2,1,94.01000263409703,0.003998136722389212,0.2,5,3.4318592364160594
VST-NCA,N/A,uniform,2,2,1,73.00583224180322,0.002887860570584822,0.2,0,2.71045100054792
VST-CA,mixed,uniform,2,2,1,73.00698881889394,0.0030075014501924776,0.2,3,2.7641567306644674
VST-NCA,N/A,uniform,2,2,1,78.00649820624434,0.003126593014466768,0.2,0,2.629505149983501
VST-CA,mixed,uniform,2,2,1,78.00649820624434,0.003126593014466768,0.2,2,2.6282912760558474
VST-NCA,N/A,uniform,2,2,1,63.004742794465244,0.002454121183357063,0.2,0,2.5871261465680675
VST-CA,mixed,uniform,2,2,1,63.005899371555955,0.0025737620629647196,0.2,3,2.718296376300131
VST-NCA,N/A,uniform,2,2,1,56.004817414124474,0.002247358891877164,0.2,0,2.5585462251086852
VST-CA,mixed,uniform,2,2,1,56.00552209379042,0.0023277786566823096,0.2,4,2.802682917971339
VST-NCA,N/A,uniform,2,2,1,66.0048527613008,0.002563984250030761,0.2,0,2.533170536062528
VST-CA,mixed,uniform,2,2,1,66.0060093383915,0.0026836251296384174,0.2,3,2.7121942419347533
VST-NCA,N/A,uniform,2,2,1,82.00686714915388,0.0032664486983423843,0.2,0,2.714819367664461
VST-CA,mixed,uniform,2,2,1,82.00686714915388,0.0032664486983423843,0.2,2,2.721365997003005
VST-NCA,N/A,uniform,2,2,1,69.00538783557478,0.0027105415809734737,0.2,0,2.5950066555819262
VST-CA,mixed,uniform,2,2,1,69.00624179635702,0.002793927648578809,0.2,6,3.2014951768742606
VST-NCA,N/A,uniform,2,4,2,120.01243431219045,0.005077101900191596,0.2,0,2.7611593502636254
VST-CA,mixed,uniform,2,4,2,120.01243431219045,0.005077101900191596,0.2,2,2.8932568612496823
VST-NCA,N/A,uniform,2,4,2,127.0118480657506,0.005231898961134837,0.2,0,3.4629545415070027
VST-CA,mixed,uniform,2,4,2,127.01091342683891,0.005120607674594383,0.2,5,6.545889171534014
VST-NCA,N/A,uniform,2,4,2,124.01170975044626,0.005103139446993262,0.2,0,2.9090743293494654
VST-CA,mixed,uniform,2,4,2,125.01201958219927,0.005201027439399527,0.2,5,3.860894784960749
VST-NCA,N/A,uniform,2,4,2,125.01160594758531,0.005129176993794929,0.2,0,3.6509557826190644
VST-CA,mixed,uniform,2,4,2,126.01306351875401,0.005216957584067214,0.25,3,3.8624292005564484
VST-NCA,N/A,uniform,2,4,2,114.01044016399864,0.004645999226564008,0.2,0,3.034604288942262
VST-CA,mixed,uniform,2,4,2,114.01044016399864,0.004645999226564008,0.2,2,2.985228634634609
VST-NCA,N/A,uniform,2,4,2,143.02560542642615,0.0059398565627801474,0.3333333333333333,0,3.0983210248490707
VST-CA,mixed,uniform,2,4,2,144.01536119739373,0.00602763715305243,0.25,3,3.2676921631509686
VST-NCA,N/A,uniform,2,4,2,137.01360384544287,0.005703431243298347,0.2,0,2.9387216703536865
VST-CA,mixed,uniform,2,4,2,139.0138513880654,0.005789014572237157,0.2,4,3.5271955130482695
VST-NCA,N/A,uniform,2,4,2,116.01025665695406,0.004681814586299632,0.2,0,2.7393127776119854
VST-CA,mixed,uniform,2,4,2,117.01171422812277,0.004769595176571917,0.25,3,3.083895465519646
VST-NCA,N/A,uniform,2,4,2,112.00996213923652,0.0045561312380249215,0.2,0,3.044887676199238
VST-CA,mixed,uniform,2,4,2,112.00996213923652,0.0045561312380249215,0.2,2,3.1897350083609126
VST-NCA,N/A,uniform,2,4,2,131.01153411132435,0.005298036527272403,0.2,0,2.8634389857619453
VST-CA,mixed,uniform,2,4,2,132.0134156313019,0.0055088637522192315,0.2,6,4.29541309610093
VST-NCA,N/A,uniform,2,8,4,166.0714331435165,0.0068105213661691965,0.4,0,6.312783533316605
VST-CA,mixed,uniform,2,8,4,166.0714331435165,0.0068105213661691965,0.4,2,6.603136255473288
VST-NCA,N/A,uniform,2,8,4,195.03740056064478,0.008042525795848044,0.4,0,5.290202320216395
VST-CA,mixed,uniform,2,8,4,195.01760427245296,0.00792090738104026,0.2,5,13.616999287860637
VST-NCA,N/A,uniform,2,8,4,174.0356521394381,0.007243381848863568,0.4,0,6.5139696164395104
VST-CA,mixed,uniform,2,8,4,174.01636548627377,0.007202402924994277,0.2,5,12.935585730685034
VST-NCA,N/A,uniform,2,8,4,171.0424631275855,0.007038377366450447,0.4,0,5.0074656207218595
VST-CA,mixed,uniform,2,8,4,171.01578090511066,0.0070293685949832044,0.2,3,7.062375355872291
VST-NCA,N/A,uniform,2,8,4,174.04884696303495,0.007283921320466161,0.4,0,7.072624004623378
VST-CA,mixed,uniform,2,8,4,174.04884696303495,0.007283921320466161,0.4,2,7.366258726075841
VST-NCA,N/A,uniform,2,8,4,188.05403803687932,0.007909371759039522,0.4,0,5.067602711498239
VST-CA,mixed,uniform,2,8,4,188.03522256787664,0.007900362987572278,0.4,3,7.176935842716659
VST-NCA,N/A,uniform,2,8,4,160.03894729144545,0.006588048656154961,0.4,0,4.859025221734271
VST-CA,mixed,uniform,2,8,4,160.015891990883,0.006682860482694362,0.2,4,7.373440912169997
VST-NCA,N/A,uniform,2,8,4,178.03663685063225,0.0074404761904761805,0.4,0,6.105312938672341
VST-CA,mixed,uniform,2,8,4,178.02070451831082,0.0074314674190089375,0.25,3,8.31651042234131
VST-NCA,N/A,uniform,2,8,4,161.0554312020925,0.006753941886832242,0.4,0,4.700000236853441
VST-CA,mixed,uniform,2,8,4,161.0554312020925,0.006753941886832242,0.4,2,4.691469959877054
VST-NCA,N/A,uniform,2,8,4,165.04387797860048,0.00696916363444602,0.4,0,4.591617677478212
VST-CA,mixed,uniform,2,8,4,165.01593186614087,0.006815245478036167,0.2,6,12.498049117089295
VST-NCA,N/A,uniform,2,16,8,205.03397129695853,0.008494502452143646,0.3333333333333333,0,4.4836610595559705
VST-CA,mixed,uniform,2,16,8,205.03397129695853,0.008494502452143646,0.3333333333333333,2,4.310900548394727
VST-NCA,N/A,uniform,2,16,8,221.02900994029434,0.008979438028441342,0.3333333333333333,0,4.669188366390188
VST-CA,mixed,uniform,2,16,8,221.01958834772358,0.008855292763100063,0.25,5,10.868532519189102
VST-NCA,N/A,uniform,2,16,8,199.03993164520838,0.00821698834572588,0.4,0,4.839309935370636
VST-CA,mixed,uniform,2,16,8,199.02586281537705,0.008222151909859544,0.3333333333333333,5,8.569258317108847
VST-NCA,N/A,uniform,2,16,8,208.07672080525117,0.008571296735748555,0.4,0,4.796317086765725
VST-CA,mixed,uniform,2,16,8,208.03415069276753,0.008576789889082241,0.4,3,5.8610226858234
VST-NCA,N/A,uniform,2,16,8,179.03037761482358,0.007279526797799209,0.4,0,5.96907996646155
VST-CA,mixed,uniform,2,16,8,179.03037761482358,0.007279526797799209,0.4,2,6.020939029185058
VST-NCA,N/A,uniform,2,16,8,205.03009632829412,0.008472529838808897,0.3333333333333333,0,4.8249625376794825
VST-CA,mixed,uniform,2,16,8,205.03478628192067,0.008456160241874516,0.4,3,6.162092237049251
VST-NCA,N/A,uniform,2,16,8,214.06982768712743,0.008642378139886438,0.4,0,5.874880191630268
VST-CA,mixed,uniform,2,16,8,211.0820401418325,0.008713789133224344,0.4,4,9.862263797897697
VST-NCA,N/A,uniform,2,16,8,227.02744711830627,0.0094094420714022,0.3333333333333333,0,4.484916777593014
VST-CA,mixed,uniform,2,16,8,227.0249684528199,0.009386920142734095,0.2857142857142857,3,5.566658455747074
VST-NCA,N/A,uniform,2,16,8,211.04267789506605,0.008662483081087722,0.4,0,5.7760523003996695
VST-CA,mixed,uniform,2,16,8,211.04267789506605,0.008662483081087722,0.4,2,5.756397411665546
VST-NCA,N/A,uniform,2,16,8,200.02422993441365,0.008235005888660362,0.3333333333333333,0,5.58968376906472
VST-CA,mixed,uniform,2,16,8,201.02111181074497,0.00815887078345549,0.3333333333333333,6,16.852281214521327
VST-NCA,N/A,uniform,4,2,1,164.02654741964895,0.006828758635237035,0.4,0,3.005478420282259
VST-CA,mixed,uniform,4,2,1,164.02769190258937,0.006947300884177957,0.4,3,3.1160530583306922
VST-NCA,N/A,uniform,4,2,1,199.02729211992346,0.008186006960923897,0.3333333333333333,0,3.036081464954407
VST-CA,mixed,uniform,4,2,1,199.05451276806266,0.008236873560793822,0.4,3,3.7641468617707687
VST-NCA,N/A,uniform,4,2,1,186.01776315921637,0.007682504526358338,0.2,0,3.137736596858076
VST-CA,mixed,uniform,4,2,1,186.0249440681953,0.00769458946369244,0.4,8,5.179748477427097
VST-NCA,N/A,uniform,4,2,1,116.00941019942127,0.0046082063316282545,0.2,0,2.706490810875721
VST-CA,mixed,uniform,4,2,1,116.01097186974953,0.004766628873771727,0.2,4,3.1278566499763656
VST-NCA,N/A,uniform,4,2,1,129.01047474297582,0.0051269797324614555,0.2,0,2.796968038995601
VST-CA,mixed,uniform,4,2,1,129.01276557800213,0.005398561233278837,0.2,6,3.4433651822271827
VST-NCA,N/A,uniform,4,2,1,167.0147602437663,0.0067407583188313965,0.2,0,2.8966722879885083
VST-CA,mixed,uniform,4,2,1,167.0158324838612,0.006878087152173522,0.2,5,3.3472034713240646
VST-NCA,N/A,uniform,4,2,1,116.01099616160425,0.004774868603772255,0.2,0,2.9478910568875563
VST-CA,mixed,uniform,4,2,1,116.0111097841797,0.004773660110038846,0.2,3,3.4027144194800485
VST-NCA,N/A,uniform,4,2,1,171.0219582202119,0.006983335970046924,0.3333333333333333,0,2.882670696333321
VST-CA,mixed,uniform,4,2,1,171.0184836488941,0.007094846982720731,0.2857142857142857,6,3.328581263628962
VST-NCA,N/A,uniform,4,2,1,174.01504755297017,0.0070094833799152646,0.2,0,3.0781091357533796
VST-CA,mixed,uniform,4,2,1,174.04293816145358,0.007120335214189025,0.4,3,3.835022493182464
VST-NCA,N/A,uniform,4,2,1,189.0167834709038,0.007677121236091326,0.2,0,2.942233812251061
VST-CA,mixed,uniform,4,2,1,189.0172223396055,0.0076979952187593275,0.2,5,3.9087723412015976
VST-NCA,N/A,uniform,4,4,2,257.0786693840877,0.010737796410553896,0.4,0,3.6453107754108487
VST-CA,mixed,uniform,4,4,2,254.0892125193502,0.01066122185308232,0.4,3,4.144838647535266
VST-NCA,N/A,uniform,4,4,2,247.04405589719178,0.010096086238112818,0.4,0,4.327147510749114
VST-CA,mixed,uniform,4,4,2,247.03382097121366,0.0104629190177363,0.4,3,6.521814597435991
VST-NCA,N/A,uniform,4,4,2,229.0744082698731,0.009428777971136771,0.4,0,3.663435196106775
VST-CA,mixed,uniform,4,4,2,231.0256138907719,0.009534466241276867,0.2857142857142857,8,7.528052922534698
VST-NCA,N/A,uniform,4,4,2,264.0324147454297,0.010925222802299218,0.4,0,4.961468680868393
VST-CA,mixed,uniform,4,4,2,266.0568454599531,0.010633865949480563,0.4,4,6.91550924281114
VST-NCA,N/A,uniform,4,4,2,218.02084019420454,0.008979218302308,0.2,0,3.480678285117847
VST-CA,mixed,uniform,4,4,2,218.01997405218717,0.008856611119900153,0.2,6,5.298210730092933
VST-NCA,N/A,uniform,4,4,2,236.03425672659878,0.009766716764225074,0.3333333333333333,0,3.4032169435483866
VST-CA,mixed,uniform,4,4,2,236.0275259870373,0.009783635676492824,0.3333333333333333,5,5.119781131622517
VST-NCA,N/A,uniform,4,4,2,227.02698526383216,0.009507000474608451,0.2857142857142857,0,3.2769073413516026
VST-CA,mixed,uniform,4,4,2,228.05244017637665,0.009548418850744433,0.4,3,3.5791355007003176
VST-NCA,N/A,uniform,4,4,2,230.0214508143303,0.009410211112868917,0.2,0,4.2045671661115875
VST-CA,mixed,uniform,4,4,2,231.0228844157,0.009515130341542298,0.25,6,5.302858584279534
VST-NCA,N/A,uniform,4,4,2,216.01938729248192,0.008789814375362547,0.2,0,4.023446517701586
VST-CA,mixed,uniform,4,4,2,217.02003448145993,0.008795197665629551,0.25,3,5.450272223564298
VST-NCA,N/A,uniform,4,4,2,214.04178350241102,0.008689399532422785,0.3333333333333333,0,3.2711818039706486
VST-CA,mixed,uniform,4,4,2,214.02075901502485,0.00871400885935769,0.25,5,4.609776047168566
VST-NCA,N/A,uniform,4,8,4,302.1122385341529,0.012259729473184629,0.4,0,7.23085710947214
VST-CA,mixed,uniform,4,8,4,302.0887370180807,0.012225562059449106,0.4,3,10.036722153534697
VST-NCA,N/A,uniform,4,8,4,354.054233837275,0.014784932060679594,0.4,0,6.975075911530553
VST-CA,mixed,uniform,4,8,4,354.06066580931093,0.014561580446131964,0.4,3,12.2031105173985
VST-NCA,N/A,uniform,4,8,4,346.0528464153673,0.01438942502065428,0.4,0,13.556302038676563
VST-CA,mixed,uniform,4,8,4,346.0340989259204,0.014272750443846816,0.25,8,49.06730743419814
VST-NCA,N/A,uniform,4,8,4,333.1500936164797,0.013772653764348122,0.4,0,9.572241881058517
VST-CA,mixed,uniform,4,8,4,333.03204950100735,0.01375364745381359,0.2,4,17.40956777403551
VST-NCA,N/A,uniform,4,8,4,317.0662259449165,0.013224437061646378,0.4,0,8.700711191957112
VST-CA,mixed,uniform,4,8,4,317.03646366976756,0.012849254688955704,0.3333333333333333,6,20.116873755532424
VST-NCA,N/A,uniform,4,8,4,339.06738007760885,0.013981613317161516,0.4,0,7.672546158789714
VST-CA,mixed,uniform,4,8,4,340.03261763279676,0.014044674717432225,0.2,5,14.72829001283742
VST-NCA,N/A,uniform,4,8,4,335.0566605089811,0.013725742234878463,0.4,0,6.983554080748149
VST-CA,mixed,uniform,4,8,4,336.08622934165294,0.013709812090210783,0.5,3,9.632259360843022
VST-NCA,N/A,uniform,4,8,4,330.0509428247798,0.013722885795144954,0.4,0,7.6501319273712625
VST-CA,mixed,uniform,4,8,4,330.0339789227257,0.013445811140993889,0.2857142857142857,6,13.10844848358522
VST-NCA,N/A,uniform,4,8,4,288.08422383127447,0.01187048462795972,0.4,0,6.243506662687537
VST-CA,mixed,uniform,4,8,4,289.0424353496942,0.011875318602893358,0.4,3,10.530143548980504
VST-NCA,N/A,uniform,4,8,4,307.07314748852866,0.012763891086150232,0.42857142857142855,0,11.492546616706363
VST-CA,mixed,uniform,4,8,4,307.0313541125234,0.012621288825607781,0.25,5,28.795703636332064
VST-NCA,N/A,uniform,4,16,8,428.1561799044184,0.01775969431700329,0.4,0,8.30625782603272
VST-CA,mixed,uniform,4,16,8,427.10334371919,0.017686964966865306,0.4,3,12.835308691100408
VST-NCA,N/A,uniform,4,16,8,438.1161582843563,0.01772926224753468,0.4,0,8.376865023535288
VST-CA,mixed,uniform,4,16,8,448.0700269985277,0.018269458946369246,0.4,3,16.005498158069713
VST-NCA,N/A,uniform,4,16,8,402.21004551172103,0.016531754820791382,0.6,0,7.52767356226002
VST-CA,mixed,uniform,4,16,8,402.0517504073697,0.016168437659301475,0.3333333333333333,8,23.363982959183772
VST-NCA,N/A,uniform,4,16,8,432.1561983636927,0.017689052365132105,0.4,0,7.052635942037227
VST-CA,mixed,uniform,4,16,8,430.10845029888554,0.017792653237005396,0.4,4,13.0392201679133
VST-NCA,N/A,uniform,4,16,8,385.0979581132031,0.015705035244071814,0.4,0,8.50726547955719
VST-CA,mixed,uniform,4,16,8,384.043800744306,0.015670208651936256,0.3333333333333333,6,18.78215482952089
VST-NCA,N/A,uniform,4,16,8,461.30115505475123,0.019053112200952734,0.6,0,7.638785857638368
VST-CA,mixed,uniform,4,16,8,461.1335831111283,0.018720666561198113,0.5,5,15.358073070868159
VST-NCA,N/A,uniform,4,16,8,434.11527615242323,0.017592482729525908,0.4,0,8.92667767245689
VST-CA,mixed,uniform,4,16,8,433.1233595851454,0.017722340874334223,0.4,3,12.313631468665108
VST-NCA,N/A,uniform,4,16,8,432.06539243230736,0.017644447960062593,0.4,0,7.143579376696607
VST-CA,mixed,uniform,4,16,8,443.05045998697284,0.018072144878623294,0.3333333333333333,6,12.370389055475698
VST-NCA,N/A,uniform,4,16,8,438.13255714513315,0.01802622211675367,0.42857142857142855,0,11.814429270033315
VST-CA,mixed,uniform,4,16,8,440.10505611362714,0.01817750355956335,0.4,3,22.030822134112668
VST-NCA,N/A,uniform,4,16,8,467.0923013564124,0.019196483502961874,0.4,0,7.956155663244999
VST-CA,mixed,uniform,4,16,8,468.0632289949868,0.01913825607762483,0.3333333333333333,5,19.02417602632545
VST-NCA,N/A,uniform,8,2,1,344.29127838659747,0.01442326284518977,0.6,0,3.279247453430571
VST-CA,mixed,uniform,8,2,1,344.1407652655091,0.014517525356395802,0.6,10,4.900395229455626
VST-NCA,N/A,uniform,8,2,1,352.0856029371091,0.014564217159732138,0.4,0,3.7356202323373964
VST-CA,mixed,uniform,8,2,1,352.0768404718528,0.014416341471989344,0.4,10,6.1806879961091
VST-NCA,N/A,uniform,8,2,1,316.0650809017082,0.013278929142716524,0.4,0,3.501337037721214
VST-CA,mixed,uniform,8,2,1,316.0303219370732,0.013111497829105813,0.2,6,5.273187952686158
VST-NCA,N/A,uniform,8,2,1,243.03325592030495,0.009740020039023361,0.4,0,3.1406648950028284
VST-CA,mixed,uniform,8,2,1,243.0225869742822,0.009930742322768896,0.2,6,4.1512407962698035
VST-NCA,N/A,uniform,8,2,1,250.0746178850174,0.010281644957724692,0.4,0,3.128940254506915
VST-CA,mixed,uniform,8,2,1,250.06756402977018,0.010379532950130962,0.4,6,4.080243580087199
VST-NCA,N/A,uniform,8,2,1,304.0302103615818,0.012365967058658115,0.25,0,3.3331651673843226
VST-CA,mixed,uniform,8,2,1,304.0281165191947,0.012430566541862236,0.2,8,5.713691945245728
VST-NCA,N/A,uniform,8,2,1,288.0793491911457,0.011861805445692503,0.4,0,3.3968436119835133
VST-CA,mixed,uniform,8,2,1,288.0419999002747,0.011969141661832702,0.4,5,3.925931584091586
VST-NCA,N/A,uniform,8,2,1,322.03642419285586,0.013215208564045792,0.3333333333333333,0,3.379055917941514
VST-CA,mixed,uniform,8,2,1,322.05336788854527,0.01359928984513703,0.4,5,4.813650416940845
VST-NCA,N/A,uniform,8,2,1,285.0312812086388,0.011605824500342789,0.2857142857142857,0,3.507145079053771
VST-CA,mixed,uniform,8,2,1,285.03268029049275,0.011569240099140442,0.2857142857142857,5,4.653902239528406
VST-NCA,N/A,uniform,8,2,1,367.0846631338113,0.014949397071490116,0.4,0,3.7701416225725097
VST-CA,mixed,uniform,8,2,1,367.08618779422466,0.015099360157499712,0.4,3,4.1086545460862
VST-NCA,N/A,uniform,8,4,2,505.13605528065426,0.02065898064652213,0.4,0,5.234705188511725
VST-CA,mixed,uniform,8,4,2,502.0578867904496,0.0205618616955826,0.3333333333333333,12,10.253059751809133
VST-NCA,N/A,uniform,8,4,2,467.10197592019216,0.019244054210831602,0.4,0,5.562793007454502
VST-CA,mixed,uniform,8,4,2,468.0655088645544,0.01882272935013796,0.4,10,14.47836817447569
VST-NCA,N/A,uniform,8,4,2,427.1178293207628,0.0176861959253986,0.4,0,4.727762224401204
VST-CA,mixed,uniform,8,4,2,426.0802835496489,0.01774563184446908,0.4,6,9.892890133158971
VST-NCA,N/A,uniform,8,4,2,495.27869508959975,0.020416732584506644,0.5,0,6.929598075486865
VST-CA,mixed,uniform,8,4,2,496.26814069689345,0.02015910369315685,0.6,6,12.9840629209084
VST-NCA,N/A,uniform,8,4,2,437.04701781802623,0.018036659108087678,0.3333333333333333,0,4.871123301168609
VST-CA,mixed,uniform,8,4,2,438.04283275304886,0.01807236460475665,0.25,6,8.163864690361606
VST-NCA,N/A,uniform,8,4,2,434.195613798509,0.018088734201691006,0.4,0,5.253942820419297
VST-CA,mixed,uniform,8,4,2,435.068528431868,0.017978431682750626,0.4,8,14.237357157632232
VST-NCA,N/A,uniform,8,4,2,423.09744724947313,0.017463613352317674,0.4,0,4.148893183831433
VST-CA,mixed,uniform,8,4,2,423.0695533360155,0.01748492678725237,0.4,5,4.931420662779146
VST-NCA,N/A,uniform,8,4,2,471.04511107450315,0.01911024099562305,0.25,0,4.8450958703813285
VST-CA,mixed,uniform,8,4,2,471.0625929380568,0.01937621948004006,0.4,5,7.345503653069727
VST-NCA,N/A,uniform,8,4,2,441.17515808036757,0.018046986236355003,0.4,0,5.372466654981963
VST-CA,mixed,uniform,8,4,2,441.09394471004646,0.017950636326882177,0.4,5,8.952262187294082
VST-NCA,N/A,uniform,8,4,2,382.0694492159779,0.015643402063667877,0.3333333333333333,0,4.605661113242832
VST-CA,mixed,uniform,8,4,2,382.07764758393336,0.015742608412874223,0.4,3,5.751938645482596
VST-NCA,N/A,uniform,8,8,4,617.2214964131042,0.025081298669338482,0.5,0,8.92857250005136
VST-CA,mixed,uniform,8,8,4,616.1210036386004,0.024915625164794526,0.4,10,21.755136167048022
VST-NCA,N/A,uniform,8,8,4,648.2659799731258,0.02665288983810574,0.6,0,10.968494148930404
VST-CA,mixed,uniform,8,8,4,648.1054142427816,0.02650578319182964,0.4,10,30.48368040258765
VST-NCA,N/A,uniform,8,8,4,671.3542056327792,0.027994098156058193,0.5,0,17.906986466193985
VST-CA,mixed,uniform,8,8,4,671.2656025880101,0.027738776389108523,0.4,6,46.55710220857941
VST-NCA,N/A,uniform,8,8,4,596.2198729623557,0.024762585912918095,0.4,0,11.452393246202973
VST-CA,mixed,uniform,8,8,4,596.1541896289456,0.024853991984390575,0.4,6,27.59608868108944
VST-NCA,N/A,uniform,8,8,4,618.4175587690269,0.02546537995042977,0.6,0,16.684096712000382
VST-CA,mixed,uniform,8,8,4,618.2664620268516,0.025119640879607615,0.6,6,40.32173856747886
VST-NCA,N/A,uniform,8,8,4,647.177404904243,0.026420419589024167,0.4,0,13.721617061659344
VST-CA,mixed,uniform,8,8,4,647.1538191832786,0.026232334018878794,0.4,8,42.8022103953399
VST-NCA,N/A,uniform,8,8,4,630.1849397213884,0.026199484961943374,0.5,0,11.194018502991412
VST-CA,mixed,uniform,8,8,4,629.1338464144537,0.026048533108333702,0.4,5,19.924753632937154
VST-NCA,N/A,uniform,8,8,4,655.2515294790361,0.027070259628399075,0.4,0,10.366715458477302
VST-CA,mixed,uniform,8,8,4,652.0880041492079,0.026468979064493935,0.3333333333333333,5,23.79238295097275
VST-NCA,N/A,uniform,8,8,4,586.1665959874558,0.024204151945015663,0.4,0,10.67983571844752
VST-CA,mixed,uniform,8,8,4,588.0658755984449,0.023952895111532913,0.3333333333333333,5,19.434912277377634
VST-NCA,N/A,uniform,8,8,4,610.1677594672777,0.025210607498813424,0.42857142857142855,0,17.609069829133887
VST-CA,mixed,uniform,8,8,4,610.2075032156868,0.025384630596424602,0.42857142857142855,3,26.96401485544834
VST-NCA,N/A,uniform,8,16,8,910.5217839907996,0.037777514106417685,0.6,0,13.613545569814278
VST-CA,mixed,uniform,8,16,8,907.2062063127954,0.03683631721422414,0.4,12,37.7124259635591
VST-NCA,N/A,uniform,8,16,8,877.4640489646098,0.035958401448434575,0.6,0,14.78715559534703
VST-CA,mixed,uniform,8,16,8,887.220698715772,0.036152199898047,0.4,10,52.61548658383094
VST-NCA,N/A,uniform,8,16,8,855.5360355256115,0.03501094236144062,0.6,0,11.539621634510013
VST-CA,mixed,uniform,8,16,8,838.226825883734,0.03404205997644528,0.42857142857142855,6,26.589310724882125
VST-NCA,N/A,uniform,8,16,8,872.5909438558047,0.0356755040517498,0.6666666666666666,0,14.207224661812688
VST-CA,mixed,uniform,8,16,8,869.2140052256972,0.03562134155987967,0.4,6,32.19485933273654
VST-NCA,N/A,uniform,8,16,8,786.3188953377418,0.03212088452952233,0.6,0,13.03440138448741
VST-CA,mixed,uniform,8,16,8,779.1433051932607,0.031288012621068985,0.4,6,32.6919768262585
VST-NCA,N/A,uniform,8,16,8,895.7135995667418,0.03705999841797181,0.6666666666666666,0,12.064958242736793
VST-CA,mixed,uniform,8,16,8,898.1990213563951,0.03666811685914669,0.4,8,41.33111875358236
VST-NCA,N/A,uniform,8,16,8,849.3155970077612,0.0346738824728857,0.4,0,12.953421190172776
VST-CA,mixed,uniform,8,16,8,859.2496484803856,0.03515420380038308,0.4,5,19.528200561184804
VST-NCA,N/A,uniform,8,16,8,896.6156694820008,0.036871363532493005,0.6,0,11.912356328645274
VST-CA,mixed,uniform,8,16,8,903.2830635973993,0.036962440014765514,0.5,5,24.231628067449492
VST-NCA,N/A,uniform,8,16,8,858.3993232219877,0.03540095624813225,0.6,0,15.820724834715747
VST-CA,mixed,uniform,8,16,8,857.2077295228538,0.034999187013306475,0.4,5,30.95052368297638
VST-NCA,N/A,uniform,8,16,8,906.5789308928041,0.037144702842377184,0.6,0,12.921963104548468
VST-CA,mixed,uniform,8,16,8,908.4552625652223,0.03726752975091838,0.6,3,19.41265042167788
VST-NCA,N/A,uniform,16,2,1,606.5744985474471,0.025219945859480702,0.6,0,4.077442788049211
VST-CA,mixed,uniform,16,2,1,606.2180995014618,0.025279381778551147,0.6,9,7.368583047924858
VST-NCA,N/A,uniform,16,2,1,626.3679767543529,0.026195090439276408,0.6,0,4.423478177112429
VST-CA,mixed,uniform,16,2,1,626.2804415601057,0.025920103183392152,0.6,17,11.332260781963669
VST-NCA,N/A,uniform,16,2,1,706.3350045669101,0.029385843484680572,0.6,0,4.832801597339767
VST-CA,mixed,uniform,16,2,1,706.141534949111,0.029065043329993392,0.4,14,11.643053956794574
VST-NCA,N/A,uniform,16,2,1,549.2594912426655,0.02244557383676983,0.6,0,4.104146435434814
VST-CA,mixed,uniform,16,2,1,549.0918399271735,0.022195415633953827,0.4,7,7.015693514794748
VST-NCA,N/A,uniform,16,2,1,601.2000295772727,0.024950232030796764,0.4,0,4.432546506174731
VST-CA,mixed,uniform,16,2,1,601.0980712716052,0.024504187980101552,0.4,18,9.52800515708941
VST-NCA,N/A,uniform,16,2,1,654.1436625498511,0.02673056302624398,0.4,0,4.298779573126922
VST-CA,mixed,uniform,16,2,1,654.1003678731721,0.026556759654766223,0.375,11,8.21979131632088
VST-NCA,N/A,uniform,16,2,1,651.3994923761884,0.02684745732918484,0.6,0,4.548918921906534
VST-CA,mixed,uniform,16,2,1,651.096180193325,0.02656983335970039,0.3333333333333333,15,10.07082470792011
VST-NCA,N/A,uniform,16,2,1,649.3798608914403,0.02690832146812208,0.6,0,5.232076509980288
VST-CA,mixed,uniform,16,2,1,649.1044063373507,0.02696270368612553,0.4,12,10.56510627614307
VST-NCA,N/A,uniform,16,2,1,597.0754199172379,0.024319508165023037,0.4,0,4.517414649859347
VST-CA,mixed,uniform,16,2,1,597.0828850172106,0.024429920547030137,0.4,6,7.625942084594499
VST-NCA,N/A,uniform,16,2,1,696.4124124592937,0.028597026665963456,0.6,0,4.777261042502687
VST-CA,mixed,uniform,16,2,1,696.1345070584159,0.028305889539278147,0.4,9,8.585314612436378
VST-NCA,N/A,uniform,16,4,2,988.6055279725033,0.04083412434741331,0.6,0,7.905785224450028
VST-CA,mixed,uniform,16,4,2,989.2579999229023,0.040435760867654505,0.4,9,16.577994261830554
VST-NCA,N/A,uniform,16,4,2,927.4583910775964,0.03808040658123713,0.4,0,8.17468020836759
VST-CA,mixed,uniform,16,4,2,926.2001231618328,0.03745737313013051,0.4,17,26.589494286305126
VST-NCA,N/A,uniform,16,4,2,915.5260707379424,0.037525158642268165,0.6,0,7.992856894725264
VST-CA,mixed,uniform,16,4,2,914.1964113603942,0.0373320193710558,0.4,14,24.31056776929836
VST-NCA,N/A,uniform,16,4,2,967.8755511844818,0.039896113484153325,0.6,0,9.519803711651548
VST-CA,mixed,uniform,16,4,2,967.5247452905497,0.039807344126280925,0.6,10,24.177310860678062
VST-NCA,N/A,uniform,16,4,2,885.3748096276233,0.03663834396807811,0.6,0,8.839651793849043
VST-CA,mixed,uniform,16,4,2,882.1837111192056,0.03633248519045852,0.4,18,23.086323608130897
VST-NCA,N/A,uniform,16,4,2,878.5333802497296,0.03643224085499828,0.6,0,8.097002540648191
VST-CA,mixed,uniform,16,4,2,881.2200066038997,0.03610506864244394,0.4,11,21.242175941058576
VST-NCA,N/A,uniform,16,4,2,804.2686112113348,0.03318369983652365,0.42857142857142855,0,6.422546158789828
VST-CA,mixed,uniform,16,4,2,805.1621853505042,0.03270513631809304,0.4,15,17.729692974769023
VST-NCA,N/A,uniform,16,4,2,983.3537359761614,0.04032446958111401,0.4,0,9.31861210194802
VST-CA,mixed,uniform,16,4,2,979.2463154587359,0.03973856984654316,0.42857142857142855,12,22.051180872346777
VST-NCA,N/A,uniform,16,4,2,867.5682604380694,0.03531932798959371,0.6,0,8.582834362066478
VST-CA,mixed,uniform,16,4,2,867.2273626885303,0.0350188525022411,0.4,6,20.738786568198975
VST-NCA,N/A,uniform,16,4,2,883.3634829238518,0.03603091107243922,0.4,0,8.121112642763364
VST-CA,mixed,uniform,16,4,2,884.2677461051732,0.035874795654695944,0.4,9,16.399020689938425
VST-NCA,N/A,uniform,16,8,4,1172.7632576972942,0.04773517288052171,0.8,0,16.03058409639607
VST-CA,mixed,uniform,16,8,4,1171.4040370608536,0.047709574785986746,0.5,9,41.987101355906816
VST-NCA,N/A,uniform,16,8,4,1286.8396904680585,0.05329973720754439,0.6,0,21.075833368861367
VST-CA,mixed,uniform,16,8,4,1286.3308208282624,0.05272372514897424,0.4,17,96.81965149383495
VST-NCA,N/A,uniform,16,8,4,1240.5762157070767,0.051588180491834904,0.6666666666666666,0,24.525796103918765
VST-CA,mixed,uniform,16,8,4,1238.5056073860649,0.05073465432684696,0.5,14,88.70819891900055
VST-NCA,N/A,uniform,16,8,4,1263.1139681466373,0.05236699977148473,0.6,0,23.44236921347283
VST-CA,mixed,uniform,16,8,4,1262.3296826973922,0.051791097575981215,0.4,10,61.97663006491348
VST-NCA,N/A,uniform,16,8,4,1209.1206852576129,0.04978763469211968,0.6666666666666666,0,37.235863796634476
VST-CA,mixed,uniform,16,8,4,1208.3525668984546,0.049236781275817695,0.4,18,89.26487479137177
VST-NCA,N/A,uniform,16,8,4,1279.1702094662355,0.052092232241733816,0.6666666666666666,0,20.558500433441623
VST-CA,mixed,uniform,16,8,4,1277.4804077824404,0.05183152718451722,0.6,11,59.33554672881701
VST-NCA,N/A,uniform,16,8,4,1283.1978083907898,0.052949933203255396,0.8,0,17.77972510788686
VST-CA,mixed,uniform,16,8,4,1280.4429168811632,0.052331843590149155,0.42857142857142855,15,54.86123151161473
VST-NCA,N/A,uniform,16,8,4,1256.1049661249456,0.05162959886797083,0.6,0,16.187982292836296
VST-CA,mixed,uniform,16,8,4,1253.3651280622034,0.051459640703826706,0.5,12,46.070195467256326
VST-NCA,N/A,uniform,16,8,4,1192.0099731448697,0.049227882367417174,0.6666666666666666,0,20.0202343901733
VST-CA,mixed,uniform,16,8,4,1191.4132977352033,0.04852585737137224,0.6,6,50.10353259024532
VST-NCA,N/A,uniform,16,8,4,1225.3110878794228,0.05055349012990203,0.8,0,28.278397544303516
VST-CA,mixed,uniform,16,8,4,1225.4409825588132,0.05043593664856109,0.4,9,61.12177583242146
VST-NCA,N/A,uniform,16,16,8,1766.552850859532,0.07283163265306164,1.0,0,24.202209290024257
VST-CA,mixed,uniform,16,16,8,1764.8334484059676,0.07210214189034828,0.5,9,69.39041975168311
VST-NCA,N/A,uniform,16,16,8,1776.7503679788153,0.0727279219181217,0.6,0,26.894416653639837
VST-CA,mixed,uniform,16,16,8,1800.8327100959639,0.0725712571850451,0.6,17,127.23992701755742
VST-NCA,N/A,uniform,16,16,8,1713.2702270872348,0.06990597918754084,0.8,0,25.23663870216933
VST-CA,mixed,uniform,16,16,8,1705.897170773835,0.06949476172898132,0.5,14,84.98785889218925
VST-NCA,N/A,uniform,16,16,8,1768.7912295502524,0.07260718240784719,0.6666666666666666,0,28.56343014323329
VST-CA,mixed,uniform,16,16,8,1782.8546374950643,0.07242634780010242,0.6,10,84.53188560610033
VST-NCA,N/A,uniform,16,16,8,1636.3666802566504,0.06710249345216134,0.6,0,23.115793703803774
VST-CA,mixed,uniform,16,16,8,1648.6921857088541,0.06668490393573474,0.6,18,82.16178827512249
VST-NCA,N/A,uniform,16,16,8,1749.7842352592634,0.07221321345075533,0.8,0,22.466745380963403
VST-CA,mixed,uniform,16,16,8,1758.6568156706994,0.07128190423456253,0.8,11,68.00877147273877
VST-NCA,N/A,uniform,16,16,8,1760.8979897357526,0.07173300198632468,0.6666666666666666,0,23.75123716451708
VST-CA,mixed,uniform,16,16,8,1739.8713266157383,0.07065579461758903,0.42857142857142855,15,79.27920166176409
VST-NCA,N/A,uniform,16,16,8,1828.7470298452092,0.07524290724041598,0.8,0,29.876959764915227
VST-CA,mixed,uniform,16,16,8,1829.791154357297,0.0747313848019833,0.5,12,91.54631906054419
VST-NCA,N/A,uniform,16,16,8,1692.1326250450113,0.06959056232312066,0.6,0,30.80414311948698
VST-CA,mixed,uniform,16,16,8,1691.9724421887765,0.06870704354093086,0.6,6,78.48857576862883
VST-NCA,N/A,uniform,16,16,8,1797.7822133382765,0.07345016171843453,0.6,0,25.37978463705349
VST-CA,mixed,uniform,16,16,8,1768.9076688325383,0.07235153105169752,0.6,9,74.0104835284219
VST-NCA,N/A,uniform,32,2,1,1304.117080743689,0.05336433669074861,0.8,0,6.302745684135516
VST-CA,mixed,uniform,32,2,1,1300.5970386327347,0.05303024310499377,0.6,12,15.687182517688598
VST-NCA,N/A,uniform,32,2,1,1365.3856533686753,0.0566176018210902,0.6,0,7.051716161142394
VST-CA,mixed,uniform,32,2,1,1364.6275219289519,0.05625944822373391,0.6,9,15.855565187595857
VST-NCA,N/A,uniform,32,2,1,1404.9657082233475,0.057950680272108736,0.6,0,7.100789827301924
VST-CA,mixed,uniform,32,2,1,1404.3637249983806,0.05682623178470348,0.4,18,20.06160084509338
VST-NCA,N/A,uniform,32,2,1,1147.6754089165884,0.04732307651742853,0.6,0,6.192728046448792
VST-CA,mixed,uniform,32,2,1,1147.1913679630193,0.046862420678865827,0.4,13,15.641229000968451
VST-NCA,N/A,uniform,32,2,1,1324.3395370944015,0.054838918771642965,0.6,0,6.494020634672779
VST-CA,mixed,uniform,32,2,1,1324.3453193224618,0.053546050203026864,0.4,14,15.330770579012096
VST-NCA,N/A,uniform,32,2,1,1337.086094724911,0.055132582748861764,0.6,0,6.568179449646777
VST-CA,mixed,uniform,32,2,1,1336.6308134334115,0.05428378069574074,0.5714285714285714,11,14.053564407558042
VST-NCA,N/A,uniform,32,2,1,1356.1432916620163,0.05604620401132018,0.8,0,6.611072425047496
VST-CA,mixed,uniform,32,2,1,1354.3776809720398,0.05502590571112161,0.4,15,17.649406366304902
VST-NCA,N/A,uniform,32,2,1,1252.842045360142,0.05179241593278132,0.8333333333333334,0,6.411172456154418
VST-CA,mixed,uniform,32,2,1,1250.3732255174623,0.05075717625551504,0.5,13,17.318470384633656
VST-NCA,N/A,uniform,32,2,1,1268.408273183531,0.05187316528678652,0.42857142857142855,0,6.878358384533385
VST-CA,mixed,uniform,32,2,1,1268.2195743176374,0.05165058271370554,0.4,24,17.932551243244234
VST-NCA,N/A,uniform,32,2,1,1422.237737082211,0.058490547381743356,0.8,0,7.017134373278168
VST-CA,mixed,uniform,32,2,1,1419.796786581934,0.05756418200355072,0.6,22,21.317674951799745
VST-NCA,N/A,uniform,32,4,2,1846.685085493499,0.07594064757686064,1.0,0,11.631602092521462
VST-CA,mixed,uniform,32,4,2,1843.1010477273,0.07498538821213287,0.6,12,35.515439292092196
VST-NCA,N/A,uniform,32,4,2,1820.8483388909726,0.07461833570637609,0.6,0,13.3943941525622
VST-CA,mixed,uniform,32,4,2,1816.0816490032241,0.07387038794846139,0.6,9,33.73599761883361
VST-NCA,N/A,uniform,32,4,2,1829.8386873215138,0.07493605969519647,0.8333333333333334,0,14.695586078070846
VST-CA,mixed,uniform,32,4,2,1827.091247670912,0.07425545799715287,0.6,16,45.4397634307752
VST-NCA,N/A,uniform,32,4,2,1931.5902245435036,0.07906515319306075,0.6,0,15.553112412226255
VST-CA,mixed,uniform,32,4,2,1918.8168543277643,0.07795674471339009,0.6,13,51.24559373633201
VST-NCA,N/A,uniform,32,4,2,1750.7648970989967,0.0722463920968909,0.6,0,13.340527362099238
VST-CA,mixed,uniform,32,4,2,1749.0903261709443,0.07205468104554523,0.6,12,39.34503981506532
VST-NCA,N/A,uniform,32,4,2,1695.2290843491185,0.07001111814234759,0.8,0,12.627317808379303
VST-CA,mixed,uniform,32,4,2,1688.9454951941948,0.06909035578055545,0.6,11,35.481395161557884
VST-NCA,N/A,uniform,32,4,2,1801.8301591100578,0.07370438485471766,0.7142857142857143,0,12.192671991131647
VST-CA,mixed,uniform,32,4,2,1802.7825470519683,0.07303751604000823,0.6,15,42.837623144056124
VST-NCA,N/A,uniform,32,4,2,1933.644403852667,0.07942912953295074,0.6,0,14.496335087627813
VST-CA,mixed,uniform,32,4,2,1930.9257407914274,0.078608562287965,0.6,13,44.55111297435815
VST-NCA,N/A,uniform,32,4,2,1761.6826173042366,0.07221760797342229,0.6,0,14.461411046529065
VST-CA,mixed,uniform,32,4,2,1763.114417918251,0.07154348819631251,0.6,24,44.68529045338437
VST-NCA,N/A,uniform,32,4,2,1777.0596487537564,0.07296434723760331,0.6,0,13.250215536639189
VST-CA,mixed,uniform,32,4,2,1776.2044665508026,0.07230275185009444,0.6,22,44.21117221930126
VST-NCA,N/A,uniform,32,8,4,2394.7865819923404,0.09766112517358495,0.8,0,32.87510757094151
VST-CA,mixed,uniform,32,8,4,2391.7384029600366,0.09730077431489553,0.6,12,103.91964865159389
VST-NCA,N/A,uniform,32,8,4,2499.3465437729305,0.1028773137161856,0.8,0,52.36505945811132
VST-CA,mixed,uniform,32,8,4,2495.9574107662306,0.10219264708467535,0.6,9,113.10170171308164
VST-NCA,N/A,uniform,32,8,4,2443.028910560331,0.10074168556311534,1.0,0,47.29303429795891
VST-CA,mixed,uniform,32,8,4,2439.9354728556577,0.09948529153263541,0.6,18,174.1672323516541
VST-NCA,N/A,uniform,32,8,4,2494.135606736156,0.10293158607112222,0.8,0,42.66053216232922
VST-CA,mixed,uniform,32,8,4,2494.0754304564534,0.10146908892756244,0.6,13,136.55193169778158
VST-NCA,N/A,uniform,32,8,4,2487.840521653211,0.10233634797588431,0.8333333333333334,0,43.224854848311224
VST-CA,mixed,uniform,32,8,4,2484.6012586518127,0.10109170929353821,0.8,14,142.43359142464215
VST-NCA,N/A,uniform,32,8,4,2532.5621835052684,0.10361537379809943,1.0,0,39.115478688716394
VST-CA,mixed,uniform,32,8,4,2524.854452538027,0.10254508780256467,0.8,11,97.86616082665023
VST-NCA,N/A,uniform,32,8,4,2553.7770138015517,0.10512840795232947,0.8,0,36.845286537408356
VST-CA,mixed,uniform,32,8,4,2547.262498628458,0.10349595264462555,0.6,15,148.31610382391955
VST-NCA,N/A,uniform,32,8,4,2521.0575139483067,0.10375940427850873,1.0,0,37.61703994770323
VST-CA,mixed,uniform,32,8,4,2514.9996090153836,0.10221736627467708,0.6,13,119.33482235201791
VST-NCA,N/A,uniform,32,8,4,2431.3738373807228,0.10000373534426847,0.8333333333333334,0,35.28840973436036
VST-CA,mixed,uniform,32,8,4,2436.8788597241355,0.09886028054632877,0.6,24,135.72661901175252
VST-NCA,N/A,uniform,32,8,4,2477.5048482992675,0.10235172880521877,0.8,0,45.89492746757878
VST-CA,mixed,uniform,32,8,4,2478.1554472698153,0.1010204081632672,0.6666666666666666,22,156.54629340142037
VST-NCA,N/A,uniform,32,16,8,3585.3091136207427,0.1473014334932957,1.0,0,49.09692832656674
VST-CA,mixed,uniform,32,16,8,3557.2188057332132,0.1445729842324546,0.8,12,167.195471204147
VST-NCA,N/A,uniform,32,16,8,3578.2638704957008,0.14672805814832562,1.0,0,48.51277034847499
VST-CA,mixed,uniform,32,16,8,3640.9263681858592,0.14717300356835433,0.6,9,151.04935394274162
VST-NCA,N/A,uniform,32,16,8,3501.777268802862,0.14239692647084803,1.0,0,48.52983169193885
VST-CA,mixed,uniform,32,16,8,3475.8466172517396,0.1414222213433194,0.6666666666666666,18,171.50797288185913
VST-NCA,N/A,uniform,32,16,8,3700.3030619410115,0.15134878886955447,1.0,0,51.22754905629699
VST-CA,mixed,uniform,32,16,8,3688.3607193526227,0.149583069661975,0.6,13,186.7573412726606
VST-NCA,N/A,uniform,32,16,8,3380.245080103727,0.13846327936859676,1.0,0,47.62746386800609
VST-CA,mixed,uniform,32,16,8,3388.091478631368,0.13746165778973288,0.6666666666666666,14,148.08592293104448
VST-NCA,N/A,uniform,32,16,8,3584.7008992605965,0.1471801446676877,1.0,0,49.34534930357222
VST-CA,mixed,uniform,32,16,8,3582.030263522929,0.14552725482958248,0.8,11,124.65616261094692
VST-NCA,N/A,uniform,32,16,8,3614.1415185807987,0.14764277804145076,1.0,0,49.17286156863338
VST-CA,mixed,uniform,32,16,8,3589.438970752354,0.14608535920828478,0.7142857142857143,15,179.02059480217213
VST-NCA,N/A,uniform,32,16,8,3719.8807746626835,0.1523944655381541,1.2,0,52.17393056719993
VST-CA,mixed,uniform,32,16,8,3668.7672599690613,0.14854486368190856,0.8333333333333334,13,203.21377839675552
VST-NCA,N/A,uniform,32,16,8,3453.7582339538317,0.14184299688867935,0.8,0,55.490939566054294
VST-CA,mixed,uniform,32,16,8,3413.5644944105284,0.1383550642479233,0.8,24,241.1489263433141
VST-NCA,N/A,uniform,32,16,8,3559.39416786905,0.1451502047847577,1.2,0,66.33929769794304
VST-CA,mixed,uniform,32,16,8,3527.8810749437525,0.1429673355130184,0.6,22,218.27584110607495
VST-NCA,N/A,uniform,64,2,1,2625.6791979023433,0.10695389266817974,1.4,0,10.647134941726108
VST-CA,mixed,uniform,64,2,1,2603.992742090236,0.10561048708889412,0.6666666666666666,47,42.099661220616326
VST-NCA,N/A,uniform,64,2,1,2825.5596437429167,0.11690979363321714,0.8,0,12.111353885895369
VST-CA,mixed,uniform,64,2,1,2823.7826102818626,0.11484436797975205,0.6666666666666666,28,42.64345463387872
VST-NCA,N/A,uniform,64,2,1,2708.2613112194144,0.1116164812178119,0.8,0,11.726488742355286
VST-CA,mixed,uniform,64,2,1,2705.512203966734,0.11037327075533242,0.6,15,35.17794799645708
VST-NCA,N/A,uniform,64,2,1,2521.3707333358066,0.1036815113642367,0.8,0,11.098528666372658
VST-CA,mixed,uniform,64,2,1,2515.6926991419728,0.1017215542547785,0.5,22,36.15993450212591
VST-NCA,N/A,uniform,64,2,1,2663.9230739197656,0.10986823023783311,0.8333333333333334,0,11.026291127627701
VST-CA,mixed,uniform,64,2,1,2661.8240987959234,0.10798363919211279,0.8,31,38.603532195489606
VST-NCA,N/A,uniform,64,2,1,2712.1142538242234,0.11165811932008113,0.8,0,11.163420195389335
VST-CA,mixed,uniform,64,2,1,2707.516324681345,0.10942713002513867,0.6,19,33.72994680271586
VST-NCA,N/A,uniform,64,2,1,2726.051263527142,0.112456054773332,1.0,0,11.662725820026026
VST-CA,mixed,uniform,64,2,1,2723.3056746370007,0.10985614530049947,0.5,34,41.00462180030627
VST-NCA,N/A,uniform,64,2,1,2562.9773217029374,0.10610992458999238,0.8333333333333334,0,10.74225449745245
VST-CA,mixed,uniform,64,2,1,2562.1418843601673,0.10409119073986366,0.6,30,39.19043609457003
VST-NCA,N/A,uniform,64,2,1,2603.987965912428,0.10648049271388281,0.8,0,11.459843471451677
VST-CA,mixed,uniform,64,2,1,2601.5741990653437,0.10515642303433169,0.6,14,31.224727736958812
VST-NCA,N/A,uniform,64,2,1,2908.5932220199047,0.11914001388669322,1.2,0,11.537431134860526
VST-CA,mixed,uniform,64,2,1,2898.1601436810834,0.11760599588672879,0.6666666666666666,42,44.568322351229654
VST-NCA,N/A,uniform,64,4,2,3677.4569538414844,0.15101260788553272,1.2,0,23.13104035509059
VST-CA,mixed,uniform,64,4,2,3667.6925051787334,0.1486994410167189,0.6666666666666666,47,103.27081310210087
VST-NCA,N/A,uniform,64,4,2,3517.66779869716,0.14475195116806555,1.0,0,36.834392857763305
VST-CA,mixed,uniform,64,4,2,3508.421453984889,0.14234660918631184,0.6666666666666666,28,88.39961598160698
VST-NCA,N/A,uniform,64,4,2,3631.3997643108355,0.14910450614354406,1.0,0,23.889078766404054
VST-CA,mixed,uniform,64,4,2,3613.94843785588,0.1470180966443443,0.8,15,74.97165101065366
VST-NCA,N/A,uniform,64,4,2,3775.341865376097,0.1545282260190911,1.0,0,24.46830150812457
VST-CA,mixed,uniform,64,4,2,3748.245883804095,0.1515205048427659,0.6,22,89.3979457700334
VST-NCA,N/A,uniform,64,4,2,3512.4773044539374,0.14393577844574634,1.0,0,23.937696094919374
VST-CA,mixed,uniform,64,4,2,3501.6874927589693,0.14252634516339038,0.6,31,90.4937837812231
VST-NCA,N/A,uniform,64,4,2,3519.7698079562165,0.1438178953752057,1.4,0,21.608596122236122
VST-CA,mixed,uniform,64,4,2,3488.908694817397,0.14169017736293651,0.8,19,76.06713611020314
VST-NCA,N/A,uniform,64,4,2,3544.6636458054622,0.1452555634656981,0.8,0,22.98814232681616
VST-CA,mixed,uniform,64,4,2,3541.251380298145,0.14313938107542956,0.6666666666666666,34,96.08651072235625
VST-NCA,N/A,uniform,64,4,2,3718.6404831279215,0.1525744212413662,1.0,0,24.29534401384626
VST-CA,mixed,uniform,64,4,2,3710.272536272647,0.15023719436095018,0.7142857142857143,30,98.45042617830586
VST-NCA,N/A,uniform,64,4,2,3626.271140187681,0.14846477350630313,1.0,0,25.539793353260393
VST-CA,mixed,uniform,64,4,2,3615.019975559594,0.14593111146267454,0.6,14,79.41979431646541
VST-NCA,N/A,uniform,64,4,2,3550.205520994265,0.14538816818717282,1.0,0,25.62947870134849
VST-CA,mixed,uniform,64,4,2,3553.723663959051,0.14396049763574856,0.6666666666666666,42,104.85518543256512
VST-NCA,N/A,uniform,64,8,4,4900.943221123115,0.19937476928756115,1.1666666666666667,0,64.25518037969232
VST-CA,mixed,uniform,64,8,4,4884.482904880351,0.19704534268487947,0.8,47,301.1467465020687
VST-NCA,N/A,uniform,64,8,4,4917.029464312417,0.20026081492028455,1.2,0,77.51181819760859
VST-CA,mixed,uniform,64,8,4,4900.5939172994995,0.1980644324913449,0.8571428571428571,28,365.68287612722634
VST-NCA,N/A,uniform,64,8,4,4998.728649404004,0.20565805779676297,1.0,0,109.79577942943615
VST-CA,mixed,uniform,64,8,4,4972.920884085969,0.20163344407530645,0.8333333333333334,15,351.76455227592487
VST-NCA,N/A,uniform,64,8,4,5040.10776444628,0.20655124452882034,1.0,0,107.37285588415034
VST-CA,mixed,uniform,64,8,4,5017.218300704244,0.20355330116542886,0.8,22,360.56195296722217
VST-NCA,N/A,uniform,64,8,4,5024.472752836197,0.20640677459614476,1.0,0,95.2341781895866
VST-CA,mixed,uniform,64,8,4,5002.8043850665235,0.20265473114310534,0.8,31,405.75001026364953
VST-NCA,N/A,uniform,64,8,4,4966.83309499751,0.20238787375415387,1.2,0,95.68104840810702
VST-CA,mixed,uniform,64,8,4,4947.37679361217,0.20044044103429604,0.8,19,322.525002644863
VST-NCA,N/A,uniform,64,8,4,4925.860569406728,0.2014729341348952,1.2,0,69.3224925509603
VST-CA,mixed,uniform,64,8,4,4904.249756980373,0.19900837596020532,0.8,34,302.15289640187984
VST-NCA,N/A,uniform,64,8,4,5063.747245397328,0.20719218565979425,1.4,0,66.43117433519183
VST-CA,mixed,uniform,64,8,4,5037.8250950540605,0.20409624444093083,0.8,30,296.4122868516333
VST-NCA,N/A,uniform,64,8,4,4855.599198153978,0.19897321977886817,1.2,0,66.46296401564359
VST-CA,mixed,uniform,64,8,4,4838.045228051568,0.19627915765789627,0.8,14,233.26510453921765
VST-NCA,N/A,uniform,64,8,4,4828.33842176579,0.19718596741022035,1.1666666666666667,0,84.12316260936677
VST-CA,mixed,uniform,64,8,4,4827.7642807384245,0.19530599061330098,0.8333333333333334,42,325.9570114937087
VST-NCA,N/A,uniform,64,16,8,7294.718936410229,0.29540827312837137,1.4,0,105.83743958263221
VST-CA,mixed,uniform,64,16,8,7334.76640370642,0.29205030849548985,1.0,47,488.9482392314585
VST-NCA,N/A,uniform,64,16,8,7365.123173086286,0.29759136212624343,1.4,0,101.42069435957092
VST-CA,mixed,uniform,64,16,8,7391.332210693239,0.29589276925240127,1.2,28,401.56951214505534
VST-NCA,N/A,uniform,64,16,8,7138.329643382743,0.2878612297632218,1.4,0,100.4427623902011
VST-CA,mixed,uniform,64,16,8,7035.277483915284,0.28377278560002706,1.0,15,338.94241895269806
VST-NCA,N/A,uniform,64,16,8,7391.722787859399,0.2974041554606322,1.4,0,101.29974751422196
VST-CA,mixed,uniform,64,16,8,7317.64174829253,0.293745495614266,1.0,22,397.63410287018996
VST-NCA,N/A,uniform,64,16,8,7090.989933071114,0.2859452178804324,1.6,0,105.76936711179587
VST-CA,mixed,uniform,64,16,8,7081.4619665287,0.2847760551248913,1.0,31,450.9530840687621
VST-NCA,N/A,uniform,64,16,8,7252.442392187676,0.29337844310850686,1.6,0,103.39109044170254
VST-CA,mixed,uniform,64,16,8,7124.658778334012,0.28622602787885015,1.0,19,420.1422573396958
VST-NCA,N/A,uniform,64,16,8,7262.864807757052,0.29242988539084735,1.4,0,143.6003488851311
VST-CA,mixed,uniform,64,16,8,7226.170680278453,0.2899355543250881,1.2,34,581.0420529351686
VST-NCA,N/A,uniform,64,16,8,7392.823363625082,0.29896970416073115,1.4,0,111.39662925961238
VST-CA,mixed,uniform,64,16,8,7413.797444761357,0.29768331751304944,1.2,30,484.91506277406006
VST-NCA,N/A,uniform,64,16,8,7216.562604963711,0.29285077079927313,1.4,0,115.08623518284367
VST-CA,mixed,uniform,64,16,8,7148.239460530085,0.2875450438573356,0.8571428571428571,14,404.1517942438295
VST-NCA,N/A,uniform,64,16,8,7188.653241024959,0.29076655856140754,1.4,0,117.49578006104275
VST-CA,mixed,uniform,64,16,8,7100.163098034781,0.2853940348749303,1.0,28,462.75410427551833
